nohup: 忽略输入
Please cite the following paper when using nnU-Net:
Isensee, F., Jaeger, P. F., Kohl, S. A., Petersen, J., & Maier-Hein, K. H. (2021). nnU-Net: a self-configuring method for deep learning-based biomedical image segmentation. Nature methods, 18(2), 203-211.
#######################################################################

2026-05-29 22:08:23.155838: Using torch.compile...
2026-05-29 22:08:24.571923: do_dummy_2d_data_aug: False
2026-05-29 22:08:24.572940: Creating new 5-fold cross-validation split...
2026-05-29 22:08:24.575647: Desired fold for training: 1
2026-05-29 22:08:24.575705: This split has 248 training and 62 validation cases.
using pin_memory on device 0
using pin_memory on device 0

This is the configuration used by this training:
Configuration name: 2d
 {'data_identifier': 'nnUNetPlans_2d', 'preprocessor_name': 'DefaultPreprocessor', 'batch_size': 2, 'patch_size': [1280, 1024], 'median_image_size_in_voxels': [3307.0, 2976.0], 'spacing': [1.0, 1.0], 'normalization_schemes': ['ZScoreNormalization'], 'use_mask_for_norm': [False], 'resampling_fn_data': 'resample_data_or_seg_to_shape', 'resampling_fn_seg': 'resample_data_or_seg_to_shape', 'resampling_fn_data_kwargs': {'is_seg': False, 'order': 3, 'order_z': 0, 'force_separate_z': None}, 'resampling_fn_seg_kwargs': {'is_seg': True, 'order': 1, 'order_z': 0, 'force_separate_z': None}, 'resampling_fn_probabilities': 'resample_data_or_seg_to_shape', 'resampling_fn_probabilities_kwargs': {'is_seg': False, 'order': 1, 'order_z': 0, 'force_separate_z': None}, 'architecture': {'network_class_name': 'dynamic_network_architectures.architectures.unet.PlainConvUNet', 'arch_kwargs': {'n_stages': 9, 'features_per_stage': [32, 64, 128, 256, 512, 512, 512, 512, 512], 'conv_op': 'torch.nn.modules.conv.Conv2d', 'kernel_sizes': [[3, 3], [3, 3], [3, 3], [3, 3], [3, 3], [3, 3], [3, 3], [3, 3], [3, 3]], 'strides': [[1, 1], [2, 2], [2, 2], [2, 2], [2, 2], [2, 2], [2, 2], [2, 2], [2, 2]], 'n_conv_per_stage': [2, 2, 2, 2, 2, 2, 2, 2, 2], 'n_conv_per_stage_decoder': [2, 2, 2, 2, 2, 2, 2, 2], 'conv_bias': True, 'norm_op': 'torch.nn.modules.instancenorm.InstanceNorm2d', 'norm_op_kwargs': {'eps': 1e-05, 'affine': True}, 'dropout_op': None, 'dropout_op_kwargs': None, 'nonlin': 'torch.nn.LeakyReLU', 'nonlin_kwargs': {'inplace': True}}, '_kw_requires_import': ['conv_op', 'norm_op', 'dropout_op', 'nonlin']}, 'batch_dice': True} 

These are the global plan.json settings:
 {'dataset_name': 'Dataset101_ChaHu', 'plans_name': 'nnUNetPlans', 'original_median_spacing_after_transp': [999.0, 1.0, 1.0], 'original_median_shape_after_transp': [1, 3307, 2976], 'image_reader_writer': 'SimpleITKIO', 'transpose_forward': [0, 1, 2], 'transpose_backward': [0, 1, 2], 'experiment_planner_used': 'ExperimentPlanner', 'label_manager': 'LabelManager', 'foreground_intensity_properties_per_channel': {'0': {'max': 255.0, 'mean': 82.52886199951172, 'median': 69.0, 'min': 0.0, 'percentile_00_5': 18.0, 'percentile_99_5': 232.0, 'std': 47.05125045776367}}} 

2026-05-29 22:08:25.215022: Unable to plot network architecture: nnUNet_compile is enabled!
2026-05-29 22:08:25.226567: 
2026-05-29 22:08:25.227106: Epoch 0
2026-05-29 22:08:25.227477: Current learning rate: 0.01
2026-05-29 22:09:10.537449: train_loss 0.0952
2026-05-29 22:09:10.537866: val_loss 0.1225
2026-05-29 22:09:10.537984: Pseudo dice [np.float32(0.6022)]
2026-05-29 22:09:10.538131: Epoch time: 45.31 s
2026-05-29 22:09:10.538236: Yayy! New best EMA pseudo Dice: 0.6021999716758728
2026-05-29 22:09:12.410219: 
2026-05-29 22:09:12.410536: Epoch 1
2026-05-29 22:09:12.410667: Current learning rate: 0.00999
2026-05-29 22:09:44.524351: train_loss -0.0082
2026-05-29 22:09:44.524683: val_loss 0.0014
2026-05-29 22:09:44.524790: Pseudo dice [np.float32(0.6929)]
2026-05-29 22:09:44.525040: Epoch time: 32.12 s
2026-05-29 22:09:44.525144: Yayy! New best EMA pseudo Dice: 0.611299991607666
2026-05-29 22:09:49.420734: 
2026-05-29 22:09:49.420999: Epoch 2
2026-05-29 22:09:49.421125: Current learning rate: 0.00998
2026-05-29 22:10:21.549613: train_loss 0.0156
2026-05-29 22:10:21.549897: val_loss 0.0439
2026-05-29 22:10:21.550113: Pseudo dice [np.float32(0.6383)]
2026-05-29 22:10:21.550239: Epoch time: 32.13 s
2026-05-29 22:10:21.550324: Yayy! New best EMA pseudo Dice: 0.6140000224113464
2026-05-29 22:10:26.391250: 
2026-05-29 22:10:26.391493: Epoch 3
2026-05-29 22:10:26.391627: Current learning rate: 0.00997
2026-05-29 22:10:58.556947: train_loss -0.0658
2026-05-29 22:10:58.557257: val_loss 0.015
2026-05-29 22:10:58.557352: Pseudo dice [np.float32(0.6467)]
2026-05-29 22:10:58.557476: Epoch time: 32.17 s
2026-05-29 22:10:58.557566: Yayy! New best EMA pseudo Dice: 0.6172999739646912
2026-05-29 22:11:03.498297: 
2026-05-29 22:11:03.498586: Epoch 4
2026-05-29 22:11:03.498712: Current learning rate: 0.00996
2026-05-29 22:11:35.700282: train_loss -0.0781
2026-05-29 22:11:35.700620: val_loss -0.1008
2026-05-29 22:11:35.700750: Pseudo dice [np.float32(0.7148)]
2026-05-29 22:11:35.700893: Epoch time: 32.2 s
2026-05-29 22:11:35.701028: Yayy! New best EMA pseudo Dice: 0.6269999742507935
2026-05-29 22:11:39.414015: 
2026-05-29 22:11:39.414439: Epoch 5
2026-05-29 22:11:39.414663: Current learning rate: 0.00995
2026-05-29 22:12:12.070596: train_loss -0.1327
2026-05-29 22:12:12.070882: val_loss 0.0324
2026-05-29 22:12:12.070979: Pseudo dice [np.float32(0.6591)]
2026-05-29 22:12:12.071091: Epoch time: 32.66 s
2026-05-29 22:12:12.071174: Yayy! New best EMA pseudo Dice: 0.6302000284194946
2026-05-29 22:12:15.193369: 
2026-05-29 22:12:15.193625: Epoch 6
2026-05-29 22:12:15.193749: Current learning rate: 0.00995
2026-05-29 22:12:47.381674: train_loss -0.0508
2026-05-29 22:12:47.382131: val_loss -0.0892
2026-05-29 22:12:47.382324: Pseudo dice [np.float32(0.7242)]
2026-05-29 22:12:47.382607: Epoch time: 32.19 s
2026-05-29 22:12:47.382738: Yayy! New best EMA pseudo Dice: 0.6395999789237976
2026-05-29 22:12:50.643358: 
2026-05-29 22:12:50.643620: Epoch 7
2026-05-29 22:12:50.643745: Current learning rate: 0.00994
2026-05-29 22:13:22.819077: train_loss -0.0831
2026-05-29 22:13:22.819340: val_loss -0.0525
2026-05-29 22:13:22.819604: Pseudo dice [np.float32(0.7024)]
2026-05-29 22:13:22.819873: Epoch time: 32.18 s
2026-05-29 22:13:22.820047: Yayy! New best EMA pseudo Dice: 0.6459000110626221
2026-05-29 22:13:26.321031: 
2026-05-29 22:13:26.321303: Epoch 8
2026-05-29 22:13:26.321448: Current learning rate: 0.00993
2026-05-29 22:13:58.519577: train_loss -0.0543
2026-05-29 22:13:58.519930: val_loss -0.0496
2026-05-29 22:13:58.520034: Pseudo dice [np.float32(0.7013)]
2026-05-29 22:13:58.520183: Epoch time: 32.2 s
2026-05-29 22:13:58.520278: Yayy! New best EMA pseudo Dice: 0.6514999866485596
2026-05-29 22:14:01.643690: 
2026-05-29 22:14:01.643986: Epoch 9
2026-05-29 22:14:01.644113: Current learning rate: 0.00992
2026-05-29 22:14:33.732046: train_loss -0.1197
2026-05-29 22:14:33.732390: val_loss -0.2309
2026-05-29 22:14:33.732486: Pseudo dice [np.float32(0.7619)]
2026-05-29 22:14:33.732615: Epoch time: 32.09 s
2026-05-29 22:14:33.732707: Yayy! New best EMA pseudo Dice: 0.6625000238418579
2026-05-29 22:14:36.623487: 
2026-05-29 22:14:36.623837: Epoch 10
2026-05-29 22:14:36.623990: Current learning rate: 0.00991
2026-05-29 22:15:08.617800: train_loss -0.2049
2026-05-29 22:15:08.618110: val_loss -0.1549
2026-05-29 22:15:08.618332: Pseudo dice [np.float32(0.7069)]
2026-05-29 22:15:08.618625: Epoch time: 32.0 s
2026-05-29 22:15:08.618792: Yayy! New best EMA pseudo Dice: 0.6668999791145325
2026-05-29 22:15:11.643928: 
2026-05-29 22:15:11.644231: Epoch 11
2026-05-29 22:15:11.644415: Current learning rate: 0.0099
2026-05-29 22:15:43.658516: train_loss -0.1538
2026-05-29 22:15:43.659091: val_loss -0.0364
2026-05-29 22:15:43.659228: Pseudo dice [np.float32(0.7076)]
2026-05-29 22:15:43.659339: Epoch time: 32.02 s
2026-05-29 22:15:43.659418: Yayy! New best EMA pseudo Dice: 0.6710000038146973
2026-05-29 22:15:46.590497: 
2026-05-29 22:15:46.590787: Epoch 12
2026-05-29 22:15:46.590944: Current learning rate: 0.00989
2026-05-29 22:16:18.697426: train_loss -0.1974
2026-05-29 22:16:18.697799: val_loss -0.2973
2026-05-29 22:16:18.697971: Pseudo dice [np.float32(0.8045)]
2026-05-29 22:16:18.698107: Epoch time: 32.11 s
2026-05-29 22:16:18.698213: Yayy! New best EMA pseudo Dice: 0.6844000220298767
2026-05-29 22:16:21.620522: 
2026-05-29 22:16:21.620855: Epoch 13
2026-05-29 22:16:21.620994: Current learning rate: 0.00988
2026-05-29 22:16:53.616946: train_loss -0.2088
2026-05-29 22:16:53.617340: val_loss -0.2951
2026-05-29 22:16:53.617426: Pseudo dice [np.float32(0.7926)]
2026-05-29 22:16:53.617536: Epoch time: 32.0 s
2026-05-29 22:16:53.617619: Yayy! New best EMA pseudo Dice: 0.6952000260353088
2026-05-29 22:16:56.494181: 
2026-05-29 22:16:56.494460: Epoch 14
2026-05-29 22:16:56.494629: Current learning rate: 0.00987
2026-05-29 22:17:28.474504: train_loss -0.1645
2026-05-29 22:17:28.474830: val_loss -0.1317
2026-05-29 22:17:28.474936: Pseudo dice [np.float32(0.7206)]
2026-05-29 22:17:28.475061: Epoch time: 31.98 s
2026-05-29 22:17:28.475140: Yayy! New best EMA pseudo Dice: 0.697700023651123
2026-05-29 22:17:31.389805: 
2026-05-29 22:17:31.390063: Epoch 15
2026-05-29 22:17:31.390245: Current learning rate: 0.00986
2026-05-29 22:18:03.423831: train_loss -0.2917
2026-05-29 22:18:03.424143: val_loss -0.4622
2026-05-29 22:18:03.424228: Pseudo dice [np.float32(0.8502)]
2026-05-29 22:18:03.424341: Epoch time: 32.04 s
2026-05-29 22:18:03.424421: Yayy! New best EMA pseudo Dice: 0.7129999995231628
2026-05-29 22:18:06.292525: 
2026-05-29 22:18:06.292803: Epoch 16
2026-05-29 22:18:06.292930: Current learning rate: 0.00986
2026-05-29 22:18:38.304865: train_loss -0.2737
2026-05-29 22:18:38.305280: val_loss -0.2031
2026-05-29 22:18:38.305388: Pseudo dice [np.float32(0.7404)]
2026-05-29 22:18:38.305525: Epoch time: 32.01 s
2026-05-29 22:18:38.305621: Yayy! New best EMA pseudo Dice: 0.7156999707221985
2026-05-29 22:18:41.327028: 
2026-05-29 22:18:41.327323: Epoch 17
2026-05-29 22:18:41.327466: Current learning rate: 0.00985
2026-05-29 22:19:13.362348: train_loss -0.2544
2026-05-29 22:19:13.362638: val_loss -0.3165
2026-05-29 22:19:13.362765: Pseudo dice [np.float32(0.7621)]
2026-05-29 22:19:13.362881: Epoch time: 32.04 s
2026-05-29 22:19:13.362984: Yayy! New best EMA pseudo Dice: 0.7203999757766724
2026-05-29 22:19:16.670730: 
2026-05-29 22:19:16.670993: Epoch 18
2026-05-29 22:19:16.671160: Current learning rate: 0.00984
2026-05-29 22:19:48.712834: train_loss -0.2449
2026-05-29 22:19:48.713178: val_loss -0.1803
2026-05-29 22:19:48.713286: Pseudo dice [np.float32(0.7398)]
2026-05-29 22:19:48.713416: Epoch time: 32.04 s
2026-05-29 22:19:48.713546: Yayy! New best EMA pseudo Dice: 0.7222999930381775
2026-05-29 22:19:51.470984: 
2026-05-29 22:19:51.471281: Epoch 19
2026-05-29 22:19:51.471402: Current learning rate: 0.00983
2026-05-29 22:20:23.464567: train_loss -0.3157
2026-05-29 22:20:23.464875: val_loss -0.2429
2026-05-29 22:20:23.464961: Pseudo dice [np.float32(0.7633)]
2026-05-29 22:20:23.465099: Epoch time: 32.0 s
2026-05-29 22:20:23.465185: Yayy! New best EMA pseudo Dice: 0.7264000177383423
2026-05-29 22:20:26.372072: 
2026-05-29 22:20:26.372334: Epoch 20
2026-05-29 22:20:26.372489: Current learning rate: 0.00982
2026-05-29 22:20:58.469017: train_loss -0.2832
2026-05-29 22:20:58.469307: val_loss -0.2174
2026-05-29 22:20:58.469409: Pseudo dice [np.float32(0.7397)]
2026-05-29 22:20:58.469524: Epoch time: 32.1 s
2026-05-29 22:20:58.469606: Yayy! New best EMA pseudo Dice: 0.7276999950408936
2026-05-29 22:21:01.545624: 
2026-05-29 22:21:01.545900: Epoch 21
2026-05-29 22:21:01.546018: Current learning rate: 0.00981
2026-05-29 22:21:33.756451: train_loss -0.295
2026-05-29 22:21:33.756707: val_loss -0.3488
2026-05-29 22:21:33.756875: Pseudo dice [np.float32(0.7789)]
2026-05-29 22:21:33.757007: Epoch time: 32.21 s
2026-05-29 22:21:33.757169: Yayy! New best EMA pseudo Dice: 0.7328000068664551
2026-05-29 22:21:36.765744: 
2026-05-29 22:21:36.766014: Epoch 22
2026-05-29 22:21:36.766136: Current learning rate: 0.0098
2026-05-29 22:22:08.795501: train_loss -0.3881
2026-05-29 22:22:08.795751: val_loss -0.3672
2026-05-29 22:22:08.795836: Pseudo dice [np.float32(0.7885)]
2026-05-29 22:22:08.795957: Epoch time: 32.03 s
2026-05-29 22:22:08.796036: Yayy! New best EMA pseudo Dice: 0.7383999824523926
2026-05-29 22:22:11.667187: 
2026-05-29 22:22:11.667431: Epoch 23
2026-05-29 22:22:11.667589: Current learning rate: 0.00979
2026-05-29 22:22:43.679286: train_loss -0.3324
2026-05-29 22:22:43.679636: val_loss -0.3512
2026-05-29 22:22:43.682784: Pseudo dice [np.float32(0.8177)]
2026-05-29 22:22:43.682925: Epoch time: 32.01 s
2026-05-29 22:22:43.683025: Yayy! New best EMA pseudo Dice: 0.7462999820709229
2026-05-29 22:22:46.722500: 
2026-05-29 22:22:46.722766: Epoch 24
2026-05-29 22:22:46.722930: Current learning rate: 0.00978
2026-05-29 22:23:18.745023: train_loss -0.376
2026-05-29 22:23:18.745373: val_loss -0.3921
2026-05-29 22:23:18.745538: Pseudo dice [np.float32(0.8209)]
2026-05-29 22:23:18.745667: Epoch time: 32.02 s
2026-05-29 22:23:18.745749: Yayy! New best EMA pseudo Dice: 0.7537999749183655
2026-05-29 22:23:21.607223: 
2026-05-29 22:23:21.607491: Epoch 25
2026-05-29 22:23:21.607613: Current learning rate: 0.00977
2026-05-29 22:23:53.619788: train_loss -0.384
2026-05-29 22:23:53.620088: val_loss -0.3523
2026-05-29 22:23:53.620176: Pseudo dice [np.float32(0.8096)]
2026-05-29 22:23:53.620294: Epoch time: 32.01 s
2026-05-29 22:23:53.620376: Yayy! New best EMA pseudo Dice: 0.7594000101089478
2026-05-29 22:23:56.636595: 
2026-05-29 22:23:56.636828: Epoch 26
2026-05-29 22:23:56.637022: Current learning rate: 0.00977
2026-05-29 22:24:28.636199: train_loss -0.4144
2026-05-29 22:24:28.636472: val_loss -0.4254
2026-05-29 22:24:28.636556: Pseudo dice [np.float32(0.8344)]
2026-05-29 22:24:28.636677: Epoch time: 32.0 s
2026-05-29 22:24:28.636840: Yayy! New best EMA pseudo Dice: 0.7669000029563904
2026-05-29 22:24:31.486429: 
2026-05-29 22:24:31.486715: Epoch 27
2026-05-29 22:24:31.486845: Current learning rate: 0.00976
2026-05-29 22:25:03.540896: train_loss -0.3989
2026-05-29 22:25:03.541266: val_loss -0.4395
2026-05-29 22:25:03.541365: Pseudo dice [np.float32(0.8364)]
2026-05-29 22:25:03.541480: Epoch time: 32.06 s
2026-05-29 22:25:03.541569: Yayy! New best EMA pseudo Dice: 0.7738000154495239
2026-05-29 22:25:06.972291: 
2026-05-29 22:25:06.972629: Epoch 28
2026-05-29 22:25:06.972775: Current learning rate: 0.00975
2026-05-29 22:25:38.957393: train_loss -0.382
2026-05-29 22:25:38.957657: val_loss -0.3853
2026-05-29 22:25:38.957744: Pseudo dice [np.float32(0.8218)]
2026-05-29 22:25:38.957854: Epoch time: 31.99 s
2026-05-29 22:25:38.957931: Yayy! New best EMA pseudo Dice: 0.7785999774932861
2026-05-29 22:25:41.809220: 
2026-05-29 22:25:41.809549: Epoch 29
2026-05-29 22:25:41.809681: Current learning rate: 0.00974
2026-05-29 22:26:13.917519: train_loss -0.3773
2026-05-29 22:26:13.917876: val_loss -0.3375
2026-05-29 22:26:13.917982: Pseudo dice [np.float32(0.7906)]
2026-05-29 22:26:13.918119: Epoch time: 32.11 s
2026-05-29 22:26:13.918229: Yayy! New best EMA pseudo Dice: 0.7797999978065491
2026-05-29 22:26:16.961628: 
2026-05-29 22:26:16.961918: Epoch 30
2026-05-29 22:26:16.962076: Current learning rate: 0.00973
2026-05-29 22:26:49.068740: train_loss -0.4225
2026-05-29 22:26:49.069077: val_loss -0.4419
2026-05-29 22:26:49.069173: Pseudo dice [np.float32(0.82)]
2026-05-29 22:26:49.069383: Epoch time: 32.11 s
2026-05-29 22:26:49.069470: Yayy! New best EMA pseudo Dice: 0.7838000059127808
2026-05-29 22:26:52.193534: 
2026-05-29 22:26:52.193863: Epoch 31
2026-05-29 22:26:52.194008: Current learning rate: 0.00972
2026-05-29 22:27:24.279799: train_loss -0.4499
2026-05-29 22:27:24.280119: val_loss -0.4146
2026-05-29 22:27:24.280234: Pseudo dice [np.float32(0.8196)]
2026-05-29 22:27:24.280420: Epoch time: 32.09 s
2026-05-29 22:27:24.280513: Yayy! New best EMA pseudo Dice: 0.7874000072479248
2026-05-29 22:27:27.153993: 
2026-05-29 22:27:27.154311: Epoch 32
2026-05-29 22:27:27.154473: Current learning rate: 0.00971
2026-05-29 22:27:59.202933: train_loss -0.45
2026-05-29 22:27:59.203329: val_loss -0.4806
2026-05-29 22:27:59.203417: Pseudo dice [np.float32(0.8368)]
2026-05-29 22:27:59.203537: Epoch time: 32.05 s
2026-05-29 22:27:59.203614: Yayy! New best EMA pseudo Dice: 0.7924000024795532
2026-05-29 22:28:02.106915: 
2026-05-29 22:28:02.107217: Epoch 33
2026-05-29 22:28:02.107349: Current learning rate: 0.0097
2026-05-29 22:28:34.169497: train_loss -0.3781
2026-05-29 22:28:34.169811: val_loss -0.3344
2026-05-29 22:28:34.169908: Pseudo dice [np.float32(0.8003)]
2026-05-29 22:28:34.170015: Epoch time: 32.06 s
2026-05-29 22:28:34.170093: Yayy! New best EMA pseudo Dice: 0.7932000160217285
2026-05-29 22:28:37.098670: 
2026-05-29 22:28:37.098963: Epoch 34
2026-05-29 22:28:37.099106: Current learning rate: 0.00969
2026-05-29 22:29:09.309087: train_loss -0.422
2026-05-29 22:29:09.309387: val_loss -0.5201
2026-05-29 22:29:09.309788: Pseudo dice [np.float32(0.8583)]
2026-05-29 22:29:09.310055: Epoch time: 32.21 s
2026-05-29 22:29:09.310142: Yayy! New best EMA pseudo Dice: 0.7997000217437744
2026-05-29 22:29:12.191558: 
2026-05-29 22:29:12.191887: Epoch 35
2026-05-29 22:29:12.192011: Current learning rate: 0.00968
2026-05-29 22:29:44.378113: train_loss -0.408
2026-05-29 22:29:44.378367: val_loss -0.3256
2026-05-29 22:29:44.378459: Pseudo dice [np.float32(0.8)]
2026-05-29 22:29:44.378575: Epoch time: 32.19 s
2026-05-29 22:29:44.378659: Yayy! New best EMA pseudo Dice: 0.7997000217437744
2026-05-29 22:29:47.333194: 
2026-05-29 22:29:47.333477: Epoch 36
2026-05-29 22:29:47.333639: Current learning rate: 0.00968
2026-05-29 22:30:19.455714: train_loss -0.4659
2026-05-29 22:30:19.456126: val_loss -0.5146
2026-05-29 22:30:19.456238: Pseudo dice [np.float32(0.8692)]
2026-05-29 22:30:19.456352: Epoch time: 32.12 s
2026-05-29 22:30:19.456432: Yayy! New best EMA pseudo Dice: 0.8065999746322632
2026-05-29 22:30:22.373095: 
2026-05-29 22:30:22.373341: Epoch 37
2026-05-29 22:30:22.373481: Current learning rate: 0.00967
2026-05-29 22:30:54.555407: train_loss -0.4712
2026-05-29 22:30:54.555709: val_loss -0.4425
2026-05-29 22:30:54.555795: Pseudo dice [np.float32(0.8449)]
2026-05-29 22:30:54.555916: Epoch time: 32.18 s
2026-05-29 22:30:54.556007: Yayy! New best EMA pseudo Dice: 0.8105000257492065
2026-05-29 22:30:57.453012: 
2026-05-29 22:30:57.453293: Epoch 38
2026-05-29 22:30:57.453457: Current learning rate: 0.00966
2026-05-29 22:31:29.462436: train_loss -0.4925
2026-05-29 22:31:29.462774: val_loss -0.6042
2026-05-29 22:31:29.462879: Pseudo dice [np.float32(0.8889)]
2026-05-29 22:31:29.463008: Epoch time: 32.01 s
2026-05-29 22:31:29.463166: Yayy! New best EMA pseudo Dice: 0.8183000087738037
2026-05-29 22:31:32.802970: 
2026-05-29 22:31:32.803262: Epoch 39
2026-05-29 22:31:32.803386: Current learning rate: 0.00965
2026-05-29 22:32:05.167078: train_loss -0.5155
2026-05-29 22:32:05.167445: val_loss -0.3796
2026-05-29 22:32:05.167545: Pseudo dice [np.float32(0.819)]
2026-05-29 22:32:05.167671: Epoch time: 32.37 s
2026-05-29 22:32:05.167752: Yayy! New best EMA pseudo Dice: 0.8184000253677368
2026-05-29 22:32:07.950190: 
2026-05-29 22:32:07.950479: Epoch 40
2026-05-29 22:32:07.950624: Current learning rate: 0.00964
2026-05-29 22:32:40.121523: train_loss -0.4785
2026-05-29 22:32:40.121850: val_loss -0.4561
2026-05-29 22:32:40.121948: Pseudo dice [np.float32(0.8509)]
2026-05-29 22:32:40.122091: Epoch time: 32.17 s
2026-05-29 22:32:40.122173: Yayy! New best EMA pseudo Dice: 0.8216000199317932
2026-05-29 22:32:43.061116: 
2026-05-29 22:32:43.061390: Epoch 41
2026-05-29 22:32:43.061532: Current learning rate: 0.00963
2026-05-29 22:33:15.097161: train_loss -0.4489
2026-05-29 22:33:15.097492: val_loss -0.4623
2026-05-29 22:33:15.097585: Pseudo dice [np.float32(0.8399)]
2026-05-29 22:33:15.097701: Epoch time: 32.04 s
2026-05-29 22:33:15.097781: Yayy! New best EMA pseudo Dice: 0.8234999775886536
2026-05-29 22:33:17.939799: 
2026-05-29 22:33:17.940063: Epoch 42
2026-05-29 22:33:17.940188: Current learning rate: 0.00962
2026-05-29 22:33:50.023687: train_loss -0.4883
2026-05-29 22:33:50.024026: val_loss -0.4818
2026-05-29 22:33:50.024121: Pseudo dice [np.float32(0.8407)]
2026-05-29 22:33:50.024260: Epoch time: 32.09 s
2026-05-29 22:33:50.024341: Yayy! New best EMA pseudo Dice: 0.8252000212669373
2026-05-29 22:33:52.936366: 
2026-05-29 22:33:52.936661: Epoch 43
2026-05-29 22:33:52.936792: Current learning rate: 0.00961
2026-05-29 22:34:25.069173: train_loss -0.3861
2026-05-29 22:34:25.069452: val_loss -0.4603
2026-05-29 22:34:25.069538: Pseudo dice [np.float32(0.8455)]
2026-05-29 22:34:25.069650: Epoch time: 32.13 s
2026-05-29 22:34:25.069734: Yayy! New best EMA pseudo Dice: 0.8271999955177307
2026-05-29 22:34:27.958561: 
2026-05-29 22:34:27.958850: Epoch 44
2026-05-29 22:34:27.958969: Current learning rate: 0.0096
2026-05-29 22:35:00.069191: train_loss -0.4839
2026-05-29 22:35:00.069561: val_loss -0.4815
2026-05-29 22:35:00.069651: Pseudo dice [np.float32(0.8457)]
2026-05-29 22:35:00.069765: Epoch time: 32.11 s
2026-05-29 22:35:00.069848: Yayy! New best EMA pseudo Dice: 0.8291000127792358
2026-05-29 22:35:02.994130: 
2026-05-29 22:35:02.994451: Epoch 45
2026-05-29 22:35:02.994611: Current learning rate: 0.00959
2026-05-29 22:35:35.313546: train_loss -0.5224
2026-05-29 22:35:35.313903: val_loss -0.4823
2026-05-29 22:35:35.314021: Pseudo dice [np.float32(0.837)]
2026-05-29 22:35:35.314149: Epoch time: 32.32 s
2026-05-29 22:35:35.314229: Yayy! New best EMA pseudo Dice: 0.8299000263214111
2026-05-29 22:35:38.233386: 
2026-05-29 22:35:38.233685: Epoch 46
2026-05-29 22:35:38.233825: Current learning rate: 0.00959
2026-05-29 22:36:10.343598: train_loss -0.5096
2026-05-29 22:36:10.344002: val_loss -0.5366
2026-05-29 22:36:10.344099: Pseudo dice [np.float32(0.8448)]
2026-05-29 22:36:10.344231: Epoch time: 32.11 s
2026-05-29 22:36:10.344341: Yayy! New best EMA pseudo Dice: 0.8313999772071838
2026-05-29 22:36:13.198931: 
2026-05-29 22:36:13.199172: Epoch 47
2026-05-29 22:36:13.199303: Current learning rate: 0.00958
2026-05-29 22:36:45.323189: train_loss -0.4149
2026-05-29 22:36:45.323526: val_loss -0.3971
2026-05-29 22:36:45.323616: Pseudo dice [np.float32(0.8192)]
2026-05-29 22:36:45.323758: Epoch time: 32.13 s
2026-05-29 22:36:46.680455: 
2026-05-29 22:36:46.680749: Epoch 48
2026-05-29 22:36:46.680902: Current learning rate: 0.00957
2026-05-29 22:37:18.827745: train_loss -0.5549
2026-05-29 22:37:18.828343: val_loss -0.458
2026-05-29 22:37:18.828544: Pseudo dice [np.float32(0.8272)]
2026-05-29 22:37:18.828791: Epoch time: 32.15 s
2026-05-29 22:37:20.116131: 
2026-05-29 22:37:20.116431: Epoch 49
2026-05-29 22:37:20.116585: Current learning rate: 0.00956
2026-05-29 22:37:52.139577: train_loss -0.4879
2026-05-29 22:37:52.139814: val_loss -0.3563
2026-05-29 22:37:52.139908: Pseudo dice [np.float32(0.8022)]
2026-05-29 22:37:52.140084: Epoch time: 32.03 s
2026-05-29 22:37:54.378801: 
2026-05-29 22:37:54.379083: Epoch 50
2026-05-29 22:37:54.379257: Current learning rate: 0.00955
2026-05-29 22:38:26.445524: train_loss -0.4664
2026-05-29 22:38:26.445775: val_loss -0.5466
2026-05-29 22:38:26.445860: Pseudo dice [np.float32(0.8586)]
2026-05-29 22:38:26.445972: Epoch time: 32.07 s
2026-05-29 22:38:27.737678: 
2026-05-29 22:38:27.737980: Epoch 51
2026-05-29 22:38:27.738100: Current learning rate: 0.00954
2026-05-29 22:38:59.854445: train_loss -0.47
2026-05-29 22:38:59.854778: val_loss -0.2779
2026-05-29 22:38:59.854867: Pseudo dice [np.float32(0.796)]
2026-05-29 22:38:59.855003: Epoch time: 32.12 s
2026-05-29 22:39:01.139219: 
2026-05-29 22:39:01.139526: Epoch 52
2026-05-29 22:39:01.139652: Current learning rate: 0.00953
2026-05-29 22:39:33.189979: train_loss -0.4828
2026-05-29 22:39:33.190224: val_loss -0.4371
2026-05-29 22:39:33.190316: Pseudo dice [np.float32(0.8483)]
2026-05-29 22:39:33.190447: Epoch time: 32.05 s
2026-05-29 22:39:34.493348: 
2026-05-29 22:39:34.493652: Epoch 53
2026-05-29 22:39:34.493821: Current learning rate: 0.00952
2026-05-29 22:40:06.574675: train_loss -0.5018
2026-05-29 22:40:06.574940: val_loss -0.5943
2026-05-29 22:40:06.575033: Pseudo dice [np.float32(0.8807)]
2026-05-29 22:40:06.575161: Epoch time: 32.08 s
2026-05-29 22:40:06.575246: Yayy! New best EMA pseudo Dice: 0.8341000080108643
2026-05-29 22:40:09.436230: 
2026-05-29 22:40:09.436495: Epoch 54
2026-05-29 22:40:09.436647: Current learning rate: 0.00951
2026-05-29 22:40:41.451586: train_loss -0.5276
2026-05-29 22:40:41.451837: val_loss -0.5081
2026-05-29 22:40:41.451918: Pseudo dice [np.float32(0.864)]
2026-05-29 22:40:41.452037: Epoch time: 32.02 s
2026-05-29 22:40:41.452113: Yayy! New best EMA pseudo Dice: 0.8371000289916992
2026-05-29 22:40:44.315183: 
2026-05-29 22:40:44.315496: Epoch 55
2026-05-29 22:40:44.315642: Current learning rate: 0.0095
2026-05-29 22:41:16.358181: train_loss -0.4409
2026-05-29 22:41:16.358430: val_loss -0.5007
2026-05-29 22:41:16.358511: Pseudo dice [np.float32(0.85)]
2026-05-29 22:41:16.358632: Epoch time: 32.04 s
2026-05-29 22:41:16.358710: Yayy! New best EMA pseudo Dice: 0.8384000062942505
2026-05-29 22:41:19.252600: 
2026-05-29 22:41:19.252841: Epoch 56
2026-05-29 22:41:19.253001: Current learning rate: 0.00949
2026-05-29 22:41:51.299470: train_loss -0.5155
2026-05-29 22:41:51.299853: val_loss -0.4059
2026-05-29 22:41:51.299963: Pseudo dice [np.float32(0.8221)]
2026-05-29 22:41:51.300077: Epoch time: 32.05 s
2026-05-29 22:41:52.604745: 
2026-05-29 22:41:52.605048: Epoch 57
2026-05-29 22:41:52.605176: Current learning rate: 0.00949
2026-05-29 22:42:24.640301: train_loss -0.4706
2026-05-29 22:42:24.640629: val_loss -0.5359
2026-05-29 22:42:24.640789: Pseudo dice [np.float32(0.8641)]
2026-05-29 22:42:24.640905: Epoch time: 32.04 s
2026-05-29 22:42:24.641050: Yayy! New best EMA pseudo Dice: 0.8395000100135803
2026-05-29 22:42:27.534878: 
2026-05-29 22:42:27.535151: Epoch 58
2026-05-29 22:42:27.535322: Current learning rate: 0.00948
2026-05-29 22:42:59.563943: train_loss -0.5024
2026-05-29 22:42:59.564272: val_loss -0.3853
2026-05-29 22:42:59.564366: Pseudo dice [np.float32(0.8249)]
2026-05-29 22:42:59.564493: Epoch time: 32.03 s
2026-05-29 22:43:00.878515: 
2026-05-29 22:43:00.878768: Epoch 59
2026-05-29 22:43:00.878922: Current learning rate: 0.00947
2026-05-29 22:43:32.879318: train_loss -0.4522
2026-05-29 22:43:32.879565: val_loss -0.4875
2026-05-29 22:43:32.879654: Pseudo dice [np.float32(0.8532)]
2026-05-29 22:43:32.879765: Epoch time: 32.0 s
2026-05-29 22:43:32.879981: Yayy! New best EMA pseudo Dice: 0.8396000266075134
2026-05-29 22:43:36.187180: 
2026-05-29 22:43:36.187481: Epoch 60
2026-05-29 22:43:36.187617: Current learning rate: 0.00946
2026-05-29 22:44:08.388119: train_loss -0.468
2026-05-29 22:44:08.388473: val_loss -0.3737
2026-05-29 22:44:08.388649: Pseudo dice [np.float32(0.8127)]
2026-05-29 22:44:08.388828: Epoch time: 32.2 s
2026-05-29 22:44:09.709036: 
2026-05-29 22:44:09.709330: Epoch 61
2026-05-29 22:44:09.709456: Current learning rate: 0.00945
2026-05-29 22:44:42.013245: train_loss -0.5188
2026-05-29 22:44:42.013576: val_loss -0.4711
2026-05-29 22:44:42.013700: Pseudo dice [np.float32(0.8427)]
2026-05-29 22:44:42.013813: Epoch time: 32.31 s
2026-05-29 22:44:43.314228: 
2026-05-29 22:44:43.314596: Epoch 62
2026-05-29 22:44:43.314717: Current learning rate: 0.00944
2026-05-29 22:45:15.648289: train_loss -0.4718
2026-05-29 22:45:15.648666: val_loss -0.4407
2026-05-29 22:45:15.648786: Pseudo dice [np.float32(0.8097)]
2026-05-29 22:45:15.648914: Epoch time: 32.34 s
2026-05-29 22:45:16.944449: 
2026-05-29 22:45:16.944762: Epoch 63
2026-05-29 22:45:16.944962: Current learning rate: 0.00943
2026-05-29 22:45:48.968782: train_loss -0.4908
2026-05-29 22:45:48.969153: val_loss -0.5636
2026-05-29 22:45:48.969255: Pseudo dice [np.float32(0.8694)]
2026-05-29 22:45:48.969409: Epoch time: 32.03 s
2026-05-29 22:45:50.307936: 
2026-05-29 22:45:50.308120: Epoch 64
2026-05-29 22:45:50.308370: Current learning rate: 0.00942
2026-05-29 22:46:22.297744: train_loss -0.5757
2026-05-29 22:46:22.298020: val_loss -0.3432
2026-05-29 22:46:22.298108: Pseudo dice [np.float32(0.7946)]
2026-05-29 22:46:22.298223: Epoch time: 31.99 s
2026-05-29 22:46:23.663202: 
2026-05-29 22:46:23.663509: Epoch 65
2026-05-29 22:46:23.663630: Current learning rate: 0.00941
2026-05-29 22:46:55.720599: train_loss -0.4604
2026-05-29 22:46:55.720906: val_loss -0.4086
2026-05-29 22:46:55.721024: Pseudo dice [np.float32(0.8344)]
2026-05-29 22:46:55.721154: Epoch time: 32.06 s
2026-05-29 22:46:57.082721: 
2026-05-29 22:46:57.082940: Epoch 66
2026-05-29 22:46:57.083144: Current learning rate: 0.0094
2026-05-29 22:47:29.094242: train_loss -0.5117
2026-05-29 22:47:29.094507: val_loss -0.4453
2026-05-29 22:47:29.094599: Pseudo dice [np.float32(0.849)]
2026-05-29 22:47:29.094728: Epoch time: 32.01 s
2026-05-29 22:47:30.393096: 
2026-05-29 22:47:30.393361: Epoch 67
2026-05-29 22:47:30.393478: Current learning rate: 0.00939
2026-05-29 22:48:02.436791: train_loss -0.5627
2026-05-29 22:48:02.437125: val_loss -0.5531
2026-05-29 22:48:02.437219: Pseudo dice [np.float32(0.8766)]
2026-05-29 22:48:02.437370: Epoch time: 32.05 s
2026-05-29 22:48:03.771137: 
2026-05-29 22:48:03.771411: Epoch 68
2026-05-29 22:48:03.771614: Current learning rate: 0.00939
2026-05-29 22:48:35.740010: train_loss -0.5269
2026-05-29 22:48:35.740421: val_loss -0.4892
2026-05-29 22:48:35.740520: Pseudo dice [np.float32(0.8535)]
2026-05-29 22:48:35.740635: Epoch time: 31.97 s
2026-05-29 22:48:35.740728: Yayy! New best EMA pseudo Dice: 0.8409000039100647
2026-05-29 22:48:38.803223: 
2026-05-29 22:48:38.803505: Epoch 69
2026-05-29 22:48:38.803682: Current learning rate: 0.00938
2026-05-29 22:49:10.858374: train_loss -0.5316
2026-05-29 22:49:10.858677: val_loss -0.6072
2026-05-29 22:49:10.858763: Pseudo dice [np.float32(0.889)]
2026-05-29 22:49:10.858875: Epoch time: 32.06 s
2026-05-29 22:49:10.858956: Yayy! New best EMA pseudo Dice: 0.8457000255584717
2026-05-29 22:49:13.834001: 
2026-05-29 22:49:13.834333: Epoch 70
2026-05-29 22:49:13.834457: Current learning rate: 0.00937
2026-05-29 22:49:45.901984: train_loss -0.5244
2026-05-29 22:49:45.902330: val_loss -0.4978
2026-05-29 22:49:45.902433: Pseudo dice [np.float32(0.8443)]
2026-05-29 22:49:45.902547: Epoch time: 32.07 s
2026-05-29 22:49:47.206434: 
2026-05-29 22:49:47.206754: Epoch 71
2026-05-29 22:49:47.206874: Current learning rate: 0.00936
2026-05-29 22:50:19.506493: train_loss -0.5244
2026-05-29 22:50:19.506780: val_loss -0.4326
2026-05-29 22:50:19.506869: Pseudo dice [np.float32(0.8163)]
2026-05-29 22:50:19.506970: Epoch time: 32.3 s
2026-05-29 22:50:20.789247: 
2026-05-29 22:50:20.789552: Epoch 72
2026-05-29 22:50:20.789716: Current learning rate: 0.00935
2026-05-29 22:50:53.212661: train_loss -0.5354
2026-05-29 22:50:53.213187: val_loss -0.5862
2026-05-29 22:50:53.213368: Pseudo dice [np.float32(0.8748)]
2026-05-29 22:50:53.213602: Epoch time: 32.43 s
2026-05-29 22:50:53.213766: Yayy! New best EMA pseudo Dice: 0.84579998254776
2026-05-29 22:50:56.125515: 
2026-05-29 22:50:56.125769: Epoch 73
2026-05-29 22:50:56.125887: Current learning rate: 0.00934
2026-05-29 22:51:28.226964: train_loss -0.5679
2026-05-29 22:51:28.227277: val_loss -0.4699
2026-05-29 22:51:28.227370: Pseudo dice [np.float32(0.8278)]
2026-05-29 22:51:28.227551: Epoch time: 32.1 s
2026-05-29 22:51:29.547101: 
2026-05-29 22:51:29.547340: Epoch 74
2026-05-29 22:51:29.547541: Current learning rate: 0.00933
2026-05-29 22:52:01.613210: train_loss -0.5317
2026-05-29 22:52:01.613642: val_loss -0.6069
2026-05-29 22:52:01.613742: Pseudo dice [np.float32(0.8825)]
2026-05-29 22:52:01.613855: Epoch time: 32.07 s
2026-05-29 22:52:01.613948: Yayy! New best EMA pseudo Dice: 0.8478999733924866
2026-05-29 22:52:04.526117: 
2026-05-29 22:52:04.526437: Epoch 75
2026-05-29 22:52:04.526581: Current learning rate: 0.00932
2026-05-29 22:52:36.555743: train_loss -0.5377
2026-05-29 22:52:36.556088: val_loss -0.5213
2026-05-29 22:52:36.556174: Pseudo dice [np.float32(0.8599)]
2026-05-29 22:52:36.556296: Epoch time: 32.03 s
2026-05-29 22:52:36.556375: Yayy! New best EMA pseudo Dice: 0.8490999937057495
2026-05-29 22:52:39.586027: 
2026-05-29 22:52:39.586264: Epoch 76
2026-05-29 22:52:39.586426: Current learning rate: 0.00931
2026-05-29 22:53:11.633417: train_loss -0.6323
2026-05-29 22:53:11.633866: val_loss -0.6089
2026-05-29 22:53:11.634036: Pseudo dice [np.float32(0.8836)]
2026-05-29 22:53:11.634295: Epoch time: 32.05 s
2026-05-29 22:53:11.634517: Yayy! New best EMA pseudo Dice: 0.8525000214576721
2026-05-29 22:53:14.568360: 
2026-05-29 22:53:14.568679: Epoch 77
2026-05-29 22:53:14.568802: Current learning rate: 0.0093
2026-05-29 22:53:46.639739: train_loss -0.5664
2026-05-29 22:53:46.640061: val_loss -0.597
2026-05-29 22:53:46.640147: Pseudo dice [np.float32(0.8758)]
2026-05-29 22:53:46.640307: Epoch time: 32.07 s
2026-05-29 22:53:46.640390: Yayy! New best EMA pseudo Dice: 0.8549000024795532
2026-05-29 22:53:49.544147: 
2026-05-29 22:53:49.544419: Epoch 78
2026-05-29 22:53:49.544553: Current learning rate: 0.0093
2026-05-29 22:54:21.604137: train_loss -0.5839
2026-05-29 22:54:21.604476: val_loss -0.5975
2026-05-29 22:54:21.604587: Pseudo dice [np.float32(0.8842)]
2026-05-29 22:54:21.605090: Epoch time: 32.06 s
2026-05-29 22:54:21.605191: Yayy! New best EMA pseudo Dice: 0.8578000068664551
2026-05-29 22:54:24.564005: 
2026-05-29 22:54:24.564256: Epoch 79
2026-05-29 22:54:24.564394: Current learning rate: 0.00929
2026-05-29 22:54:56.629923: train_loss -0.5268
2026-05-29 22:54:56.630234: val_loss -0.5687
2026-05-29 22:54:56.630322: Pseudo dice [np.float32(0.8872)]
2026-05-29 22:54:56.630451: Epoch time: 32.07 s
2026-05-29 22:54:56.630530: Yayy! New best EMA pseudo Dice: 0.8607000112533569
2026-05-29 22:54:59.551206: 
2026-05-29 22:54:59.551451: Epoch 80
2026-05-29 22:54:59.551605: Current learning rate: 0.00928
2026-05-29 22:55:31.548168: train_loss -0.5886
2026-05-29 22:55:31.548568: val_loss -0.6149
2026-05-29 22:55:31.548671: Pseudo dice [np.float32(0.8925)]
2026-05-29 22:55:31.548784: Epoch time: 32.0 s
2026-05-29 22:55:31.548882: Yayy! New best EMA pseudo Dice: 0.8639000058174133
2026-05-29 22:55:34.548828: 
2026-05-29 22:55:34.549140: Epoch 81
2026-05-29 22:55:34.549272: Current learning rate: 0.00927
2026-05-29 22:56:06.678705: train_loss -0.6171
2026-05-29 22:56:06.678973: val_loss -0.6339
2026-05-29 22:56:06.679057: Pseudo dice [np.float32(0.9005)]
2026-05-29 22:56:06.679164: Epoch time: 32.13 s
2026-05-29 22:56:06.679290: Yayy! New best EMA pseudo Dice: 0.8676000237464905
2026-05-29 22:56:09.953787: 
2026-05-29 22:56:09.954111: Epoch 82
2026-05-29 22:56:09.954236: Current learning rate: 0.00926
2026-05-29 22:56:42.101619: train_loss -0.562
2026-05-29 22:56:42.101947: val_loss -0.5813
2026-05-29 22:56:42.102096: Pseudo dice [np.float32(0.8776)]
2026-05-29 22:56:42.102240: Epoch time: 32.15 s
2026-05-29 22:56:42.102326: Yayy! New best EMA pseudo Dice: 0.8686000108718872
2026-05-29 22:56:44.935028: 
2026-05-29 22:56:44.935322: Epoch 83
2026-05-29 22:56:44.935470: Current learning rate: 0.00925
2026-05-29 22:57:17.112572: train_loss -0.5966
2026-05-29 22:57:17.112826: val_loss -0.5964
2026-05-29 22:57:17.112914: Pseudo dice [np.float32(0.8804)]
2026-05-29 22:57:17.113056: Epoch time: 32.18 s
2026-05-29 22:57:17.113209: Yayy! New best EMA pseudo Dice: 0.869700014591217
2026-05-29 22:57:20.008051: 
2026-05-29 22:57:20.008334: Epoch 84
2026-05-29 22:57:20.008451: Current learning rate: 0.00924
2026-05-29 22:57:52.070295: train_loss -0.6092
2026-05-29 22:57:52.070563: val_loss -0.5067
2026-05-29 22:57:52.070654: Pseudo dice [np.float32(0.8537)]
2026-05-29 22:57:52.070771: Epoch time: 32.06 s
2026-05-29 22:57:53.352786: 
2026-05-29 22:57:53.353126: Epoch 85
2026-05-29 22:57:53.353252: Current learning rate: 0.00923
2026-05-29 22:58:25.452343: train_loss -0.5209
2026-05-29 22:58:25.452693: val_loss -0.6398
2026-05-29 22:58:25.452847: Pseudo dice [np.float32(0.903)]
2026-05-29 22:58:25.452965: Epoch time: 32.1 s
2026-05-29 22:58:25.453083: Yayy! New best EMA pseudo Dice: 0.8715999722480774
2026-05-29 22:58:28.347209: 
2026-05-29 22:58:28.347511: Epoch 86
2026-05-29 22:58:28.347657: Current learning rate: 0.00922
2026-05-29 22:59:00.400995: train_loss -0.6042
2026-05-29 22:59:00.401248: val_loss -0.6554
2026-05-29 22:59:00.401346: Pseudo dice [np.float32(0.8956)]
2026-05-29 22:59:00.401454: Epoch time: 32.06 s
2026-05-29 22:59:00.401532: Yayy! New best EMA pseudo Dice: 0.8740000128746033
2026-05-29 22:59:03.209684: 
2026-05-29 22:59:03.209956: Epoch 87
2026-05-29 22:59:03.210078: Current learning rate: 0.00921
2026-05-29 22:59:35.287999: train_loss -0.592
2026-05-29 22:59:35.288360: val_loss -0.5739
2026-05-29 22:59:35.288486: Pseudo dice [np.float32(0.8733)]
2026-05-29 22:59:35.288612: Epoch time: 32.08 s
2026-05-29 22:59:36.613517: 
2026-05-29 22:59:36.613847: Epoch 88
2026-05-29 22:59:36.613979: Current learning rate: 0.0092
2026-05-29 23:00:08.718363: train_loss -0.5193
2026-05-29 23:00:08.718728: val_loss -0.4961
2026-05-29 23:00:08.718910: Pseudo dice [np.float32(0.8643)]
2026-05-29 23:00:08.719153: Epoch time: 32.11 s
2026-05-29 23:00:10.010021: 
2026-05-29 23:00:10.010263: Epoch 89
2026-05-29 23:00:10.010453: Current learning rate: 0.0092
2026-05-29 23:00:42.071162: train_loss -0.5449
2026-05-29 23:00:42.071611: val_loss -0.5152
2026-05-29 23:00:42.071702: Pseudo dice [np.float32(0.8428)]
2026-05-29 23:00:42.071814: Epoch time: 32.06 s
2026-05-29 23:00:43.374522: 
2026-05-29 23:00:43.374826: Epoch 90
2026-05-29 23:00:43.374978: Current learning rate: 0.00919
2026-05-29 23:01:15.423501: train_loss -0.5774
2026-05-29 23:01:15.423744: val_loss -0.5715
2026-05-29 23:01:15.423843: Pseudo dice [np.float32(0.8728)]
2026-05-29 23:01:15.424019: Epoch time: 32.05 s
2026-05-29 23:01:16.713649: 
2026-05-29 23:01:16.713905: Epoch 91
2026-05-29 23:01:16.714056: Current learning rate: 0.00918
2026-05-29 23:01:48.730883: train_loss -0.6142
2026-05-29 23:01:48.731205: val_loss -0.6179
2026-05-29 23:01:48.731298: Pseudo dice [np.float32(0.8909)]
2026-05-29 23:01:48.731436: Epoch time: 32.02 s
2026-05-29 23:01:50.079368: 
2026-05-29 23:01:50.079614: Epoch 92
2026-05-29 23:01:50.079767: Current learning rate: 0.00917
2026-05-29 23:02:22.157464: train_loss -0.5818
2026-05-29 23:02:22.157773: val_loss -0.5503
2026-05-29 23:02:22.157858: Pseudo dice [np.float32(0.8606)]
2026-05-29 23:02:22.157969: Epoch time: 32.08 s
2026-05-29 23:02:24.144833: 
2026-05-29 23:02:24.145149: Epoch 93
2026-05-29 23:02:24.145279: Current learning rate: 0.00916
2026-05-29 23:02:56.149222: train_loss -0.5781
2026-05-29 23:02:56.149553: val_loss -0.5499
2026-05-29 23:02:56.149670: Pseudo dice [np.float32(0.8844)]
2026-05-29 23:02:56.149787: Epoch time: 32.01 s
2026-05-29 23:02:57.394753: 
2026-05-29 23:02:57.395127: Epoch 94
2026-05-29 23:02:57.395252: Current learning rate: 0.00915
2026-05-29 23:03:29.504511: train_loss -0.5984
2026-05-29 23:03:29.504793: val_loss -0.5806
2026-05-29 23:03:29.504878: Pseudo dice [np.float32(0.8729)]
2026-05-29 23:03:29.505026: Epoch time: 32.11 s
2026-05-29 23:03:30.951637: 
2026-05-29 23:03:30.951950: Epoch 95
2026-05-29 23:03:30.952108: Current learning rate: 0.00914
2026-05-29 23:04:02.971505: train_loss -0.5713
2026-05-29 23:04:02.971858: val_loss -0.506
2026-05-29 23:04:02.971954: Pseudo dice [np.float32(0.8664)]
2026-05-29 23:04:02.972063: Epoch time: 32.02 s
2026-05-29 23:04:04.453503: 
2026-05-29 23:04:04.453834: Epoch 96
2026-05-29 23:04:04.453962: Current learning rate: 0.00913
2026-05-29 23:04:36.621049: train_loss -0.5521
2026-05-29 23:04:36.621425: val_loss -0.5873
2026-05-29 23:04:36.621534: Pseudo dice [np.float32(0.8896)]
2026-05-29 23:04:36.621672: Epoch time: 32.17 s
2026-05-29 23:04:37.951989: 
2026-05-29 23:04:37.952267: Epoch 97
2026-05-29 23:04:37.952425: Current learning rate: 0.00912
2026-05-29 23:05:10.021341: train_loss -0.5959
2026-05-29 23:05:10.021660: val_loss -0.6314
2026-05-29 23:05:10.021751: Pseudo dice [np.float32(0.8964)]
2026-05-29 23:05:10.021876: Epoch time: 32.07 s
2026-05-29 23:05:10.021960: Yayy! New best EMA pseudo Dice: 0.8758999705314636
2026-05-29 23:05:12.936549: 
2026-05-29 23:05:12.936843: Epoch 98
2026-05-29 23:05:12.937007: Current learning rate: 0.00911
2026-05-29 23:05:44.908803: train_loss -0.6029
2026-05-29 23:05:44.909109: val_loss -0.6867
2026-05-29 23:05:44.909254: Pseudo dice [np.float32(0.917)]
2026-05-29 23:05:44.909386: Epoch time: 31.97 s
2026-05-29 23:05:44.909469: Yayy! New best EMA pseudo Dice: 0.8799999952316284
2026-05-29 23:05:47.832803: 
2026-05-29 23:05:47.833115: Epoch 99
2026-05-29 23:05:47.833243: Current learning rate: 0.0091
2026-05-29 23:06:19.855931: train_loss -0.6618
2026-05-29 23:06:19.856185: val_loss -0.5554
2026-05-29 23:06:19.856269: Pseudo dice [np.float32(0.8692)]
2026-05-29 23:06:19.856457: Epoch time: 32.03 s
2026-05-29 23:06:22.785616: 
2026-05-29 23:06:22.785919: Epoch 100
2026-05-29 23:06:22.786073: Current learning rate: 0.0091
2026-05-29 23:06:54.795964: train_loss -0.6114
2026-05-29 23:06:54.796425: val_loss -0.5268
2026-05-29 23:06:54.796676: Pseudo dice [np.float32(0.8628)]
2026-05-29 23:06:54.797016: Epoch time: 32.01 s
2026-05-29 23:06:56.100462: 
2026-05-29 23:06:56.100741: Epoch 101
2026-05-29 23:06:56.100881: Current learning rate: 0.00909
2026-05-29 23:07:28.123859: train_loss -0.5551
2026-05-29 23:07:28.124547: val_loss -0.5777
2026-05-29 23:07:28.124646: Pseudo dice [np.float32(0.8786)]
2026-05-29 23:07:28.124763: Epoch time: 32.03 s
2026-05-29 23:07:29.483331: 
2026-05-29 23:07:29.483613: Epoch 102
2026-05-29 23:07:29.483728: Current learning rate: 0.00908
2026-05-29 23:08:01.499930: train_loss -0.5903
2026-05-29 23:08:01.500165: val_loss -0.6075
2026-05-29 23:08:01.500258: Pseudo dice [np.float32(0.8949)]
2026-05-29 23:08:01.500382: Epoch time: 32.02 s
2026-05-29 23:08:02.767294: 
2026-05-29 23:08:02.767596: Epoch 103
2026-05-29 23:08:02.767711: Current learning rate: 0.00907
2026-05-29 23:08:34.772855: train_loss -0.6053
2026-05-29 23:08:34.773202: val_loss -0.5708
2026-05-29 23:08:34.773311: Pseudo dice [np.float32(0.866)]
2026-05-29 23:08:34.773452: Epoch time: 32.01 s
2026-05-29 23:08:36.713977: 
2026-05-29 23:08:36.714252: Epoch 104
2026-05-29 23:08:36.714410: Current learning rate: 0.00906
2026-05-29 23:09:08.763389: train_loss -0.6048
2026-05-29 23:09:08.764935: val_loss -0.1928
2026-05-29 23:09:08.765384: Pseudo dice [np.float32(0.7547)]
2026-05-29 23:09:08.765539: Epoch time: 32.05 s
2026-05-29 23:09:10.112023: 
2026-05-29 23:09:10.112328: Epoch 105
2026-05-29 23:09:10.112481: Current learning rate: 0.00905
2026-05-29 23:09:42.478863: train_loss -0.4196
2026-05-29 23:09:42.480356: val_loss -0.4913
2026-05-29 23:09:42.480521: Pseudo dice [np.float32(0.8445)]
2026-05-29 23:09:42.480763: Epoch time: 32.37 s
2026-05-29 23:09:43.820407: 
2026-05-29 23:09:43.820756: Epoch 106
2026-05-29 23:09:43.820907: Current learning rate: 0.00904
2026-05-29 23:10:15.824012: train_loss -0.5354
2026-05-29 23:10:15.824325: val_loss -0.4685
2026-05-29 23:10:15.824464: Pseudo dice [np.float32(0.8507)]
2026-05-29 23:10:15.824733: Epoch time: 32.01 s
2026-05-29 23:10:17.334249: 
2026-05-29 23:10:17.334576: Epoch 107
2026-05-29 23:10:17.334690: Current learning rate: 0.00903
2026-05-29 23:10:49.538025: train_loss -0.5428
2026-05-29 23:10:49.538321: val_loss -0.6676
2026-05-29 23:10:49.538426: Pseudo dice [np.float32(0.8992)]
2026-05-29 23:10:49.538568: Epoch time: 32.21 s
2026-05-29 23:10:50.862600: 
2026-05-29 23:10:50.862883: Epoch 108
2026-05-29 23:10:50.863008: Current learning rate: 0.00902
2026-05-29 23:11:22.931295: train_loss -0.5715
2026-05-29 23:11:22.931704: val_loss -0.6655
2026-05-29 23:11:22.931808: Pseudo dice [np.float32(0.9102)]
2026-05-29 23:11:22.931934: Epoch time: 32.07 s
2026-05-29 23:11:24.296813: 
2026-05-29 23:11:24.297146: Epoch 109
2026-05-29 23:11:24.297268: Current learning rate: 0.00901
2026-05-29 23:11:56.315487: train_loss -0.5763
2026-05-29 23:11:56.316062: val_loss -0.5419
2026-05-29 23:11:56.316198: Pseudo dice [np.float32(0.8729)]
2026-05-29 23:11:56.316394: Epoch time: 32.02 s
2026-05-29 23:11:57.564682: 
2026-05-29 23:11:57.564929: Epoch 110
2026-05-29 23:11:57.565123: Current learning rate: 0.009
2026-05-29 23:12:29.569855: train_loss -0.6359
2026-05-29 23:12:29.570180: val_loss -0.4679
2026-05-29 23:12:29.570275: Pseudo dice [np.float32(0.824)]
2026-05-29 23:12:29.570389: Epoch time: 32.01 s
2026-05-29 23:12:30.868474: 
2026-05-29 23:12:30.868725: Epoch 111
2026-05-29 23:12:30.868876: Current learning rate: 0.009
2026-05-29 23:13:02.943039: train_loss -0.5971
2026-05-29 23:13:02.943400: val_loss -0.6067
2026-05-29 23:13:02.943490: Pseudo dice [np.float32(0.8837)]
2026-05-29 23:13:02.943604: Epoch time: 32.08 s
2026-05-29 23:13:04.226687: 
2026-05-29 23:13:04.226963: Epoch 112
2026-05-29 23:13:04.227087: Current learning rate: 0.00899
2026-05-29 23:13:36.319702: train_loss -0.5979
2026-05-29 23:13:36.320140: val_loss -0.5189
2026-05-29 23:13:36.320227: Pseudo dice [np.float32(0.8572)]
2026-05-29 23:13:36.320343: Epoch time: 32.09 s
2026-05-29 23:13:37.592006: 
2026-05-29 23:13:37.592281: Epoch 113
2026-05-29 23:13:37.592422: Current learning rate: 0.00898
2026-05-29 23:14:09.726874: train_loss -0.6114
2026-05-29 23:14:09.727202: val_loss -0.5483
2026-05-29 23:14:09.727291: Pseudo dice [np.float32(0.8599)]
2026-05-29 23:14:09.727405: Epoch time: 32.14 s
2026-05-29 23:14:11.051083: 
2026-05-29 23:14:11.051363: Epoch 114
2026-05-29 23:14:11.051551: Current learning rate: 0.00897
2026-05-29 23:14:43.545385: train_loss -0.575
2026-05-29 23:14:43.545904: val_loss -0.5608
2026-05-29 23:14:43.546098: Pseudo dice [np.float32(0.8651)]
2026-05-29 23:14:43.546314: Epoch time: 32.5 s
2026-05-29 23:14:44.853811: 
2026-05-29 23:14:44.854080: Epoch 115
2026-05-29 23:14:44.854201: Current learning rate: 0.00896
2026-05-29 23:15:16.858845: train_loss -0.6321
2026-05-29 23:15:16.859094: val_loss -0.5589
2026-05-29 23:15:16.859178: Pseudo dice [np.float32(0.8761)]
2026-05-29 23:15:16.859309: Epoch time: 32.01 s
2026-05-29 23:15:18.536014: 
2026-05-29 23:15:18.536340: Epoch 116
2026-05-29 23:15:18.536468: Current learning rate: 0.00895
2026-05-29 23:15:50.706271: train_loss -0.6011
2026-05-29 23:15:50.706544: val_loss -0.6258
2026-05-29 23:15:50.706626: Pseudo dice [np.float32(0.8868)]
2026-05-29 23:15:50.706740: Epoch time: 32.17 s
2026-05-29 23:15:51.981100: 
2026-05-29 23:15:51.981408: Epoch 117
2026-05-29 23:15:51.981528: Current learning rate: 0.00894
2026-05-29 23:16:24.144706: train_loss -0.6207
2026-05-29 23:16:24.145043: val_loss -0.6485
2026-05-29 23:16:24.145154: Pseudo dice [np.float32(0.8876)]
2026-05-29 23:16:24.145373: Epoch time: 32.17 s
2026-05-29 23:16:25.450313: 
2026-05-29 23:16:25.450655: Epoch 118
2026-05-29 23:16:25.450830: Current learning rate: 0.00893
2026-05-29 23:16:57.653651: train_loss -0.6401
2026-05-29 23:16:57.653966: val_loss -0.716
2026-05-29 23:16:57.654064: Pseudo dice [np.float32(0.921)]
2026-05-29 23:16:57.654178: Epoch time: 32.21 s
2026-05-29 23:16:59.007648: 
2026-05-29 23:16:59.007914: Epoch 119
2026-05-29 23:16:59.008070: Current learning rate: 0.00892
2026-05-29 23:17:31.183599: train_loss -0.5673
2026-05-29 23:17:31.183992: val_loss -0.502
2026-05-29 23:17:31.184093: Pseudo dice [np.float32(0.8542)]
2026-05-29 23:17:31.184233: Epoch time: 32.18 s
2026-05-29 23:17:32.476593: 
2026-05-29 23:17:32.476910: Epoch 120
2026-05-29 23:17:32.477084: Current learning rate: 0.00891
2026-05-29 23:18:04.579765: train_loss -0.6201
2026-05-29 23:18:04.580100: val_loss -0.6305
2026-05-29 23:18:04.580199: Pseudo dice [np.float32(0.8865)]
2026-05-29 23:18:04.580323: Epoch time: 32.1 s
2026-05-29 23:18:05.852001: 
2026-05-29 23:18:05.852294: Epoch 121
2026-05-29 23:18:05.852436: Current learning rate: 0.0089
2026-05-29 23:18:37.902340: train_loss -0.5924
2026-05-29 23:18:37.902764: val_loss -0.6683
2026-05-29 23:18:37.902874: Pseudo dice [np.float32(0.9046)]
2026-05-29 23:18:37.903009: Epoch time: 32.05 s
2026-05-29 23:18:39.206511: 
2026-05-29 23:18:39.206798: Epoch 122
2026-05-29 23:18:39.206927: Current learning rate: 0.00889
2026-05-29 23:19:11.254706: train_loss -0.6366
2026-05-29 23:19:11.254952: val_loss -0.5155
2026-05-29 23:19:11.255040: Pseudo dice [np.float32(0.8619)]
2026-05-29 23:19:11.255158: Epoch time: 32.05 s
2026-05-29 23:19:12.563199: 
2026-05-29 23:19:12.563499: Epoch 123
2026-05-29 23:19:12.563677: Current learning rate: 0.00889
2026-05-29 23:19:44.624969: train_loss -0.6406
2026-05-29 23:19:44.625253: val_loss -0.6148
2026-05-29 23:19:44.625440: Pseudo dice [np.float32(0.893)]
2026-05-29 23:19:44.625568: Epoch time: 32.06 s
2026-05-29 23:19:45.900295: 
2026-05-29 23:19:45.900786: Epoch 124
2026-05-29 23:19:45.901063: Current learning rate: 0.00888
2026-05-29 23:20:18.001907: train_loss -0.5815
2026-05-29 23:20:18.002280: val_loss -0.6914
2026-05-29 23:20:18.002398: Pseudo dice [np.float32(0.9069)]
2026-05-29 23:20:18.002526: Epoch time: 32.1 s
2026-05-29 23:20:18.002607: Yayy! New best EMA pseudo Dice: 0.8808000087738037
2026-05-29 23:20:20.952677: 
2026-05-29 23:20:20.952950: Epoch 125
2026-05-29 23:20:20.953110: Current learning rate: 0.00887
2026-05-29 23:20:52.910813: train_loss -0.6009
2026-05-29 23:20:52.911280: val_loss -0.5384
2026-05-29 23:20:52.911505: Pseudo dice [np.float32(0.8553)]
2026-05-29 23:20:52.911794: Epoch time: 31.96 s
2026-05-29 23:20:54.213031: 
2026-05-29 23:20:54.213291: Epoch 126
2026-05-29 23:20:54.213431: Current learning rate: 0.00886
2026-05-29 23:21:26.241940: train_loss -0.6747
2026-05-29 23:21:26.242309: val_loss -0.6198
2026-05-29 23:21:26.242479: Pseudo dice [np.float32(0.8883)]
2026-05-29 23:21:26.242720: Epoch time: 32.03 s
2026-05-29 23:21:27.918345: 
2026-05-29 23:21:27.918674: Epoch 127
2026-05-29 23:21:27.918816: Current learning rate: 0.00885
2026-05-29 23:22:00.062848: train_loss -0.5887
2026-05-29 23:22:00.063096: val_loss -0.5977
2026-05-29 23:22:00.063178: Pseudo dice [np.float32(0.8922)]
2026-05-29 23:22:00.063291: Epoch time: 32.15 s
2026-05-29 23:22:01.331685: 
2026-05-29 23:22:01.331994: Epoch 128
2026-05-29 23:22:01.332115: Current learning rate: 0.00884
2026-05-29 23:22:33.472390: train_loss -0.6289
2026-05-29 23:22:33.472618: val_loss -0.6283
2026-05-29 23:22:33.472704: Pseudo dice [np.float32(0.898)]
2026-05-29 23:22:33.472817: Epoch time: 32.14 s
2026-05-29 23:22:33.472900: Yayy! New best EMA pseudo Dice: 0.8823000192642212
2026-05-29 23:22:36.351024: 
2026-05-29 23:22:36.351310: Epoch 129
2026-05-29 23:22:36.351428: Current learning rate: 0.00883
2026-05-29 23:23:08.424320: train_loss -0.6672
2026-05-29 23:23:08.424721: val_loss -0.6021
2026-05-29 23:23:08.424806: Pseudo dice [np.float32(0.8889)]
2026-05-29 23:23:08.424918: Epoch time: 32.08 s
2026-05-29 23:23:08.425018: Yayy! New best EMA pseudo Dice: 0.8830000162124634
2026-05-29 23:23:11.343923: 
2026-05-29 23:23:11.344244: Epoch 130
2026-05-29 23:23:11.344365: Current learning rate: 0.00882
2026-05-29 23:23:43.509443: train_loss -0.5394
2026-05-29 23:23:43.509862: val_loss -0.5463
2026-05-29 23:23:43.509952: Pseudo dice [np.float32(0.8793)]
2026-05-29 23:23:43.510065: Epoch time: 32.17 s
2026-05-29 23:23:44.805542: 
2026-05-29 23:23:44.805884: Epoch 131
2026-05-29 23:23:44.806014: Current learning rate: 0.00881
2026-05-29 23:24:16.828628: train_loss -0.5612
2026-05-29 23:24:16.828933: val_loss -0.5467
2026-05-29 23:24:16.829054: Pseudo dice [np.float32(0.8757)]
2026-05-29 23:24:16.829176: Epoch time: 32.03 s
2026-05-29 23:24:18.113803: 
2026-05-29 23:24:18.114108: Epoch 132
2026-05-29 23:24:18.114238: Current learning rate: 0.0088
2026-05-29 23:24:50.123413: train_loss -0.6329
2026-05-29 23:24:50.123809: val_loss -0.6897
2026-05-29 23:24:50.123931: Pseudo dice [np.float32(0.9116)]
2026-05-29 23:24:50.124058: Epoch time: 32.01 s
2026-05-29 23:24:50.124141: Yayy! New best EMA pseudo Dice: 0.8848999738693237
2026-05-29 23:24:53.035928: 
2026-05-29 23:24:53.036227: Epoch 133
2026-05-29 23:24:53.036366: Current learning rate: 0.00879
2026-05-29 23:25:25.109501: train_loss -0.6196
2026-05-29 23:25:25.109771: val_loss -0.5811
2026-05-29 23:25:25.109856: Pseudo dice [np.float32(0.8842)]
2026-05-29 23:25:25.109975: Epoch time: 32.08 s
2026-05-29 23:25:26.397188: 
2026-05-29 23:25:26.397441: Epoch 134
2026-05-29 23:25:26.397638: Current learning rate: 0.00879
2026-05-29 23:25:58.442656: train_loss -0.6221
2026-05-29 23:25:58.442908: val_loss -0.528
2026-05-29 23:25:58.443007: Pseudo dice [np.float32(0.862)]
2026-05-29 23:25:58.443131: Epoch time: 32.05 s
2026-05-29 23:25:59.752230: 
2026-05-29 23:25:59.752548: Epoch 135
2026-05-29 23:25:59.752690: Current learning rate: 0.00878
2026-05-29 23:26:31.780781: train_loss -0.562
2026-05-29 23:26:31.781210: val_loss -0.5829
2026-05-29 23:26:31.781309: Pseudo dice [np.float32(0.8728)]
2026-05-29 23:26:31.781419: Epoch time: 32.03 s
2026-05-29 23:26:33.090861: 
2026-05-29 23:26:33.091166: Epoch 136
2026-05-29 23:26:33.091319: Current learning rate: 0.00877
2026-05-29 23:27:05.154376: train_loss -0.6005
2026-05-29 23:27:05.154739: val_loss -0.5591
2026-05-29 23:27:05.154907: Pseudo dice [np.float32(0.8805)]
2026-05-29 23:27:05.155047: Epoch time: 32.07 s
2026-05-29 23:27:06.461849: 
2026-05-29 23:27:06.462112: Epoch 137
2026-05-29 23:27:06.462266: Current learning rate: 0.00876
2026-05-29 23:27:38.598152: train_loss -0.5775
2026-05-29 23:27:38.598443: val_loss -0.6201
2026-05-29 23:27:38.598527: Pseudo dice [np.float32(0.8975)]
2026-05-29 23:27:38.598645: Epoch time: 32.14 s
2026-05-29 23:27:40.289951: 
2026-05-29 23:27:40.290277: Epoch 138
2026-05-29 23:27:40.290415: Current learning rate: 0.00875
2026-05-29 23:28:12.722208: train_loss -0.6404
2026-05-29 23:28:12.722611: val_loss -0.599
2026-05-29 23:28:12.722746: Pseudo dice [np.float32(0.8838)]
2026-05-29 23:28:12.722877: Epoch time: 32.43 s
2026-05-29 23:28:14.000499: 
2026-05-29 23:28:14.000828: Epoch 139
2026-05-29 23:28:14.000945: Current learning rate: 0.00874
2026-05-29 23:28:46.203672: train_loss -0.6504
2026-05-29 23:28:46.204167: val_loss -0.7057
2026-05-29 23:28:46.204407: Pseudo dice [np.float32(0.9146)]
2026-05-29 23:28:46.204690: Epoch time: 32.21 s
2026-05-29 23:28:46.204882: Yayy! New best EMA pseudo Dice: 0.8863000273704529
2026-05-29 23:28:49.106130: 
2026-05-29 23:28:49.106442: Epoch 140
2026-05-29 23:28:49.106577: Current learning rate: 0.00873
2026-05-29 23:29:21.241867: train_loss -0.6601
2026-05-29 23:29:21.242110: val_loss -0.5594
2026-05-29 23:29:21.242193: Pseudo dice [np.float32(0.8674)]
2026-05-29 23:29:21.242305: Epoch time: 32.14 s
2026-05-29 23:29:22.543214: 
2026-05-29 23:29:22.543498: Epoch 141
2026-05-29 23:29:22.543623: Current learning rate: 0.00872
2026-05-29 23:29:54.700871: train_loss -0.6149
2026-05-29 23:29:54.701249: val_loss -0.6826
2026-05-29 23:29:54.701383: Pseudo dice [np.float32(0.9046)]
2026-05-29 23:29:54.701500: Epoch time: 32.16 s
2026-05-29 23:29:54.701595: Yayy! New best EMA pseudo Dice: 0.8863999843597412
2026-05-29 23:29:57.576158: 
2026-05-29 23:29:57.576458: Epoch 142
2026-05-29 23:29:57.576577: Current learning rate: 0.00871
2026-05-29 23:30:29.735397: train_loss -0.6279
2026-05-29 23:30:29.735657: val_loss -0.4729
2026-05-29 23:30:29.735748: Pseudo dice [np.float32(0.8462)]
2026-05-29 23:30:29.735858: Epoch time: 32.16 s
2026-05-29 23:30:31.196035: 
2026-05-29 23:30:31.196370: Epoch 143
2026-05-29 23:30:31.196562: Current learning rate: 0.0087
2026-05-29 23:31:03.205179: train_loss -0.5935
2026-05-29 23:31:03.205733: val_loss -0.6675
2026-05-29 23:31:03.206003: Pseudo dice [np.float32(0.9055)]
2026-05-29 23:31:03.206256: Epoch time: 32.01 s
2026-05-29 23:31:04.705468: 
2026-05-29 23:31:04.705760: Epoch 144
2026-05-29 23:31:04.705879: Current learning rate: 0.00869
2026-05-29 23:31:36.821481: train_loss -0.6289
2026-05-29 23:31:36.821802: val_loss -0.5665
2026-05-29 23:31:36.821907: Pseudo dice [np.float32(0.8693)]
2026-05-29 23:31:36.822043: Epoch time: 32.12 s
2026-05-29 23:31:38.156752: 
2026-05-29 23:31:38.157053: Epoch 145
2026-05-29 23:31:38.157177: Current learning rate: 0.00868
2026-05-29 23:32:10.201085: train_loss -0.6093
2026-05-29 23:32:10.201420: val_loss -0.6052
2026-05-29 23:32:10.201517: Pseudo dice [np.float32(0.8891)]
2026-05-29 23:32:10.201720: Epoch time: 32.05 s
2026-05-29 23:32:11.494809: 
2026-05-29 23:32:11.495088: Epoch 146
2026-05-29 23:32:11.495223: Current learning rate: 0.00868
2026-05-29 23:32:43.542678: train_loss -0.6217
2026-05-29 23:32:43.542912: val_loss -0.6224
2026-05-29 23:32:43.546292: Pseudo dice [np.float32(0.8843)]
2026-05-29 23:32:43.546525: Epoch time: 32.05 s
2026-05-29 23:32:44.890082: 
2026-05-29 23:32:44.890373: Epoch 147
2026-05-29 23:32:44.890505: Current learning rate: 0.00867
2026-05-29 23:33:16.928806: train_loss -0.6681
2026-05-29 23:33:16.929094: val_loss -0.7051
2026-05-29 23:33:16.929191: Pseudo dice [np.float32(0.9139)]
2026-05-29 23:33:16.929353: Epoch time: 32.04 s
2026-05-29 23:33:16.929517: Yayy! New best EMA pseudo Dice: 0.8867999911308289
2026-05-29 23:33:19.857404: 
2026-05-29 23:33:19.857694: Epoch 148
2026-05-29 23:33:19.857839: Current learning rate: 0.00866
2026-05-29 23:33:51.956940: train_loss -0.6127
2026-05-29 23:33:51.957216: val_loss -0.5946
2026-05-29 23:33:51.957317: Pseudo dice [np.float32(0.8861)]
2026-05-29 23:33:51.957443: Epoch time: 32.1 s
2026-05-29 23:33:53.727821: 
2026-05-29 23:33:53.728120: Epoch 149
2026-05-29 23:33:53.728261: Current learning rate: 0.00865
2026-05-29 23:34:25.854804: train_loss -0.6749
2026-05-29 23:34:25.855162: val_loss -0.6043
2026-05-29 23:34:25.855259: Pseudo dice [np.float32(0.8743)]
2026-05-29 23:34:25.855373: Epoch time: 32.13 s
2026-05-29 23:34:28.764362: 
2026-05-29 23:34:28.765022: Epoch 150
2026-05-29 23:34:28.765159: Current learning rate: 0.00864
2026-05-29 23:35:00.808330: train_loss -0.6216
2026-05-29 23:35:00.808736: val_loss -0.6704
2026-05-29 23:35:00.808827: Pseudo dice [np.float32(0.8975)]
2026-05-29 23:35:00.808943: Epoch time: 32.05 s
2026-05-29 23:35:02.125430: 
2026-05-29 23:35:02.125739: Epoch 151
2026-05-29 23:35:02.125863: Current learning rate: 0.00863
2026-05-29 23:35:34.127398: train_loss -0.6314
2026-05-29 23:35:34.127629: val_loss -0.5707
2026-05-29 23:35:34.127780: Pseudo dice [np.float32(0.8671)]
2026-05-29 23:35:34.127962: Epoch time: 32.0 s
2026-05-29 23:35:35.459892: 
2026-05-29 23:35:35.460212: Epoch 152
2026-05-29 23:35:35.460384: Current learning rate: 0.00862
2026-05-29 23:36:07.570017: train_loss -0.5629
2026-05-29 23:36:07.570397: val_loss -0.6169
2026-05-29 23:36:07.570580: Pseudo dice [np.float32(0.8943)]
2026-05-29 23:36:07.570719: Epoch time: 32.11 s
2026-05-29 23:36:08.909573: 
2026-05-29 23:36:08.909882: Epoch 153
2026-05-29 23:36:08.910021: Current learning rate: 0.00861
2026-05-29 23:36:41.040747: train_loss -0.6188
2026-05-29 23:36:41.041158: val_loss -0.6616
2026-05-29 23:36:41.041255: Pseudo dice [np.float32(0.9083)]
2026-05-29 23:36:41.041405: Epoch time: 32.13 s
2026-05-29 23:36:41.041493: Yayy! New best EMA pseudo Dice: 0.8880000114440918
2026-05-29 23:36:44.000300: 
2026-05-29 23:36:44.000608: Epoch 154
2026-05-29 23:36:44.000747: Current learning rate: 0.0086
2026-05-29 23:37:16.072770: train_loss -0.6455
2026-05-29 23:37:16.073088: val_loss -0.6534
2026-05-29 23:37:16.073180: Pseudo dice [np.float32(0.8982)]
2026-05-29 23:37:16.073323: Epoch time: 32.07 s
2026-05-29 23:37:16.073487: Yayy! New best EMA pseudo Dice: 0.8889999985694885
2026-05-29 23:37:19.006048: 
2026-05-29 23:37:19.006349: Epoch 155
2026-05-29 23:37:19.006484: Current learning rate: 0.00859
2026-05-29 23:37:51.194632: train_loss -0.5629
2026-05-29 23:37:51.194916: val_loss -0.6407
2026-05-29 23:37:51.195003: Pseudo dice [np.float32(0.8935)]
2026-05-29 23:37:51.195118: Epoch time: 32.19 s
2026-05-29 23:37:51.195199: Yayy! New best EMA pseudo Dice: 0.8894000053405762
2026-05-29 23:37:54.286679: 
2026-05-29 23:37:54.286979: Epoch 156
2026-05-29 23:37:54.287144: Current learning rate: 0.00858
2026-05-29 23:38:26.276490: train_loss -0.5977
2026-05-29 23:38:26.276798: val_loss -0.5899
2026-05-29 23:38:26.276882: Pseudo dice [np.float32(0.8798)]
2026-05-29 23:38:26.277017: Epoch time: 31.99 s
2026-05-29 23:38:27.588497: 
2026-05-29 23:38:27.588755: Epoch 157
2026-05-29 23:38:27.588875: Current learning rate: 0.00858
2026-05-29 23:38:59.708214: train_loss -0.6134
2026-05-29 23:38:59.708616: val_loss -0.6015
2026-05-29 23:38:59.708702: Pseudo dice [np.float32(0.8935)]
2026-05-29 23:38:59.708818: Epoch time: 32.12 s
2026-05-29 23:39:01.035642: 
2026-05-29 23:39:01.035841: Epoch 158
2026-05-29 23:39:01.036051: Current learning rate: 0.00857
2026-05-29 23:39:33.042476: train_loss -0.6282
2026-05-29 23:39:33.042821: val_loss -0.544
2026-05-29 23:39:33.043015: Pseudo dice [np.float32(0.8614)]
2026-05-29 23:39:33.043276: Epoch time: 32.01 s
2026-05-29 23:39:34.388157: 
2026-05-29 23:39:34.388475: Epoch 159
2026-05-29 23:39:34.388612: Current learning rate: 0.00856
2026-05-29 23:40:06.428687: train_loss -0.6671
2026-05-29 23:40:06.429061: val_loss -0.6956
2026-05-29 23:40:06.429195: Pseudo dice [np.float32(0.9144)]
2026-05-29 23:40:06.429358: Epoch time: 32.04 s
2026-05-29 23:40:08.243991: 
2026-05-29 23:40:08.244297: Epoch 160
2026-05-29 23:40:08.244461: Current learning rate: 0.00855
2026-05-29 23:40:40.283794: train_loss -0.6391
2026-05-29 23:40:40.284113: val_loss -0.5567
2026-05-29 23:40:40.284204: Pseudo dice [np.float32(0.8809)]
2026-05-29 23:40:40.284320: Epoch time: 32.04 s
2026-05-29 23:40:41.633460: 
2026-05-29 23:40:41.633759: Epoch 161
2026-05-29 23:40:41.633879: Current learning rate: 0.00854
2026-05-29 23:41:13.734232: train_loss -0.6433
2026-05-29 23:41:13.738733: val_loss -0.6396
2026-05-29 23:41:13.742853: Pseudo dice [np.float32(0.8937)]
2026-05-29 23:41:13.743621: Epoch time: 32.1 s
2026-05-29 23:41:15.065453: 
2026-05-29 23:41:15.065750: Epoch 162
2026-05-29 23:41:15.065870: Current learning rate: 0.00853
2026-05-29 23:41:47.179814: train_loss -0.6337
2026-05-29 23:41:47.180072: val_loss -0.7647
2026-05-29 23:41:47.180156: Pseudo dice [np.float32(0.9386)]
2026-05-29 23:41:47.180336: Epoch time: 32.12 s
2026-05-29 23:41:47.180431: Yayy! New best EMA pseudo Dice: 0.8937000036239624
2026-05-29 23:41:50.074520: 
2026-05-29 23:41:50.074813: Epoch 163
2026-05-29 23:41:50.074944: Current learning rate: 0.00852
2026-05-29 23:42:22.147722: train_loss -0.6611
2026-05-29 23:42:22.147967: val_loss -0.6635
2026-05-29 23:42:22.148051: Pseudo dice [np.float32(0.8991)]
2026-05-29 23:42:22.148162: Epoch time: 32.08 s
2026-05-29 23:42:22.148247: Yayy! New best EMA pseudo Dice: 0.8942999839782715
2026-05-29 23:42:25.117985: 
2026-05-29 23:42:25.118266: Epoch 164
2026-05-29 23:42:25.118429: Current learning rate: 0.00851
2026-05-29 23:42:57.183903: train_loss -0.6447
2026-05-29 23:42:57.184230: val_loss -0.6156
2026-05-29 23:42:57.184330: Pseudo dice [np.float32(0.8888)]
2026-05-29 23:42:57.184446: Epoch time: 32.07 s
2026-05-29 23:42:58.505953: 
2026-05-29 23:42:58.506284: Epoch 165
2026-05-29 23:42:58.506407: Current learning rate: 0.0085
2026-05-29 23:43:30.631527: train_loss -0.6957
2026-05-29 23:43:30.631938: val_loss -0.7503
2026-05-29 23:43:30.632038: Pseudo dice [np.float32(0.93)]
2026-05-29 23:43:30.632156: Epoch time: 32.13 s
2026-05-29 23:43:30.632249: Yayy! New best EMA pseudo Dice: 0.8974000215530396
2026-05-29 23:43:33.535211: 
2026-05-29 23:43:33.535622: Epoch 166
2026-05-29 23:43:33.535745: Current learning rate: 0.00849
2026-05-29 23:44:05.573392: train_loss -0.6632
2026-05-29 23:44:05.573629: val_loss -0.6879
2026-05-29 23:44:05.573723: Pseudo dice [np.float32(0.9151)]
2026-05-29 23:44:05.573834: Epoch time: 32.04 s
2026-05-29 23:44:05.573918: Yayy! New best EMA pseudo Dice: 0.8991000056266785
2026-05-29 23:44:08.493348: 
2026-05-29 23:44:08.493678: Epoch 167
2026-05-29 23:44:08.493847: Current learning rate: 0.00848
2026-05-29 23:44:40.608781: train_loss -0.6671
2026-05-29 23:44:40.609125: val_loss -0.669
2026-05-29 23:44:40.609306: Pseudo dice [np.float32(0.9133)]
2026-05-29 23:44:40.609417: Epoch time: 32.12 s
2026-05-29 23:44:40.609495: Yayy! New best EMA pseudo Dice: 0.900600016117096
2026-05-29 23:44:43.502757: 
2026-05-29 23:44:43.503042: Epoch 168
2026-05-29 23:44:43.503156: Current learning rate: 0.00847
2026-05-29 23:45:15.543265: train_loss -0.641
2026-05-29 23:45:15.543496: val_loss -0.5565
2026-05-29 23:45:15.543577: Pseudo dice [np.float32(0.8647)]
2026-05-29 23:45:15.543690: Epoch time: 32.04 s
2026-05-29 23:45:16.900023: 
2026-05-29 23:45:16.900324: Epoch 169
2026-05-29 23:45:16.900445: Current learning rate: 0.00847
2026-05-29 23:45:49.009224: train_loss -0.6562
2026-05-29 23:45:49.009511: val_loss -0.5927
2026-05-29 23:45:49.009599: Pseudo dice [np.float32(0.8839)]
2026-05-29 23:45:49.009712: Epoch time: 32.11 s
2026-05-29 23:45:50.359809: 
2026-05-29 23:45:50.360117: Epoch 170
2026-05-29 23:45:50.360307: Current learning rate: 0.00846
2026-05-29 23:46:22.420715: train_loss -0.6526
2026-05-29 23:46:22.421039: val_loss -0.6857
2026-05-29 23:46:22.421134: Pseudo dice [np.float32(0.9138)]
2026-05-29 23:46:22.421331: Epoch time: 32.06 s
2026-05-29 23:46:24.134156: 
2026-05-29 23:46:24.134467: Epoch 171
2026-05-29 23:46:24.134585: Current learning rate: 0.00845
2026-05-29 23:46:56.134938: train_loss -0.6352
2026-05-29 23:46:56.135313: val_loss -0.5118
2026-05-29 23:46:56.135502: Pseudo dice [np.float32(0.8613)]
2026-05-29 23:46:56.135730: Epoch time: 32.0 s
2026-05-29 23:46:57.468611: 
2026-05-29 23:46:57.468871: Epoch 172
2026-05-29 23:46:57.469019: Current learning rate: 0.00844
2026-05-29 23:47:29.476507: train_loss -0.6359
2026-05-29 23:47:29.476868: val_loss -0.7001
2026-05-29 23:47:29.476951: Pseudo dice [np.float32(0.9177)]
2026-05-29 23:47:29.477087: Epoch time: 32.01 s
2026-05-29 23:47:30.762145: 
2026-05-29 23:47:30.762440: Epoch 173
2026-05-29 23:47:30.762993: Current learning rate: 0.00843
2026-05-29 23:48:02.861825: train_loss -0.6899
2026-05-29 23:48:02.862209: val_loss -0.6906
2026-05-29 23:48:02.862338: Pseudo dice [np.float32(0.919)]
2026-05-29 23:48:02.862467: Epoch time: 32.1 s
2026-05-29 23:48:04.179505: 
2026-05-29 23:48:04.179806: Epoch 174
2026-05-29 23:48:04.179968: Current learning rate: 0.00842
2026-05-29 23:48:36.246536: train_loss -0.6658
2026-05-29 23:48:36.246941: val_loss -0.6914
2026-05-29 23:48:36.247125: Pseudo dice [np.float32(0.9094)]
2026-05-29 23:48:36.247367: Epoch time: 32.07 s
2026-05-29 23:48:37.614095: 
2026-05-29 23:48:37.614435: Epoch 175
2026-05-29 23:48:37.614592: Current learning rate: 0.00841
2026-05-29 23:49:09.677570: train_loss -0.6497
2026-05-29 23:49:09.677927: val_loss -0.6467
2026-05-29 23:49:09.678024: Pseudo dice [np.float32(0.8973)]
2026-05-29 23:49:09.678136: Epoch time: 32.07 s
2026-05-29 23:49:11.031114: 
2026-05-29 23:49:11.031436: Epoch 176
2026-05-29 23:49:11.031565: Current learning rate: 0.0084
2026-05-29 23:49:43.091860: train_loss -0.5996
2026-05-29 23:49:43.092157: val_loss -0.6055
2026-05-29 23:49:43.092244: Pseudo dice [np.float32(0.8873)]
2026-05-29 23:49:43.092364: Epoch time: 32.06 s
2026-05-29 23:49:44.436133: 
2026-05-29 23:49:44.436400: Epoch 177
2026-05-29 23:49:44.436541: Current learning rate: 0.00839
2026-05-29 23:50:16.434515: train_loss -0.6235
2026-05-29 23:50:16.434826: val_loss -0.6538
2026-05-29 23:50:16.434991: Pseudo dice [np.float32(0.8911)]
2026-05-29 23:50:16.435102: Epoch time: 32.0 s
2026-05-29 23:50:17.744551: 
2026-05-29 23:50:17.744823: Epoch 178
2026-05-29 23:50:17.745011: Current learning rate: 0.00838
2026-05-29 23:50:49.772460: train_loss -0.6782
2026-05-29 23:50:49.772859: val_loss -0.6932
2026-05-29 23:50:49.773045: Pseudo dice [np.float32(0.915)]
2026-05-29 23:50:49.773182: Epoch time: 32.03 s
2026-05-29 23:50:51.096478: 
2026-05-29 23:50:51.096776: Epoch 179
2026-05-29 23:50:51.096907: Current learning rate: 0.00837
2026-05-29 23:51:23.164519: train_loss -0.6865
2026-05-29 23:51:23.164774: val_loss -0.6577
2026-05-29 23:51:23.165028: Pseudo dice [np.float32(0.8991)]
2026-05-29 23:51:23.165154: Epoch time: 32.07 s
2026-05-29 23:51:24.609814: 
2026-05-29 23:51:24.610135: Epoch 180
2026-05-29 23:51:24.610283: Current learning rate: 0.00836
2026-05-29 23:51:56.663194: train_loss -0.6562
2026-05-29 23:51:56.663508: val_loss -0.6328
2026-05-29 23:51:56.663604: Pseudo dice [np.float32(0.8933)]
2026-05-29 23:51:56.663715: Epoch time: 32.06 s
2026-05-29 23:51:57.992298: 
2026-05-29 23:51:57.992547: Epoch 181
2026-05-29 23:51:57.992688: Current learning rate: 0.00836
2026-05-29 23:52:29.995150: train_loss -0.6126
2026-05-29 23:52:29.995438: val_loss -0.5091
2026-05-29 23:52:29.995539: Pseudo dice [np.float32(0.8424)]
2026-05-29 23:52:29.995705: Epoch time: 32.0 s
2026-05-29 23:52:31.715767: 
2026-05-29 23:52:31.716080: Epoch 182
2026-05-29 23:52:31.716243: Current learning rate: 0.00835
2026-05-29 23:53:03.804246: train_loss -0.7094
2026-05-29 23:53:03.804620: val_loss -0.6981
2026-05-29 23:53:03.804737: Pseudo dice [np.float32(0.9229)]
2026-05-29 23:53:03.804862: Epoch time: 32.09 s
2026-05-29 23:53:05.124405: 
2026-05-29 23:53:05.124705: Epoch 183
2026-05-29 23:53:05.124830: Current learning rate: 0.00834
2026-05-29 23:53:37.152436: train_loss -0.7071
2026-05-29 23:53:37.152767: val_loss -0.7122
2026-05-29 23:53:37.152855: Pseudo dice [np.float32(0.9115)]
2026-05-29 23:53:37.152971: Epoch time: 32.03 s
2026-05-29 23:53:38.455817: 
2026-05-29 23:53:38.456119: Epoch 184
2026-05-29 23:53:38.456237: Current learning rate: 0.00833
2026-05-29 23:54:10.445128: train_loss -0.6837
2026-05-29 23:54:10.445409: val_loss -0.6544
2026-05-29 23:54:10.445497: Pseudo dice [np.float32(0.9054)]
2026-05-29 23:54:10.445613: Epoch time: 31.99 s
2026-05-29 23:54:11.801762: 
2026-05-29 23:54:11.801992: Epoch 185
2026-05-29 23:54:11.802255: Current learning rate: 0.00832
2026-05-29 23:54:43.898118: train_loss -0.6637
2026-05-29 23:54:43.898501: val_loss -0.6851
2026-05-29 23:54:43.898608: Pseudo dice [np.float32(0.9126)]
2026-05-29 23:54:43.898729: Epoch time: 32.1 s
2026-05-29 23:54:45.235011: 
2026-05-29 23:54:45.235342: Epoch 186
2026-05-29 23:54:45.235467: Current learning rate: 0.00831
2026-05-29 23:55:17.242236: train_loss -0.6598
2026-05-29 23:55:17.242535: val_loss -0.6301
2026-05-29 23:55:17.242628: Pseudo dice [np.float32(0.8836)]
2026-05-29 23:55:17.242754: Epoch time: 32.01 s
2026-05-29 23:55:18.572709: 
2026-05-29 23:55:18.573027: Epoch 187
2026-05-29 23:55:18.573188: Current learning rate: 0.0083
2026-05-29 23:55:50.698981: train_loss -0.6834
2026-05-29 23:55:50.699295: val_loss -0.6705
2026-05-29 23:55:50.699396: Pseudo dice [np.float32(0.9086)]
2026-05-29 23:55:50.699532: Epoch time: 32.13 s
2026-05-29 23:55:52.112350: 
2026-05-29 23:55:52.112701: Epoch 188
2026-05-29 23:55:52.112823: Current learning rate: 0.00829
2026-05-29 23:56:24.198684: train_loss -0.6573
2026-05-29 23:56:24.199163: val_loss -0.545
2026-05-29 23:56:24.199264: Pseudo dice [np.float32(0.8694)]
2026-05-29 23:56:24.199420: Epoch time: 32.09 s
2026-05-29 23:56:25.546772: 
2026-05-29 23:56:25.547045: Epoch 189
2026-05-29 23:56:25.547204: Current learning rate: 0.00828
2026-05-29 23:56:57.545275: train_loss -0.6781
2026-05-29 23:56:57.545723: val_loss -0.7198
2026-05-29 23:56:57.545826: Pseudo dice [np.float32(0.9207)]
2026-05-29 23:56:57.545957: Epoch time: 32.0 s
2026-05-29 23:56:58.888201: 
2026-05-29 23:56:58.888463: Epoch 190
2026-05-29 23:56:58.888616: Current learning rate: 0.00827
2026-05-29 23:57:30.949247: train_loss -0.66
2026-05-29 23:57:30.949574: val_loss -0.5632
2026-05-29 23:57:30.949669: Pseudo dice [np.float32(0.8791)]
2026-05-29 23:57:30.949808: Epoch time: 32.06 s
2026-05-29 23:57:32.290901: 
2026-05-29 23:57:32.291139: Epoch 191
2026-05-29 23:57:32.291260: Current learning rate: 0.00826
2026-05-29 23:58:04.347471: train_loss -0.6433
2026-05-29 23:58:04.347754: val_loss -0.6731
2026-05-29 23:58:04.347842: Pseudo dice [np.float32(0.9078)]
2026-05-29 23:58:04.347962: Epoch time: 32.06 s
2026-05-29 23:58:05.707739: 
2026-05-29 23:58:05.708046: Epoch 192
2026-05-29 23:58:05.708182: Current learning rate: 0.00825
2026-05-29 23:58:37.733466: train_loss -0.6758
2026-05-29 23:58:37.733706: val_loss -0.6753
2026-05-29 23:58:37.733792: Pseudo dice [np.float32(0.8965)]
2026-05-29 23:58:37.733912: Epoch time: 32.03 s
2026-05-29 23:58:39.414490: 
2026-05-29 23:58:39.414741: Epoch 193
2026-05-29 23:58:39.414910: Current learning rate: 0.00824
2026-05-29 23:59:11.446853: train_loss -0.6759
2026-05-29 23:59:11.447094: val_loss -0.6178
2026-05-29 23:59:11.447176: Pseudo dice [np.float32(0.8752)]
2026-05-29 23:59:11.447284: Epoch time: 32.03 s
2026-05-29 23:59:12.791971: 
2026-05-29 23:59:12.792294: Epoch 194
2026-05-29 23:59:12.792422: Current learning rate: 0.00824
2026-05-29 23:59:44.797361: train_loss -0.7269
2026-05-29 23:59:44.797937: val_loss -0.6972
2026-05-29 23:59:44.798066: Pseudo dice [np.float32(0.9155)]
2026-05-29 23:59:44.798210: Epoch time: 32.01 s
2026-05-29 23:59:46.138644: 
2026-05-29 23:59:46.138908: Epoch 195
2026-05-29 23:59:46.139066: Current learning rate: 0.00823
2026-05-30 00:00:18.189643: train_loss -0.6553
2026-05-30 00:00:18.189911: val_loss -0.755
2026-05-30 00:00:18.190068: Pseudo dice [np.float32(0.9346)]
2026-05-30 00:00:18.190195: Epoch time: 32.05 s
2026-05-30 00:00:18.190291: Yayy! New best EMA pseudo Dice: 0.901199996471405
2026-05-30 00:00:21.297433: 
2026-05-30 00:00:21.297703: Epoch 196
2026-05-30 00:00:21.297835: Current learning rate: 0.00822
2026-05-30 00:00:53.446946: train_loss -0.6741
2026-05-30 00:00:53.447248: val_loss -0.6749
2026-05-30 00:00:53.447335: Pseudo dice [np.float32(0.9038)]
2026-05-30 00:00:53.447478: Epoch time: 32.15 s
2026-05-30 00:00:53.447660: Yayy! New best EMA pseudo Dice: 0.9014000296592712
2026-05-30 00:00:56.422445: 
2026-05-30 00:00:56.422799: Epoch 197
2026-05-30 00:00:56.422926: Current learning rate: 0.00821
2026-05-30 00:01:28.624105: train_loss -0.6388
2026-05-30 00:01:28.624393: val_loss -0.71
2026-05-30 00:01:28.624483: Pseudo dice [np.float32(0.9163)]
2026-05-30 00:01:28.625095: Epoch time: 32.2 s
2026-05-30 00:01:28.625199: Yayy! New best EMA pseudo Dice: 0.902899980545044
2026-05-30 00:01:31.584320: 
2026-05-30 00:01:31.584633: Epoch 198
2026-05-30 00:01:31.584753: Current learning rate: 0.0082
2026-05-30 00:02:03.708652: train_loss -0.6742
2026-05-30 00:02:03.709008: val_loss -0.6143
2026-05-30 00:02:03.709099: Pseudo dice [np.float32(0.8821)]
2026-05-30 00:02:03.709219: Epoch time: 32.13 s
2026-05-30 00:02:05.072192: 
2026-05-30 00:02:05.072468: Epoch 199
2026-05-30 00:02:05.072588: Current learning rate: 0.00819
2026-05-30 00:02:37.127134: train_loss -0.6439
2026-05-30 00:02:37.127470: val_loss -0.6393
2026-05-30 00:02:37.127556: Pseudo dice [np.float32(0.8941)]
2026-05-30 00:02:37.127685: Epoch time: 32.06 s
2026-05-30 00:02:40.054834: 
2026-05-30 00:02:40.055116: Epoch 200
2026-05-30 00:02:40.055235: Current learning rate: 0.00818
2026-05-30 00:03:12.184542: train_loss -0.6795
2026-05-30 00:03:12.184905: val_loss -0.6895
2026-05-30 00:03:12.185019: Pseudo dice [np.float32(0.9118)]
2026-05-30 00:03:12.185155: Epoch time: 32.13 s
2026-05-30 00:03:13.484128: 
2026-05-30 00:03:13.484385: Epoch 201
2026-05-30 00:03:13.484542: Current learning rate: 0.00817
2026-05-30 00:03:45.451923: train_loss -0.6819
2026-05-30 00:03:45.452312: val_loss -0.6516
2026-05-30 00:03:45.452422: Pseudo dice [np.float32(0.8954)]
2026-05-30 00:03:45.452537: Epoch time: 31.97 s
2026-05-30 00:03:46.802612: 
2026-05-30 00:03:46.802867: Epoch 202
2026-05-30 00:03:46.803018: Current learning rate: 0.00816
2026-05-30 00:04:18.577053: train_loss -0.7049
2026-05-30 00:04:18.577430: val_loss -0.6427
2026-05-30 00:04:18.577514: Pseudo dice [np.float32(0.9036)]
2026-05-30 00:04:18.577626: Epoch time: 31.78 s
2026-05-30 00:04:19.890387: 
2026-05-30 00:04:19.890662: Epoch 203
2026-05-30 00:04:19.890796: Current learning rate: 0.00815
2026-05-30 00:04:51.743652: train_loss -0.7106
2026-05-30 00:04:51.743959: val_loss -0.6167
2026-05-30 00:04:51.744044: Pseudo dice [np.float32(0.8896)]
2026-05-30 00:04:51.744158: Epoch time: 31.86 s
2026-05-30 00:04:53.460968: 
2026-05-30 00:04:53.461291: Epoch 204
2026-05-30 00:04:53.461435: Current learning rate: 0.00814
2026-05-30 00:05:25.300092: train_loss -0.6199
2026-05-30 00:05:25.300557: val_loss -0.7127
2026-05-30 00:05:25.300806: Pseudo dice [np.float32(0.9186)]
2026-05-30 00:05:25.301087: Epoch time: 31.84 s
2026-05-30 00:05:26.664930: 
2026-05-30 00:05:26.665262: Epoch 205
2026-05-30 00:05:26.665410: Current learning rate: 0.00813
2026-05-30 00:05:58.533850: train_loss -0.6972
2026-05-30 00:05:58.534108: val_loss -0.6782
2026-05-30 00:05:58.534192: Pseudo dice [np.float32(0.9041)]
2026-05-30 00:05:58.534301: Epoch time: 31.87 s
2026-05-30 00:05:59.816296: 
2026-05-30 00:05:59.816617: Epoch 206
2026-05-30 00:05:59.816741: Current learning rate: 0.00813
2026-05-30 00:06:31.624569: train_loss -0.6369
2026-05-30 00:06:31.624949: val_loss -0.6632
2026-05-30 00:06:31.625090: Pseudo dice [np.float32(0.9089)]
2026-05-30 00:06:31.625217: Epoch time: 31.81 s
2026-05-30 00:06:32.925588: 
2026-05-30 00:06:32.925892: Epoch 207
2026-05-30 00:06:32.926013: Current learning rate: 0.00812
2026-05-30 00:07:04.732459: train_loss -0.6507
2026-05-30 00:07:04.732911: val_loss -0.6041
2026-05-30 00:07:04.733091: Pseudo dice [np.float32(0.8852)]
2026-05-30 00:07:04.733284: Epoch time: 31.81 s
2026-05-30 00:07:06.029408: 
2026-05-30 00:07:06.029718: Epoch 208
2026-05-30 00:07:06.029854: Current learning rate: 0.00811
2026-05-30 00:07:37.757783: train_loss -0.6599
2026-05-30 00:07:37.758237: val_loss -0.6578
2026-05-30 00:07:37.758327: Pseudo dice [np.float32(0.9016)]
2026-05-30 00:07:37.758450: Epoch time: 31.73 s
2026-05-30 00:07:39.096092: 
2026-05-30 00:07:39.096363: Epoch 209
2026-05-30 00:07:39.096512: Current learning rate: 0.0081
2026-05-30 00:08:10.904297: train_loss -0.7028
2026-05-30 00:08:10.904692: val_loss -0.7058
2026-05-30 00:08:10.904787: Pseudo dice [np.float32(0.925)]
2026-05-30 00:08:10.904911: Epoch time: 31.81 s
2026-05-30 00:08:10.905019: Yayy! New best EMA pseudo Dice: 0.9034000039100647
2026-05-30 00:08:13.915606: 
2026-05-30 00:08:13.915902: Epoch 210
2026-05-30 00:08:13.916023: Current learning rate: 0.00809
2026-05-30 00:08:45.722398: train_loss -0.6732
2026-05-30 00:08:45.722774: val_loss -0.6267
2026-05-30 00:08:45.722871: Pseudo dice [np.float32(0.9)]
2026-05-30 00:08:45.722984: Epoch time: 31.81 s
2026-05-30 00:08:47.061257: 
2026-05-30 00:08:47.061503: Epoch 211
2026-05-30 00:08:47.061654: Current learning rate: 0.00808
2026-05-30 00:09:18.931918: train_loss -0.6835
2026-05-30 00:09:18.932158: val_loss -0.6317
2026-05-30 00:09:18.932246: Pseudo dice [np.float32(0.9015)]
2026-05-30 00:09:18.932364: Epoch time: 31.87 s
2026-05-30 00:09:20.221651: 
2026-05-30 00:09:20.221925: Epoch 212
2026-05-30 00:09:20.222045: Current learning rate: 0.00807
2026-05-30 00:09:52.157640: train_loss -0.684
2026-05-30 00:09:52.157959: val_loss -0.6736
2026-05-30 00:09:52.158047: Pseudo dice [np.float32(0.9065)]
2026-05-30 00:09:52.158164: Epoch time: 31.94 s
2026-05-30 00:09:53.439867: 
2026-05-30 00:09:53.440143: Epoch 213
2026-05-30 00:09:53.440289: Current learning rate: 0.00806
2026-05-30 00:10:25.246220: train_loss -0.7218
2026-05-30 00:10:25.246474: val_loss -0.7312
2026-05-30 00:10:25.246642: Pseudo dice [np.float32(0.9262)]
2026-05-30 00:10:25.246776: Epoch time: 31.81 s
2026-05-30 00:10:25.246948: Yayy! New best EMA pseudo Dice: 0.9056000113487244
2026-05-30 00:10:28.146177: 
2026-05-30 00:10:28.146451: Epoch 214
2026-05-30 00:10:28.146574: Current learning rate: 0.00805
2026-05-30 00:10:59.875837: train_loss -0.7195
2026-05-30 00:10:59.876174: val_loss -0.7799
2026-05-30 00:10:59.876279: Pseudo dice [np.float32(0.9414)]
2026-05-30 00:10:59.876419: Epoch time: 31.73 s
2026-05-30 00:10:59.876585: Yayy! New best EMA pseudo Dice: 0.9090999960899353
2026-05-30 00:11:03.134068: 
2026-05-30 00:11:03.134328: Epoch 215
2026-05-30 00:11:03.134480: Current learning rate: 0.00804
2026-05-30 00:11:34.921203: train_loss -0.7005
2026-05-30 00:11:34.921485: val_loss -0.5925
2026-05-30 00:11:34.921566: Pseudo dice [np.float32(0.8849)]
2026-05-30 00:11:34.921678: Epoch time: 31.79 s
2026-05-30 00:11:36.227780: 
2026-05-30 00:11:36.228059: Epoch 216
2026-05-30 00:11:36.228178: Current learning rate: 0.00803
2026-05-30 00:12:08.080421: train_loss -0.7186
2026-05-30 00:12:08.080673: val_loss -0.6811
2026-05-30 00:12:08.080831: Pseudo dice [np.float32(0.9062)]
2026-05-30 00:12:08.080956: Epoch time: 31.85 s
2026-05-30 00:12:09.342653: 
2026-05-30 00:12:09.342952: Epoch 217
2026-05-30 00:12:09.343073: Current learning rate: 0.00802
2026-05-30 00:12:41.083746: train_loss -0.6176
2026-05-30 00:12:41.084005: val_loss -0.6121
2026-05-30 00:12:41.084162: Pseudo dice [np.float32(0.8933)]
2026-05-30 00:12:41.084298: Epoch time: 31.74 s
2026-05-30 00:12:42.342998: 
2026-05-30 00:12:42.343279: Epoch 218
2026-05-30 00:12:42.343398: Current learning rate: 0.00801
2026-05-30 00:13:14.062048: train_loss -0.6708
2026-05-30 00:13:14.062347: val_loss -0.6058
2026-05-30 00:13:14.062463: Pseudo dice [np.float32(0.8775)]
2026-05-30 00:13:14.062579: Epoch time: 31.72 s
2026-05-30 00:13:15.376742: 
2026-05-30 00:13:15.377064: Epoch 219
2026-05-30 00:13:15.377192: Current learning rate: 0.00801
2026-05-30 00:13:47.252507: train_loss -0.6263
2026-05-30 00:13:47.252858: val_loss -0.6685
2026-05-30 00:13:47.252966: Pseudo dice [np.float32(0.9095)]
2026-05-30 00:13:47.253119: Epoch time: 31.88 s
2026-05-30 00:13:48.572650: 
2026-05-30 00:13:48.572925: Epoch 220
2026-05-30 00:13:48.573081: Current learning rate: 0.008
2026-05-30 00:14:20.341248: train_loss -0.6795
2026-05-30 00:14:20.341574: val_loss -0.6369
2026-05-30 00:14:20.341657: Pseudo dice [np.float32(0.9017)]
2026-05-30 00:14:20.341768: Epoch time: 31.77 s
2026-05-30 00:14:21.599850: 
2026-05-30 00:14:21.600096: Epoch 221
2026-05-30 00:14:21.600224: Current learning rate: 0.00799
2026-05-30 00:14:53.386472: train_loss -0.7045
2026-05-30 00:14:53.386798: val_loss -0.6765
2026-05-30 00:14:53.386969: Pseudo dice [np.float32(0.9036)]
2026-05-30 00:14:53.387526: Epoch time: 31.79 s
2026-05-30 00:14:54.675268: 
2026-05-30 00:14:54.675551: Epoch 222
2026-05-30 00:14:54.675674: Current learning rate: 0.00798
2026-05-30 00:15:26.403566: train_loss -0.6588
2026-05-30 00:15:26.403800: val_loss -0.6167
2026-05-30 00:15:26.403885: Pseudo dice [np.float32(0.8799)]
2026-05-30 00:15:26.404001: Epoch time: 31.73 s
2026-05-30 00:15:27.695813: 
2026-05-30 00:15:27.696130: Epoch 223
2026-05-30 00:15:27.696259: Current learning rate: 0.00797
2026-05-30 00:15:59.476184: train_loss -0.644
2026-05-30 00:15:59.476543: val_loss -0.6621
2026-05-30 00:15:59.476643: Pseudo dice [np.float32(0.9062)]
2026-05-30 00:15:59.476756: Epoch time: 31.78 s
2026-05-30 00:16:00.805523: 
2026-05-30 00:16:00.805777: Epoch 224
2026-05-30 00:16:00.805922: Current learning rate: 0.00796
2026-05-30 00:16:32.587220: train_loss -0.6266
2026-05-30 00:16:32.587546: val_loss -0.6534
2026-05-30 00:16:32.587642: Pseudo dice [np.float32(0.8986)]
2026-05-30 00:16:32.587785: Epoch time: 31.78 s
2026-05-30 00:16:33.919505: 
2026-05-30 00:16:33.919811: Epoch 225
2026-05-30 00:16:33.920026: Current learning rate: 0.00795
2026-05-30 00:17:05.707594: train_loss -0.6274
2026-05-30 00:17:05.707976: val_loss -0.6841
2026-05-30 00:17:05.708074: Pseudo dice [np.float32(0.9051)]
2026-05-30 00:17:05.708200: Epoch time: 31.79 s
2026-05-30 00:17:06.974708: 
2026-05-30 00:17:06.974970: Epoch 226
2026-05-30 00:17:06.975090: Current learning rate: 0.00794
2026-05-30 00:17:38.670470: train_loss -0.7053
2026-05-30 00:17:38.670745: val_loss -0.7111
2026-05-30 00:17:38.670830: Pseudo dice [np.float32(0.92)]
2026-05-30 00:17:38.670944: Epoch time: 31.7 s
2026-05-30 00:17:40.377578: 
2026-05-30 00:17:40.377896: Epoch 227
2026-05-30 00:17:40.378026: Current learning rate: 0.00793
2026-05-30 00:18:12.119199: train_loss -0.6488
2026-05-30 00:18:12.119519: val_loss -0.6123
2026-05-30 00:18:12.119638: Pseudo dice [np.float32(0.8892)]
2026-05-30 00:18:12.119843: Epoch time: 31.74 s
2026-05-30 00:18:13.375841: 
2026-05-30 00:18:13.376147: Epoch 228
2026-05-30 00:18:13.376278: Current learning rate: 0.00792
2026-05-30 00:18:45.107597: train_loss -0.71
2026-05-30 00:18:45.107900: val_loss -0.7247
2026-05-30 00:18:45.107994: Pseudo dice [np.float32(0.9211)]
2026-05-30 00:18:45.108127: Epoch time: 31.73 s
2026-05-30 00:18:46.380091: 
2026-05-30 00:18:46.380386: Epoch 229
2026-05-30 00:18:46.380507: Current learning rate: 0.00791
2026-05-30 00:19:18.201717: train_loss -0.6703
2026-05-30 00:19:18.201984: val_loss -0.6916
2026-05-30 00:19:18.202078: Pseudo dice [np.float32(0.9098)]
2026-05-30 00:19:18.202206: Epoch time: 31.82 s
2026-05-30 00:19:19.463875: 
2026-05-30 00:19:19.464172: Epoch 230
2026-05-30 00:19:19.464291: Current learning rate: 0.0079
2026-05-30 00:19:51.217108: train_loss -0.6638
2026-05-30 00:19:51.217443: val_loss -0.6428
2026-05-30 00:19:51.217528: Pseudo dice [np.float32(0.897)]
2026-05-30 00:19:51.217642: Epoch time: 31.76 s
2026-05-30 00:19:52.497998: 
2026-05-30 00:19:52.498306: Epoch 231
2026-05-30 00:19:52.498422: Current learning rate: 0.00789
2026-05-30 00:20:24.327705: train_loss -0.65
2026-05-30 00:20:24.327991: val_loss -0.6604
2026-05-30 00:20:24.328119: Pseudo dice [np.float32(0.9137)]
2026-05-30 00:20:24.328237: Epoch time: 31.83 s
2026-05-30 00:20:25.610104: 
2026-05-30 00:20:25.610411: Epoch 232
2026-05-30 00:20:25.610538: Current learning rate: 0.00789
2026-05-30 00:20:57.351309: train_loss -0.6579
2026-05-30 00:20:57.351586: val_loss -0.6188
2026-05-30 00:20:57.351675: Pseudo dice [np.float32(0.8923)]
2026-05-30 00:20:57.351787: Epoch time: 31.74 s
2026-05-30 00:20:58.643404: 
2026-05-30 00:20:58.643708: Epoch 233
2026-05-30 00:20:58.643854: Current learning rate: 0.00788
2026-05-30 00:21:30.414707: train_loss -0.6987
2026-05-30 00:21:30.415064: val_loss -0.7178
2026-05-30 00:21:30.415197: Pseudo dice [np.float32(0.9123)]
2026-05-30 00:21:30.415322: Epoch time: 31.77 s
2026-05-30 00:21:31.654582: 
2026-05-30 00:21:31.654870: Epoch 234
2026-05-30 00:21:31.654987: Current learning rate: 0.00787
2026-05-30 00:22:03.415122: train_loss -0.7428
2026-05-30 00:22:03.415438: val_loss -0.6724
2026-05-30 00:22:03.415528: Pseudo dice [np.float32(0.9035)]
2026-05-30 00:22:03.415641: Epoch time: 31.76 s
2026-05-30 00:22:04.701681: 
2026-05-30 00:22:04.701998: Epoch 235
2026-05-30 00:22:04.702135: Current learning rate: 0.00786
2026-05-30 00:22:36.468926: train_loss -0.6788
2026-05-30 00:22:36.469211: val_loss -0.7151
2026-05-30 00:22:36.469301: Pseudo dice [np.float32(0.9192)]
2026-05-30 00:22:36.469492: Epoch time: 31.77 s
2026-05-30 00:22:37.740280: 
2026-05-30 00:22:37.740577: Epoch 236
2026-05-30 00:22:37.740719: Current learning rate: 0.00785
2026-05-30 00:23:09.464720: train_loss -0.678
2026-05-30 00:23:09.465043: val_loss -0.7089
2026-05-30 00:23:09.465132: Pseudo dice [np.float32(0.9185)]
2026-05-30 00:23:09.465243: Epoch time: 31.73 s
2026-05-30 00:23:10.720401: 
2026-05-30 00:23:10.720674: Epoch 237
2026-05-30 00:23:10.720795: Current learning rate: 0.00784
2026-05-30 00:23:42.425258: train_loss -0.6417
2026-05-30 00:23:42.425556: val_loss -0.5909
2026-05-30 00:23:42.425675: Pseudo dice [np.float32(0.8725)]
2026-05-30 00:23:42.425872: Epoch time: 31.71 s
2026-05-30 00:23:43.712740: 
2026-05-30 00:23:43.713024: Epoch 238
2026-05-30 00:23:43.713147: Current learning rate: 0.00783
2026-05-30 00:24:15.368095: train_loss -0.6913
2026-05-30 00:24:15.368410: val_loss -0.6895
2026-05-30 00:24:15.368532: Pseudo dice [np.float32(0.9127)]
2026-05-30 00:24:15.368658: Epoch time: 31.66 s
2026-05-30 00:24:17.005450: 
2026-05-30 00:24:17.005727: Epoch 239
2026-05-30 00:24:17.005880: Current learning rate: 0.00782
2026-05-30 00:24:48.743667: train_loss -0.663
2026-05-30 00:24:48.743922: val_loss -0.634
2026-05-30 00:24:48.744092: Pseudo dice [np.float32(0.8957)]
2026-05-30 00:24:48.744306: Epoch time: 31.74 s
2026-05-30 00:24:50.033012: 
2026-05-30 00:24:50.033392: Epoch 240
2026-05-30 00:24:50.033526: Current learning rate: 0.00781
2026-05-30 00:25:21.749415: train_loss -0.6786
2026-05-30 00:25:21.749878: val_loss -0.7157
2026-05-30 00:25:21.750227: Pseudo dice [np.float32(0.9214)]
2026-05-30 00:25:21.750400: Epoch time: 31.72 s
2026-05-30 00:25:23.034695: 
2026-05-30 00:25:23.035008: Epoch 241
2026-05-30 00:25:23.035194: Current learning rate: 0.0078
2026-05-30 00:25:54.795201: train_loss -0.6621
2026-05-30 00:25:54.795494: val_loss -0.6897
2026-05-30 00:25:54.795585: Pseudo dice [np.float32(0.9078)]
2026-05-30 00:25:54.795696: Epoch time: 31.76 s
2026-05-30 00:25:56.090847: 
2026-05-30 00:25:56.091155: Epoch 242
2026-05-30 00:25:56.091278: Current learning rate: 0.00779
2026-05-30 00:26:27.817619: train_loss -0.701
2026-05-30 00:26:27.818084: val_loss -0.6925
2026-05-30 00:26:27.818172: Pseudo dice [np.float32(0.897)]
2026-05-30 00:26:27.818332: Epoch time: 31.73 s
2026-05-30 00:26:29.113472: 
2026-05-30 00:26:29.113766: Epoch 243
2026-05-30 00:26:29.113917: Current learning rate: 0.00778
2026-05-30 00:27:00.846944: train_loss -0.7042
2026-05-30 00:27:00.847186: val_loss -0.7143
2026-05-30 00:27:00.847271: Pseudo dice [np.float32(0.9251)]
2026-05-30 00:27:00.847389: Epoch time: 31.74 s
2026-05-30 00:27:02.157439: 
2026-05-30 00:27:02.157723: Epoch 244
2026-05-30 00:27:02.157889: Current learning rate: 0.00777
2026-05-30 00:27:33.955999: train_loss -0.6787
2026-05-30 00:27:33.956363: val_loss -0.7234
2026-05-30 00:27:33.956485: Pseudo dice [np.float32(0.9246)]
2026-05-30 00:27:33.956616: Epoch time: 31.8 s
2026-05-30 00:27:35.241410: 
2026-05-30 00:27:35.241725: Epoch 245
2026-05-30 00:27:35.241880: Current learning rate: 0.00777
2026-05-30 00:28:07.065110: train_loss -0.6782
2026-05-30 00:28:07.065377: val_loss -0.6406
2026-05-30 00:28:07.065462: Pseudo dice [np.float32(0.9043)]
2026-05-30 00:28:07.065573: Epoch time: 31.83 s
2026-05-30 00:28:08.334056: 
2026-05-30 00:28:08.334348: Epoch 246
2026-05-30 00:28:08.334497: Current learning rate: 0.00776
2026-05-30 00:28:40.164231: train_loss -0.692
2026-05-30 00:28:40.164479: val_loss -0.6456
2026-05-30 00:28:40.164571: Pseudo dice [np.float32(0.8963)]
2026-05-30 00:28:40.164687: Epoch time: 31.83 s
2026-05-30 00:28:41.459194: 
2026-05-30 00:28:41.459484: Epoch 247
2026-05-30 00:28:41.459624: Current learning rate: 0.00775
2026-05-30 00:29:13.220542: train_loss -0.678
2026-05-30 00:29:13.220820: val_loss -0.7183
2026-05-30 00:29:13.221008: Pseudo dice [np.float32(0.9148)]
2026-05-30 00:29:13.221229: Epoch time: 31.76 s
2026-05-30 00:29:14.506256: 
2026-05-30 00:29:14.506531: Epoch 248
2026-05-30 00:29:14.506657: Current learning rate: 0.00774
2026-05-30 00:29:46.245900: train_loss -0.7202
2026-05-30 00:29:46.246207: val_loss -0.738
2026-05-30 00:29:46.246366: Pseudo dice [np.float32(0.9293)]
2026-05-30 00:29:46.246486: Epoch time: 31.74 s
2026-05-30 00:29:46.246578: Yayy! New best EMA pseudo Dice: 0.9099000096321106
2026-05-30 00:29:49.212816: 
2026-05-30 00:29:49.213095: Epoch 249
2026-05-30 00:29:49.213262: Current learning rate: 0.00773
2026-05-30 00:30:21.019109: train_loss -0.679
2026-05-30 00:30:21.019393: val_loss -0.677
2026-05-30 00:30:21.019495: Pseudo dice [np.float32(0.9057)]
2026-05-30 00:30:21.019632: Epoch time: 31.81 s
2026-05-30 00:30:23.945105: 
2026-05-30 00:30:23.945379: Epoch 250
2026-05-30 00:30:23.945509: Current learning rate: 0.00772
2026-05-30 00:30:55.726683: train_loss -0.6717
2026-05-30 00:30:55.727005: val_loss -0.5481
2026-05-30 00:30:55.727112: Pseudo dice [np.float32(0.8533)]
2026-05-30 00:30:55.727250: Epoch time: 31.78 s
2026-05-30 00:30:57.451564: 
2026-05-30 00:30:57.451858: Epoch 251
2026-05-30 00:30:57.451993: Current learning rate: 0.00771
2026-05-30 00:31:29.281825: train_loss -0.6839
2026-05-30 00:31:29.282218: val_loss -0.665
2026-05-30 00:31:29.282312: Pseudo dice [np.float32(0.9036)]
2026-05-30 00:31:29.282452: Epoch time: 31.83 s
2026-05-30 00:31:30.584022: 
2026-05-30 00:31:30.584335: Epoch 252
2026-05-30 00:31:30.584488: Current learning rate: 0.0077
2026-05-30 00:32:02.399876: train_loss -0.6944
2026-05-30 00:32:02.400254: val_loss -0.6113
2026-05-30 00:32:02.400355: Pseudo dice [np.float32(0.887)]
2026-05-30 00:32:02.400471: Epoch time: 31.82 s
2026-05-30 00:32:03.687246: 
2026-05-30 00:32:03.687558: Epoch 253
2026-05-30 00:32:03.687686: Current learning rate: 0.00769
2026-05-30 00:32:35.447968: train_loss -0.6349
2026-05-30 00:32:35.448205: val_loss -0.7215
2026-05-30 00:32:35.448335: Pseudo dice [np.float32(0.9121)]
2026-05-30 00:32:35.448448: Epoch time: 31.76 s
2026-05-30 00:32:36.714760: 
2026-05-30 00:32:36.715095: Epoch 254
2026-05-30 00:32:36.715236: Current learning rate: 0.00768
2026-05-30 00:33:08.486160: train_loss -0.6661
2026-05-30 00:33:08.486499: val_loss -0.6821
2026-05-30 00:33:08.486603: Pseudo dice [np.float32(0.9161)]
2026-05-30 00:33:08.486715: Epoch time: 31.77 s
2026-05-30 00:33:09.779549: 
2026-05-30 00:33:09.779825: Epoch 255
2026-05-30 00:33:09.779953: Current learning rate: 0.00767
2026-05-30 00:33:41.568308: train_loss -0.6682
2026-05-30 00:33:41.568677: val_loss -0.666
2026-05-30 00:33:41.568767: Pseudo dice [np.float32(0.8993)]
2026-05-30 00:33:41.568883: Epoch time: 31.79 s
2026-05-30 00:33:42.849424: 
2026-05-30 00:33:42.849722: Epoch 256
2026-05-30 00:33:42.849854: Current learning rate: 0.00766
2026-05-30 00:34:14.621733: train_loss -0.7241
2026-05-30 00:34:14.622049: val_loss -0.698
2026-05-30 00:34:14.622132: Pseudo dice [np.float32(0.9158)]
2026-05-30 00:34:14.622277: Epoch time: 31.77 s
2026-05-30 00:34:15.947322: 
2026-05-30 00:34:15.947618: Epoch 257
2026-05-30 00:34:15.947766: Current learning rate: 0.00765
2026-05-30 00:34:47.705371: train_loss -0.7264
2026-05-30 00:34:47.705702: val_loss -0.7459
2026-05-30 00:34:47.705806: Pseudo dice [np.float32(0.9314)]
2026-05-30 00:34:47.705940: Epoch time: 31.76 s
2026-05-30 00:34:48.979017: 
2026-05-30 00:34:48.979300: Epoch 258
2026-05-30 00:34:48.979475: Current learning rate: 0.00764
2026-05-30 00:35:20.715000: train_loss -0.6984
2026-05-30 00:35:20.715240: val_loss -0.5795
2026-05-30 00:35:20.715349: Pseudo dice [np.float32(0.9017)]
2026-05-30 00:35:20.715524: Epoch time: 31.74 s
2026-05-30 00:35:21.987474: 
2026-05-30 00:35:21.987756: Epoch 259
2026-05-30 00:35:21.987926: Current learning rate: 0.00764
2026-05-30 00:35:53.789419: train_loss -0.6961
2026-05-30 00:35:53.789687: val_loss -0.6258
2026-05-30 00:35:53.789775: Pseudo dice [np.float32(0.8967)]
2026-05-30 00:35:53.789893: Epoch time: 31.8 s
2026-05-30 00:35:55.095446: 
2026-05-30 00:35:55.095748: Epoch 260
2026-05-30 00:35:55.095897: Current learning rate: 0.00763
2026-05-30 00:36:26.890701: train_loss -0.6739
2026-05-30 00:36:26.890985: val_loss -0.7034
2026-05-30 00:36:26.891068: Pseudo dice [np.float32(0.9134)]
2026-05-30 00:36:26.891204: Epoch time: 31.8 s
2026-05-30 00:36:28.165911: 
2026-05-30 00:36:28.166184: Epoch 261
2026-05-30 00:36:28.166334: Current learning rate: 0.00762
2026-05-30 00:36:59.959301: train_loss -0.7178
2026-05-30 00:36:59.959674: val_loss -0.7385
2026-05-30 00:36:59.959785: Pseudo dice [np.float32(0.9294)]
2026-05-30 00:36:59.959914: Epoch time: 31.8 s
2026-05-30 00:37:01.251439: 
2026-05-30 00:37:01.251764: Epoch 262
2026-05-30 00:37:01.251907: Current learning rate: 0.00761
2026-05-30 00:37:32.936501: train_loss -0.6913
2026-05-30 00:37:32.936834: val_loss -0.6693
2026-05-30 00:37:32.936918: Pseudo dice [np.float32(0.9079)]
2026-05-30 00:37:32.937072: Epoch time: 31.69 s
2026-05-30 00:37:34.670003: 
2026-05-30 00:37:34.670268: Epoch 263
2026-05-30 00:37:34.670443: Current learning rate: 0.0076
2026-05-30 00:38:06.435230: train_loss -0.6947
2026-05-30 00:38:06.435588: val_loss -0.7248
2026-05-30 00:38:06.435715: Pseudo dice [np.float32(0.9217)]
2026-05-30 00:38:06.435833: Epoch time: 31.77 s
2026-05-30 00:38:06.435929: Yayy! New best EMA pseudo Dice: 0.9101999998092651
2026-05-30 00:38:09.317242: 
2026-05-30 00:38:09.317568: Epoch 264
2026-05-30 00:38:09.317724: Current learning rate: 0.00759
2026-05-30 00:38:41.007390: train_loss -0.6653
2026-05-30 00:38:41.007686: val_loss -0.6611
2026-05-30 00:38:41.007785: Pseudo dice [np.float32(0.8976)]
2026-05-30 00:38:41.007961: Epoch time: 31.69 s
2026-05-30 00:38:42.312939: 
2026-05-30 00:38:42.313276: Epoch 265
2026-05-30 00:38:42.313421: Current learning rate: 0.00758
2026-05-30 00:39:14.082762: train_loss -0.7216
2026-05-30 00:39:14.083044: val_loss -0.692
2026-05-30 00:39:14.083142: Pseudo dice [np.float32(0.9185)]
2026-05-30 00:39:14.083359: Epoch time: 31.77 s
2026-05-30 00:39:15.354983: 
2026-05-30 00:39:15.355295: Epoch 266
2026-05-30 00:39:15.355426: Current learning rate: 0.00757
2026-05-30 00:39:47.097017: train_loss -0.7304
2026-05-30 00:39:47.097302: val_loss -0.708
2026-05-30 00:39:47.097476: Pseudo dice [np.float32(0.9154)]
2026-05-30 00:39:47.097637: Epoch time: 31.74 s
2026-05-30 00:39:47.097734: Yayy! New best EMA pseudo Dice: 0.9104999899864197
2026-05-30 00:39:50.163527: 
2026-05-30 00:39:50.163814: Epoch 267
2026-05-30 00:39:50.163967: Current learning rate: 0.00756
2026-05-30 00:40:21.973918: train_loss -0.7185
2026-05-30 00:40:21.974289: val_loss -0.6515
2026-05-30 00:40:21.974398: Pseudo dice [np.float32(0.8991)]
2026-05-30 00:40:21.974511: Epoch time: 31.81 s
2026-05-30 00:40:23.267656: 
2026-05-30 00:40:23.267896: Epoch 268
2026-05-30 00:40:23.268128: Current learning rate: 0.00755
2026-05-30 00:40:55.036618: train_loss -0.724
2026-05-30 00:40:55.036966: val_loss -0.6427
2026-05-30 00:40:55.037089: Pseudo dice [np.float32(0.8903)]
2026-05-30 00:40:55.037217: Epoch time: 31.77 s
2026-05-30 00:40:56.321222: 
2026-05-30 00:40:56.321535: Epoch 269
2026-05-30 00:40:56.321663: Current learning rate: 0.00754
2026-05-30 00:41:28.082887: train_loss -0.7147
2026-05-30 00:41:28.083237: val_loss -0.6941
2026-05-30 00:41:28.083349: Pseudo dice [np.float32(0.9098)]
2026-05-30 00:41:28.083495: Epoch time: 31.76 s
2026-05-30 00:41:29.425509: 
2026-05-30 00:41:29.425788: Epoch 270
2026-05-30 00:41:29.425933: Current learning rate: 0.00753
2026-05-30 00:42:01.156646: train_loss -0.7149
2026-05-30 00:42:01.157083: val_loss -0.697
2026-05-30 00:42:01.157217: Pseudo dice [np.float32(0.9099)]
2026-05-30 00:42:01.157362: Epoch time: 31.73 s
2026-05-30 00:42:02.446972: 
2026-05-30 00:42:02.447210: Epoch 271
2026-05-30 00:42:02.447363: Current learning rate: 0.00752
2026-05-30 00:42:34.201720: train_loss -0.7075
2026-05-30 00:42:34.201970: val_loss -0.7453
2026-05-30 00:42:34.202057: Pseudo dice [np.float32(0.9287)]
2026-05-30 00:42:34.202176: Epoch time: 31.76 s
2026-05-30 00:42:35.492450: 
2026-05-30 00:42:35.492725: Epoch 272
2026-05-30 00:42:35.492857: Current learning rate: 0.00751
2026-05-30 00:43:07.401051: train_loss -0.719
2026-05-30 00:43:07.401421: val_loss -0.7229
2026-05-30 00:43:07.401507: Pseudo dice [np.float32(0.915)]
2026-05-30 00:43:07.401623: Epoch time: 31.91 s
2026-05-30 00:43:08.702599: 
2026-05-30 00:43:08.702872: Epoch 273
2026-05-30 00:43:08.703005: Current learning rate: 0.00751
2026-05-30 00:43:40.480128: train_loss -0.7317
2026-05-30 00:43:40.480412: val_loss -0.7105
2026-05-30 00:43:40.480593: Pseudo dice [np.float32(0.9195)]
2026-05-30 00:43:40.480722: Epoch time: 31.78 s
2026-05-30 00:43:40.480817: Yayy! New best EMA pseudo Dice: 0.9114000201225281
2026-05-30 00:43:43.392128: 
2026-05-30 00:43:43.392392: Epoch 274
2026-05-30 00:43:43.392547: Current learning rate: 0.0075
2026-05-30 00:44:15.164453: train_loss -0.6553
2026-05-30 00:44:15.164691: val_loss -0.7389
2026-05-30 00:44:15.164776: Pseudo dice [np.float32(0.9231)]
2026-05-30 00:44:15.164903: Epoch time: 31.77 s
2026-05-30 00:44:15.165328: Yayy! New best EMA pseudo Dice: 0.9125000238418579
2026-05-30 00:44:18.459855: 
2026-05-30 00:44:18.460112: Epoch 275
2026-05-30 00:44:18.460267: Current learning rate: 0.00749
2026-05-30 00:44:50.222865: train_loss -0.7385
2026-05-30 00:44:50.223200: val_loss -0.7192
2026-05-30 00:44:50.223328: Pseudo dice [np.float32(0.9176)]
2026-05-30 00:44:50.223457: Epoch time: 31.76 s
2026-05-30 00:44:50.223535: Yayy! New best EMA pseudo Dice: 0.9129999876022339
2026-05-30 00:44:53.135706: 
2026-05-30 00:44:53.135961: Epoch 276
2026-05-30 00:44:53.136122: Current learning rate: 0.00748
2026-05-30 00:45:24.905657: train_loss -0.7511
2026-05-30 00:45:24.905965: val_loss -0.6368
2026-05-30 00:45:24.906052: Pseudo dice [np.float32(0.897)]
2026-05-30 00:45:24.906168: Epoch time: 31.77 s
2026-05-30 00:45:26.191724: 
2026-05-30 00:45:26.192051: Epoch 277
2026-05-30 00:45:26.192173: Current learning rate: 0.00747
2026-05-30 00:45:58.016972: train_loss -0.6799
2026-05-30 00:45:58.017400: val_loss -0.6616
2026-05-30 00:45:58.017497: Pseudo dice [np.float32(0.8961)]
2026-05-30 00:45:58.017612: Epoch time: 31.83 s
2026-05-30 00:45:59.304854: 
2026-05-30 00:45:59.305145: Epoch 278
2026-05-30 00:45:59.305312: Current learning rate: 0.00746
2026-05-30 00:46:31.020264: train_loss -0.6619
2026-05-30 00:46:31.020563: val_loss -0.7103
2026-05-30 00:46:31.020649: Pseudo dice [np.float32(0.9108)]
2026-05-30 00:46:31.020777: Epoch time: 31.72 s
2026-05-30 00:46:32.317617: 
2026-05-30 00:46:32.317971: Epoch 279
2026-05-30 00:46:32.318092: Current learning rate: 0.00745
2026-05-30 00:47:04.084727: train_loss -0.6919
2026-05-30 00:47:04.085121: val_loss -0.7129
2026-05-30 00:47:04.085248: Pseudo dice [np.float32(0.9144)]
2026-05-30 00:47:04.085396: Epoch time: 31.77 s
2026-05-30 00:47:05.375675: 
2026-05-30 00:47:05.375997: Epoch 280
2026-05-30 00:47:05.376127: Current learning rate: 0.00744
2026-05-30 00:47:37.112768: train_loss -0.7101
2026-05-30 00:47:37.113045: val_loss -0.7813
2026-05-30 00:47:37.113137: Pseudo dice [np.float32(0.9419)]
2026-05-30 00:47:37.113256: Epoch time: 31.74 s
2026-05-30 00:47:37.113360: Yayy! New best EMA pseudo Dice: 0.9136000275611877
2026-05-30 00:47:40.005481: 
2026-05-30 00:47:40.005728: Epoch 281
2026-05-30 00:47:40.005850: Current learning rate: 0.00743
2026-05-30 00:48:11.745904: train_loss -0.7202
2026-05-30 00:48:11.746142: val_loss -0.654
2026-05-30 00:48:11.746239: Pseudo dice [np.float32(0.8992)]
2026-05-30 00:48:11.746350: Epoch time: 31.74 s
2026-05-30 00:48:13.071432: 
2026-05-30 00:48:13.071727: Epoch 282
2026-05-30 00:48:13.071859: Current learning rate: 0.00742
2026-05-30 00:48:44.855332: train_loss -0.6835
2026-05-30 00:48:44.855635: val_loss -0.7213
2026-05-30 00:48:44.855735: Pseudo dice [np.float32(0.9272)]
2026-05-30 00:48:44.855846: Epoch time: 31.79 s
2026-05-30 00:48:44.855925: Yayy! New best EMA pseudo Dice: 0.9136000275611877
2026-05-30 00:48:47.775056: 
2026-05-30 00:48:47.775371: Epoch 283
2026-05-30 00:48:47.775527: Current learning rate: 0.00741
2026-05-30 00:49:19.541073: train_loss -0.6818
2026-05-30 00:49:19.541450: val_loss -0.7089
2026-05-30 00:49:19.541535: Pseudo dice [np.float32(0.9105)]
2026-05-30 00:49:19.541658: Epoch time: 31.77 s
2026-05-30 00:49:20.803038: 
2026-05-30 00:49:20.803314: Epoch 284
2026-05-30 00:49:20.803432: Current learning rate: 0.0074
2026-05-30 00:49:52.585259: train_loss -0.7316
2026-05-30 00:49:52.585594: val_loss -0.5333
2026-05-30 00:49:52.585769: Pseudo dice [np.float32(0.8683)]
2026-05-30 00:49:52.585898: Epoch time: 31.78 s
2026-05-30 00:49:53.918391: 
2026-05-30 00:49:53.918640: Epoch 285
2026-05-30 00:49:53.918792: Current learning rate: 0.00739
2026-05-30 00:50:25.632693: train_loss -0.6226
2026-05-30 00:50:25.633103: val_loss -0.6379
2026-05-30 00:50:25.633199: Pseudo dice [np.float32(0.8922)]
2026-05-30 00:50:25.633335: Epoch time: 31.72 s
2026-05-30 00:50:27.319494: 
2026-05-30 00:50:27.319761: Epoch 286
2026-05-30 00:50:27.319903: Current learning rate: 0.00738
2026-05-30 00:50:59.033481: train_loss -0.6627
2026-05-30 00:50:59.033770: val_loss -0.7185
2026-05-30 00:50:59.033857: Pseudo dice [np.float32(0.9253)]
2026-05-30 00:50:59.033973: Epoch time: 31.72 s
2026-05-30 00:51:00.343470: 
2026-05-30 00:51:00.343733: Epoch 287
2026-05-30 00:51:00.343893: Current learning rate: 0.00738
2026-05-30 00:51:32.177610: train_loss -0.7123
2026-05-30 00:51:32.177849: val_loss -0.6495
2026-05-30 00:51:32.177935: Pseudo dice [np.float32(0.8978)]
2026-05-30 00:51:32.178044: Epoch time: 31.84 s
2026-05-30 00:51:33.502254: 
2026-05-30 00:51:33.502552: Epoch 288
2026-05-30 00:51:33.502680: Current learning rate: 0.00737
2026-05-30 00:52:05.323567: train_loss -0.7201
2026-05-30 00:52:05.323952: val_loss -0.7251
2026-05-30 00:52:05.324075: Pseudo dice [np.float32(0.9198)]
2026-05-30 00:52:05.324190: Epoch time: 31.82 s
2026-05-30 00:52:06.636460: 
2026-05-30 00:52:06.636738: Epoch 289
2026-05-30 00:52:06.636887: Current learning rate: 0.00736
2026-05-30 00:52:38.364605: train_loss -0.6571
2026-05-30 00:52:38.364899: val_loss -0.6957
2026-05-30 00:52:38.365004: Pseudo dice [np.float32(0.9163)]
2026-05-30 00:52:38.365125: Epoch time: 31.73 s
2026-05-30 00:52:39.675429: 
2026-05-30 00:52:39.675742: Epoch 290
2026-05-30 00:52:39.675862: Current learning rate: 0.00735
2026-05-30 00:53:11.437752: train_loss -0.7239
2026-05-30 00:53:11.438143: val_loss -0.6729
2026-05-30 00:53:11.438239: Pseudo dice [np.float32(0.9083)]
2026-05-30 00:53:11.438350: Epoch time: 31.76 s
2026-05-30 00:53:12.726472: 
2026-05-30 00:53:12.726785: Epoch 291
2026-05-30 00:53:12.726923: Current learning rate: 0.00734
2026-05-30 00:53:44.453794: train_loss -0.7319
2026-05-30 00:53:44.454053: val_loss -0.6315
2026-05-30 00:53:44.454141: Pseudo dice [np.float32(0.8897)]
2026-05-30 00:53:44.454253: Epoch time: 31.73 s
2026-05-30 00:53:45.841645: 
2026-05-30 00:53:45.841912: Epoch 292
2026-05-30 00:53:45.842053: Current learning rate: 0.00733
2026-05-30 00:54:17.596549: train_loss -0.6696
2026-05-30 00:54:17.596872: val_loss -0.6003
2026-05-30 00:54:17.596960: Pseudo dice [np.float32(0.894)]
2026-05-30 00:54:17.597124: Epoch time: 31.76 s
2026-05-30 00:54:18.879066: 
2026-05-30 00:54:18.879389: Epoch 293
2026-05-30 00:54:18.879507: Current learning rate: 0.00732
2026-05-30 00:54:50.631683: train_loss -0.684
2026-05-30 00:54:50.631969: val_loss -0.6872
2026-05-30 00:54:50.632071: Pseudo dice [np.float32(0.9045)]
2026-05-30 00:54:50.632206: Epoch time: 31.75 s
2026-05-30 00:54:52.099578: 
2026-05-30 00:54:52.099851: Epoch 294
2026-05-30 00:54:52.100027: Current learning rate: 0.00731
2026-05-30 00:55:23.799595: train_loss -0.7112
2026-05-30 00:55:23.799971: val_loss -0.6666
2026-05-30 00:55:23.800078: Pseudo dice [np.float32(0.9019)]
2026-05-30 00:55:23.800212: Epoch time: 31.7 s
2026-05-30 00:55:25.124234: 
2026-05-30 00:55:25.124831: Epoch 295
2026-05-30 00:55:25.125031: Current learning rate: 0.0073
2026-05-30 00:55:56.905554: train_loss -0.6955
2026-05-30 00:55:56.905797: val_loss -0.6724
2026-05-30 00:55:56.905890: Pseudo dice [np.float32(0.8904)]
2026-05-30 00:55:56.906004: Epoch time: 31.78 s
2026-05-30 00:55:58.228172: 
2026-05-30 00:55:58.228519: Epoch 296
2026-05-30 00:55:58.228666: Current learning rate: 0.00729
2026-05-30 00:56:29.963182: train_loss -0.6745
2026-05-30 00:56:29.963613: val_loss -0.7743
2026-05-30 00:56:29.963711: Pseudo dice [np.float32(0.9334)]
2026-05-30 00:56:29.963827: Epoch time: 31.74 s
2026-05-30 00:56:31.721430: 
2026-05-30 00:56:31.721702: Epoch 297
2026-05-30 00:56:31.721874: Current learning rate: 0.00728
2026-05-30 00:57:03.479038: train_loss -0.7657
2026-05-30 00:57:03.479274: val_loss -0.7113
2026-05-30 00:57:03.479358: Pseudo dice [np.float32(0.92)]
2026-05-30 00:57:03.479469: Epoch time: 31.76 s
2026-05-30 00:57:04.775409: 
2026-05-30 00:57:04.775720: Epoch 298
2026-05-30 00:57:04.775841: Current learning rate: 0.00727
2026-05-30 00:57:36.503784: train_loss -0.6905
2026-05-30 00:57:36.504032: val_loss -0.6446
2026-05-30 00:57:36.504117: Pseudo dice [np.float32(0.8965)]
2026-05-30 00:57:36.504231: Epoch time: 31.73 s
2026-05-30 00:57:37.772185: 
2026-05-30 00:57:37.772468: Epoch 299
2026-05-30 00:57:37.772622: Current learning rate: 0.00726
2026-05-30 00:58:09.545422: train_loss -0.7328
2026-05-30 00:58:09.545671: val_loss -0.709
2026-05-30 00:58:09.545753: Pseudo dice [np.float32(0.9128)]
2026-05-30 00:58:09.545862: Epoch time: 31.78 s
2026-05-30 00:58:12.434485: 
2026-05-30 00:58:12.434772: Epoch 300
2026-05-30 00:58:12.434915: Current learning rate: 0.00725
2026-05-30 00:58:44.223752: train_loss -0.6611
2026-05-30 00:58:44.224176: val_loss -0.6734
2026-05-30 00:58:44.224283: Pseudo dice [np.float32(0.8768)]
2026-05-30 00:58:44.224422: Epoch time: 31.79 s
2026-05-30 00:58:45.582433: 
2026-05-30 00:58:45.582730: Epoch 301
2026-05-30 00:58:45.582853: Current learning rate: 0.00724
2026-05-30 00:59:17.334352: train_loss -0.7292
2026-05-30 00:59:17.334986: val_loss -0.7423
2026-05-30 00:59:17.335182: Pseudo dice [np.float32(0.9334)]
2026-05-30 00:59:17.335437: Epoch time: 31.75 s
2026-05-30 00:59:18.658739: 
2026-05-30 00:59:18.658998: Epoch 302
2026-05-30 00:59:18.659154: Current learning rate: 0.00724
2026-05-30 00:59:50.386051: train_loss -0.7185
2026-05-30 00:59:50.386356: val_loss -0.6698
2026-05-30 00:59:50.386453: Pseudo dice [np.float32(0.8955)]
2026-05-30 00:59:50.386643: Epoch time: 31.73 s
2026-05-30 00:59:51.705851: 
2026-05-30 00:59:51.706141: Epoch 303
2026-05-30 00:59:51.706253: Current learning rate: 0.00723
2026-05-30 01:00:23.451425: train_loss -0.7139
2026-05-30 01:00:23.451764: val_loss -0.6836
2026-05-30 01:00:23.451850: Pseudo dice [np.float32(0.9037)]
2026-05-30 01:00:23.451966: Epoch time: 31.75 s
2026-05-30 01:00:24.761670: 
2026-05-30 01:00:24.761950: Epoch 304
2026-05-30 01:00:24.762082: Current learning rate: 0.00722
2026-05-30 01:00:56.485005: train_loss -0.7574
2026-05-30 01:00:56.485382: val_loss -0.6487
2026-05-30 01:00:56.485492: Pseudo dice [np.float32(0.905)]
2026-05-30 01:00:56.485609: Epoch time: 31.73 s
2026-05-30 01:00:57.954823: 
2026-05-30 01:00:57.955148: Epoch 305
2026-05-30 01:00:57.955272: Current learning rate: 0.00721
2026-05-30 01:01:29.721700: train_loss -0.6696
2026-05-30 01:01:29.722062: val_loss -0.5866
2026-05-30 01:01:29.722158: Pseudo dice [np.float32(0.8836)]
2026-05-30 01:01:29.722284: Epoch time: 31.77 s
2026-05-30 01:01:31.090863: 
2026-05-30 01:01:31.091128: Epoch 306
2026-05-30 01:01:31.091283: Current learning rate: 0.0072
2026-05-30 01:02:03.013177: train_loss -0.6832
2026-05-30 01:02:03.013462: val_loss -0.6204
2026-05-30 01:02:03.013564: Pseudo dice [np.float32(0.8959)]
2026-05-30 01:02:03.013705: Epoch time: 31.92 s
2026-05-30 01:02:04.405492: 
2026-05-30 01:02:04.405827: Epoch 307
2026-05-30 01:02:04.405954: Current learning rate: 0.00719
2026-05-30 01:02:36.221389: train_loss -0.6462
2026-05-30 01:02:36.221723: val_loss -0.6176
2026-05-30 01:02:36.221864: Pseudo dice [np.float32(0.8864)]
2026-05-30 01:02:36.221997: Epoch time: 31.82 s
2026-05-30 01:02:37.565325: 
2026-05-30 01:02:37.565634: Epoch 308
2026-05-30 01:02:37.565756: Current learning rate: 0.00718
2026-05-30 01:03:09.820739: train_loss -0.6899
2026-05-30 01:03:09.820950: val_loss -0.6763
2026-05-30 01:03:09.821076: Pseudo dice [np.float32(0.9043)]
2026-05-30 01:03:09.821187: Epoch time: 32.26 s
2026-05-30 01:03:11.167491: 
2026-05-30 01:03:11.167782: Epoch 309
2026-05-30 01:03:11.167905: Current learning rate: 0.00717
2026-05-30 01:03:42.999892: train_loss -0.6927
2026-05-30 01:03:43.000125: val_loss -0.6831
2026-05-30 01:03:43.000209: Pseudo dice [np.float32(0.9186)]
2026-05-30 01:03:43.000330: Epoch time: 31.83 s
2026-05-30 01:03:44.333330: 
2026-05-30 01:03:44.333669: Epoch 310
2026-05-30 01:03:44.333814: Current learning rate: 0.00716
2026-05-30 01:04:16.198099: train_loss -0.7254
2026-05-30 01:04:16.198336: val_loss -0.8137
2026-05-30 01:04:16.198420: Pseudo dice [np.float32(0.9512)]
2026-05-30 01:04:16.198534: Epoch time: 31.87 s
2026-05-30 01:04:17.572427: 
2026-05-30 01:04:17.572823: Epoch 311
2026-05-30 01:04:17.573019: Current learning rate: 0.00715
2026-05-30 01:04:49.349275: train_loss -0.7581
2026-05-30 01:04:49.349549: val_loss -0.7026
2026-05-30 01:04:49.349703: Pseudo dice [np.float32(0.9183)]
2026-05-30 01:04:49.349816: Epoch time: 31.78 s
2026-05-30 01:04:50.702160: 
2026-05-30 01:04:50.702458: Epoch 312
2026-05-30 01:04:50.702610: Current learning rate: 0.00714
2026-05-30 01:05:22.483952: train_loss -0.7439
2026-05-30 01:05:22.484283: val_loss -0.617
2026-05-30 01:05:22.484369: Pseudo dice [np.float32(0.8794)]
2026-05-30 01:05:22.484490: Epoch time: 31.78 s
2026-05-30 01:05:23.845495: 
2026-05-30 01:05:23.845768: Epoch 313
2026-05-30 01:05:23.845922: Current learning rate: 0.00713
2026-05-30 01:05:55.651168: train_loss -0.7329
2026-05-30 01:05:55.651419: val_loss -0.7079
2026-05-30 01:05:55.651506: Pseudo dice [np.float32(0.9198)]
2026-05-30 01:05:55.651615: Epoch time: 31.81 s
2026-05-30 01:05:57.017738: 
2026-05-30 01:05:57.018041: Epoch 314
2026-05-30 01:05:57.018175: Current learning rate: 0.00712
2026-05-30 01:06:28.838335: train_loss -0.7712
2026-05-30 01:06:28.838708: val_loss -0.7437
2026-05-30 01:06:28.838889: Pseudo dice [np.float32(0.9281)]
2026-05-30 01:06:28.839017: Epoch time: 31.82 s
2026-05-30 01:06:30.218596: 
2026-05-30 01:06:30.218887: Epoch 315
2026-05-30 01:06:30.219001: Current learning rate: 0.00711
2026-05-30 01:07:02.025571: train_loss -0.7525
2026-05-30 01:07:02.025975: val_loss -0.8201
2026-05-30 01:07:02.026062: Pseudo dice [np.float32(0.9488)]
2026-05-30 01:07:02.026181: Epoch time: 31.81 s
2026-05-30 01:07:03.366318: 
2026-05-30 01:07:03.366631: Epoch 316
2026-05-30 01:07:03.366767: Current learning rate: 0.0071
2026-05-30 01:07:35.173114: train_loss -0.7541
2026-05-30 01:07:35.173437: val_loss -0.7517
2026-05-30 01:07:35.173535: Pseudo dice [np.float32(0.9348)]
2026-05-30 01:07:35.173663: Epoch time: 31.81 s
2026-05-30 01:07:35.173755: Yayy! New best EMA pseudo Dice: 0.9156000018119812
2026-05-30 01:07:38.228324: 
2026-05-30 01:07:38.228608: Epoch 317
2026-05-30 01:07:38.228744: Current learning rate: 0.0071
2026-05-30 01:08:10.061173: train_loss -0.7802
2026-05-30 01:08:10.061491: val_loss -0.7721
2026-05-30 01:08:10.061602: Pseudo dice [np.float32(0.9339)]
2026-05-30 01:08:10.061721: Epoch time: 31.84 s
2026-05-30 01:08:10.061806: Yayy! New best EMA pseudo Dice: 0.9175000190734863
2026-05-30 01:08:13.047651: 
2026-05-30 01:08:13.047942: Epoch 318
2026-05-30 01:08:13.048064: Current learning rate: 0.00709
2026-05-30 01:08:44.826164: train_loss -0.7329
2026-05-30 01:08:44.826521: val_loss -0.7806
2026-05-30 01:08:44.826609: Pseudo dice [np.float32(0.94)]
2026-05-30 01:08:44.826719: Epoch time: 31.78 s
2026-05-30 01:08:44.826799: Yayy! New best EMA pseudo Dice: 0.919700026512146
2026-05-30 01:08:47.838451: 
2026-05-30 01:08:47.838693: Epoch 319
2026-05-30 01:08:47.838861: Current learning rate: 0.00708
2026-05-30 01:09:19.690446: train_loss -0.7133
2026-05-30 01:09:19.690773: val_loss -0.7339
2026-05-30 01:09:19.690885: Pseudo dice [np.float32(0.9224)]
2026-05-30 01:09:19.690996: Epoch time: 31.85 s
2026-05-30 01:09:19.691076: Yayy! New best EMA pseudo Dice: 0.9200000166893005
2026-05-30 01:09:23.077606: 
2026-05-30 01:09:23.077964: Epoch 320
2026-05-30 01:09:23.078135: Current learning rate: 0.00707
2026-05-30 01:09:54.974887: train_loss -0.7029
2026-05-30 01:09:54.975127: val_loss -0.6587
2026-05-30 01:09:54.975208: Pseudo dice [np.float32(0.903)]
2026-05-30 01:09:54.975375: Epoch time: 31.9 s
2026-05-30 01:09:56.334702: 
2026-05-30 01:09:56.334989: Epoch 321
2026-05-30 01:09:56.335107: Current learning rate: 0.00706
2026-05-30 01:10:28.241284: train_loss -0.7378
2026-05-30 01:10:28.241608: val_loss -0.7406
2026-05-30 01:10:28.241699: Pseudo dice [np.float32(0.9222)]
2026-05-30 01:10:28.241821: Epoch time: 31.91 s
2026-05-30 01:10:29.589511: 
2026-05-30 01:10:29.589785: Epoch 322
2026-05-30 01:10:29.589946: Current learning rate: 0.00705
2026-05-30 01:11:01.404611: train_loss -0.7157
2026-05-30 01:11:01.404853: val_loss -0.6949
2026-05-30 01:11:01.404938: Pseudo dice [np.float32(0.9148)]
2026-05-30 01:11:01.405104: Epoch time: 31.82 s
2026-05-30 01:11:02.751255: 
2026-05-30 01:11:02.751556: Epoch 323
2026-05-30 01:11:02.751682: Current learning rate: 0.00704
2026-05-30 01:11:34.564124: train_loss -0.7085
2026-05-30 01:11:34.564456: val_loss -0.7398
2026-05-30 01:11:34.564561: Pseudo dice [np.float32(0.9235)]
2026-05-30 01:11:34.564699: Epoch time: 31.81 s
2026-05-30 01:11:35.935793: 
2026-05-30 01:11:35.936109: Epoch 324
2026-05-30 01:11:35.936271: Current learning rate: 0.00703
2026-05-30 01:12:07.777792: train_loss -0.7355
2026-05-30 01:12:07.778028: val_loss -0.7657
2026-05-30 01:12:07.778109: Pseudo dice [np.float32(0.9342)]
2026-05-30 01:12:07.778221: Epoch time: 31.84 s
2026-05-30 01:12:07.778304: Yayy! New best EMA pseudo Dice: 0.9203000068664551
2026-05-30 01:12:10.886515: 
2026-05-30 01:12:10.886957: Epoch 325
2026-05-30 01:12:10.887191: Current learning rate: 0.00702
2026-05-30 01:12:42.705992: train_loss -0.7264
2026-05-30 01:12:42.706405: val_loss -0.7651
2026-05-30 01:12:42.706508: Pseudo dice [np.float32(0.9371)]
2026-05-30 01:12:42.706635: Epoch time: 31.82 s
2026-05-30 01:12:42.706730: Yayy! New best EMA pseudo Dice: 0.921999990940094
2026-05-30 01:12:45.698117: 
2026-05-30 01:12:45.698437: Epoch 326
2026-05-30 01:12:45.698550: Current learning rate: 0.00701
2026-05-30 01:13:17.472301: train_loss -0.6216
2026-05-30 01:13:17.472678: val_loss -0.6466
2026-05-30 01:13:17.472775: Pseudo dice [np.float32(0.8985)]
2026-05-30 01:13:17.472891: Epoch time: 31.78 s
2026-05-30 01:13:18.850654: 
2026-05-30 01:13:18.850967: Epoch 327
2026-05-30 01:13:18.851085: Current learning rate: 0.007
2026-05-30 01:13:50.683285: train_loss -0.6266
2026-05-30 01:13:50.683656: val_loss -0.6537
2026-05-30 01:13:50.683758: Pseudo dice [np.float32(0.8975)]
2026-05-30 01:13:50.683882: Epoch time: 31.83 s
2026-05-30 01:13:52.067872: 
2026-05-30 01:13:52.068179: Epoch 328
2026-05-30 01:13:52.068306: Current learning rate: 0.00699
2026-05-30 01:14:23.859619: train_loss -0.7017
2026-05-30 01:14:23.859852: val_loss -0.6373
2026-05-30 01:14:23.859933: Pseudo dice [np.float32(0.8945)]
2026-05-30 01:14:23.860099: Epoch time: 31.79 s
2026-05-30 01:14:25.228614: 
2026-05-30 01:14:25.228945: Epoch 329
2026-05-30 01:14:25.229110: Current learning rate: 0.00698
2026-05-30 01:14:57.050917: train_loss -0.7066
2026-05-30 01:14:57.051162: val_loss -0.7201
2026-05-30 01:14:57.051245: Pseudo dice [np.float32(0.9182)]
2026-05-30 01:14:57.051359: Epoch time: 31.82 s
2026-05-30 01:14:58.414638: 
2026-05-30 01:14:58.414898: Epoch 330
2026-05-30 01:14:58.415019: Current learning rate: 0.00697
2026-05-30 01:15:30.203901: train_loss -0.7444
2026-05-30 01:15:30.204152: val_loss -0.7742
2026-05-30 01:15:30.204237: Pseudo dice [np.float32(0.9398)]
2026-05-30 01:15:30.204350: Epoch time: 31.79 s
2026-05-30 01:15:31.953328: 
2026-05-30 01:15:31.953643: Epoch 331
2026-05-30 01:15:31.953776: Current learning rate: 0.00696
2026-05-30 01:16:03.788808: train_loss -0.7435
2026-05-30 01:16:03.789113: val_loss -0.681
2026-05-30 01:16:03.789207: Pseudo dice [np.float32(0.9207)]
2026-05-30 01:16:03.789367: Epoch time: 31.84 s
2026-05-30 01:16:05.194150: 
2026-05-30 01:16:05.194512: Epoch 332
2026-05-30 01:16:05.194666: Current learning rate: 0.00696
2026-05-30 01:16:36.902228: train_loss -0.6955
2026-05-30 01:16:36.902496: val_loss -0.7426
2026-05-30 01:16:36.902599: Pseudo dice [np.float32(0.9252)]
2026-05-30 01:16:36.902733: Epoch time: 31.71 s
2026-05-30 01:16:38.209341: 
2026-05-30 01:16:38.209641: Epoch 333
2026-05-30 01:16:38.209766: Current learning rate: 0.00695
2026-05-30 01:17:09.971143: train_loss -0.7044
2026-05-30 01:17:09.971495: val_loss -0.6054
2026-05-30 01:17:09.971592: Pseudo dice [np.float32(0.8925)]
2026-05-30 01:17:09.971728: Epoch time: 31.76 s
2026-05-30 01:17:11.287539: 
2026-05-30 01:17:11.287848: Epoch 334
2026-05-30 01:17:11.288006: Current learning rate: 0.00694
2026-05-30 01:17:43.079556: train_loss -0.6946
2026-05-30 01:17:43.079814: val_loss -0.7396
2026-05-30 01:17:43.079939: Pseudo dice [np.float32(0.924)]
2026-05-30 01:17:43.080109: Epoch time: 31.79 s
2026-05-30 01:17:44.456151: 
2026-05-30 01:17:44.456481: Epoch 335
2026-05-30 01:17:44.456610: Current learning rate: 0.00693
2026-05-30 01:18:16.274444: train_loss -0.75
2026-05-30 01:18:16.274764: val_loss -0.7327
2026-05-30 01:18:16.274874: Pseudo dice [np.float32(0.9275)]
2026-05-30 01:18:16.275077: Epoch time: 31.82 s
2026-05-30 01:18:17.603315: 
2026-05-30 01:18:17.603609: Epoch 336
2026-05-30 01:18:17.603766: Current learning rate: 0.00692
2026-05-30 01:18:49.633691: train_loss -0.7336
2026-05-30 01:18:49.633932: val_loss -0.7527
2026-05-30 01:18:49.634021: Pseudo dice [np.float32(0.9251)]
2026-05-30 01:18:49.634211: Epoch time: 32.03 s
2026-05-30 01:18:50.966007: 
2026-05-30 01:18:50.966309: Epoch 337
2026-05-30 01:18:50.966426: Current learning rate: 0.00691
2026-05-30 01:19:22.718777: train_loss -0.7047
2026-05-30 01:19:22.719072: val_loss -0.7143
2026-05-30 01:19:22.719181: Pseudo dice [np.float32(0.9194)]
2026-05-30 01:19:22.719305: Epoch time: 31.75 s
2026-05-30 01:19:24.045748: 
2026-05-30 01:19:24.046073: Epoch 338
2026-05-30 01:19:24.046229: Current learning rate: 0.0069
2026-05-30 01:19:55.820063: train_loss -0.7399
2026-05-30 01:19:55.820426: val_loss -0.6431
2026-05-30 01:19:55.820513: Pseudo dice [np.float32(0.9071)]
2026-05-30 01:19:55.820633: Epoch time: 31.78 s
2026-05-30 01:19:57.128260: 
2026-05-30 01:19:57.128525: Epoch 339
2026-05-30 01:19:57.128677: Current learning rate: 0.00689
2026-05-30 01:20:28.799300: train_loss -0.7185
2026-05-30 01:20:28.799815: val_loss -0.6487
2026-05-30 01:20:28.799988: Pseudo dice [np.float32(0.8994)]
2026-05-30 01:20:28.800143: Epoch time: 31.67 s
2026-05-30 01:20:30.119538: 
2026-05-30 01:20:30.119795: Epoch 340
2026-05-30 01:20:30.119913: Current learning rate: 0.00688
2026-05-30 01:21:01.819106: train_loss -0.6969
2026-05-30 01:21:01.819421: val_loss -0.6642
2026-05-30 01:21:01.819510: Pseudo dice [np.float32(0.904)]
2026-05-30 01:21:01.819641: Epoch time: 31.7 s
2026-05-30 01:21:03.216541: 
2026-05-30 01:21:03.216838: Epoch 341
2026-05-30 01:21:03.216968: Current learning rate: 0.00687
2026-05-30 01:21:34.992720: train_loss -0.7253
2026-05-30 01:21:34.993032: val_loss -0.6605
2026-05-30 01:21:34.993124: Pseudo dice [np.float32(0.8984)]
2026-05-30 01:21:34.993241: Epoch time: 31.78 s
2026-05-30 01:21:36.722153: 
2026-05-30 01:21:36.722477: Epoch 342
2026-05-30 01:21:36.722619: Current learning rate: 0.00686
2026-05-30 01:22:08.498850: train_loss -0.737
2026-05-30 01:22:08.499113: val_loss -0.7338
2026-05-30 01:22:08.499205: Pseudo dice [np.float32(0.9284)]
2026-05-30 01:22:08.499333: Epoch time: 31.78 s
2026-05-30 01:22:09.842995: 
2026-05-30 01:22:09.843277: Epoch 343
2026-05-30 01:22:09.843410: Current learning rate: 0.00685
2026-05-30 01:22:41.608458: train_loss -0.7403
2026-05-30 01:22:41.608944: val_loss -0.7671
2026-05-30 01:22:41.609638: Pseudo dice [np.float32(0.9343)]
2026-05-30 01:22:41.609860: Epoch time: 31.77 s
2026-05-30 01:22:42.935774: 
2026-05-30 01:22:42.936046: Epoch 344
2026-05-30 01:22:42.936190: Current learning rate: 0.00684
2026-05-30 01:23:14.694196: train_loss -0.7622
2026-05-30 01:23:14.694579: val_loss -0.786
2026-05-30 01:23:14.694697: Pseudo dice [np.float32(0.9372)]
2026-05-30 01:23:14.694826: Epoch time: 31.76 s
2026-05-30 01:23:16.025288: 
2026-05-30 01:23:16.025655: Epoch 345
2026-05-30 01:23:16.025828: Current learning rate: 0.00683
2026-05-30 01:23:47.818059: train_loss -0.6445
2026-05-30 01:23:47.818310: val_loss -0.6504
2026-05-30 01:23:47.818401: Pseudo dice [np.float32(0.907)]
2026-05-30 01:23:47.818526: Epoch time: 31.79 s
2026-05-30 01:23:49.213462: 
2026-05-30 01:23:49.213761: Epoch 346
2026-05-30 01:23:49.213892: Current learning rate: 0.00682
2026-05-30 01:24:21.015488: train_loss -0.6508
2026-05-30 01:24:21.015773: val_loss -0.7458
2026-05-30 01:24:21.015859: Pseudo dice [np.float32(0.9339)]
2026-05-30 01:24:21.015988: Epoch time: 31.8 s
2026-05-30 01:24:22.336348: 
2026-05-30 01:24:22.336649: Epoch 347
2026-05-30 01:24:22.336802: Current learning rate: 0.00681
2026-05-30 01:24:54.107221: train_loss -0.6928
2026-05-30 01:24:54.107566: val_loss -0.6942
2026-05-30 01:24:54.107728: Pseudo dice [np.float32(0.912)]
2026-05-30 01:24:54.107864: Epoch time: 31.77 s
2026-05-30 01:24:55.444900: 
2026-05-30 01:24:55.445341: Epoch 348
2026-05-30 01:24:55.445542: Current learning rate: 0.0068
2026-05-30 01:25:27.209027: train_loss -0.6945
2026-05-30 01:25:27.209350: val_loss -0.727
2026-05-30 01:25:27.209435: Pseudo dice [np.float32(0.9237)]
2026-05-30 01:25:27.209550: Epoch time: 31.77 s
2026-05-30 01:25:28.577181: 
2026-05-30 01:25:28.577445: Epoch 349
2026-05-30 01:25:28.577596: Current learning rate: 0.0068
2026-05-30 01:26:00.408177: train_loss -0.744
2026-05-30 01:26:00.408539: val_loss -0.6262
2026-05-30 01:26:00.408626: Pseudo dice [np.float32(0.8856)]
2026-05-30 01:26:00.408737: Epoch time: 31.83 s
2026-05-30 01:26:03.435399: 
2026-05-30 01:26:03.435698: Epoch 350
2026-05-30 01:26:03.435876: Current learning rate: 0.00679
2026-05-30 01:26:35.227876: train_loss -0.7835
2026-05-30 01:26:35.228167: val_loss -0.6994
2026-05-30 01:26:35.228336: Pseudo dice [np.float32(0.9027)]
2026-05-30 01:26:35.228462: Epoch time: 31.79 s
2026-05-30 01:26:36.534350: 
2026-05-30 01:26:36.534618: Epoch 351
2026-05-30 01:26:36.534779: Current learning rate: 0.00678
2026-05-30 01:27:08.304317: train_loss -0.7308
2026-05-30 01:27:08.304748: val_loss -0.7673
2026-05-30 01:27:08.304846: Pseudo dice [np.float32(0.937)]
2026-05-30 01:27:08.304973: Epoch time: 31.77 s
2026-05-30 01:27:10.007911: 
2026-05-30 01:27:10.008195: Epoch 352
2026-05-30 01:27:10.008316: Current learning rate: 0.00677
2026-05-30 01:27:41.797365: train_loss -0.7767
2026-05-30 01:27:41.797782: val_loss -0.8009
2026-05-30 01:27:41.797878: Pseudo dice [np.float32(0.9452)]
2026-05-30 01:27:41.798015: Epoch time: 31.79 s
2026-05-30 01:27:43.118354: 
2026-05-30 01:27:43.118642: Epoch 353
2026-05-30 01:27:43.118806: Current learning rate: 0.00676
2026-05-30 01:28:14.877392: train_loss -0.7461
2026-05-30 01:28:14.877639: val_loss -0.6415
2026-05-30 01:28:14.877723: Pseudo dice [np.float32(0.8753)]
2026-05-30 01:28:14.877836: Epoch time: 31.76 s
2026-05-30 01:28:16.190645: 
2026-05-30 01:28:16.190951: Epoch 354
2026-05-30 01:28:16.191071: Current learning rate: 0.00675
2026-05-30 01:28:47.954457: train_loss -0.7083
2026-05-30 01:28:47.954936: val_loss -0.7258
2026-05-30 01:28:47.955040: Pseudo dice [np.float32(0.9231)]
2026-05-30 01:28:47.955158: Epoch time: 31.77 s
2026-05-30 01:28:49.292743: 
2026-05-30 01:28:49.293010: Epoch 355
2026-05-30 01:28:49.293201: Current learning rate: 0.00674
2026-05-30 01:29:21.072332: train_loss -0.7594
2026-05-30 01:29:21.072684: val_loss -0.8042
2026-05-30 01:29:21.072768: Pseudo dice [np.float32(0.9433)]
2026-05-30 01:29:21.072888: Epoch time: 31.78 s
2026-05-30 01:29:22.461170: 
2026-05-30 01:29:22.461459: Epoch 356
2026-05-30 01:29:22.461600: Current learning rate: 0.00673
2026-05-30 01:29:54.243229: train_loss -0.7483
2026-05-30 01:29:54.243525: val_loss -0.7515
2026-05-30 01:29:54.243611: Pseudo dice [np.float32(0.9369)]
2026-05-30 01:29:54.243726: Epoch time: 31.78 s
2026-05-30 01:29:55.570308: 
2026-05-30 01:29:55.570583: Epoch 357
2026-05-30 01:29:55.570719: Current learning rate: 0.00672
2026-05-30 01:30:27.353758: train_loss -0.7036
2026-05-30 01:30:27.354019: val_loss -0.7649
2026-05-30 01:30:27.354103: Pseudo dice [np.float32(0.9277)]
2026-05-30 01:30:27.354223: Epoch time: 31.79 s
2026-05-30 01:30:28.706361: 
2026-05-30 01:30:28.706625: Epoch 358
2026-05-30 01:30:28.706774: Current learning rate: 0.00671
2026-05-30 01:31:00.473780: train_loss -0.7192
2026-05-30 01:31:00.474149: val_loss -0.6943
2026-05-30 01:31:00.474282: Pseudo dice [np.float32(0.9166)]
2026-05-30 01:31:00.474403: Epoch time: 31.77 s
2026-05-30 01:31:01.818849: 
2026-05-30 01:31:01.819153: Epoch 359
2026-05-30 01:31:01.819321: Current learning rate: 0.0067
2026-05-30 01:31:33.541495: train_loss -0.7504
2026-05-30 01:31:33.541830: val_loss -0.7297
2026-05-30 01:31:33.541962: Pseudo dice [np.float32(0.9178)]
2026-05-30 01:31:33.542079: Epoch time: 31.72 s
2026-05-30 01:31:34.852185: 
2026-05-30 01:31:34.852466: Epoch 360
2026-05-30 01:31:34.852598: Current learning rate: 0.00669
2026-05-30 01:32:06.697024: train_loss -0.7369
2026-05-30 01:32:06.697571: val_loss -0.7455
2026-05-30 01:32:06.697728: Pseudo dice [np.float32(0.9322)]
2026-05-30 01:32:06.697848: Epoch time: 31.85 s
2026-05-30 01:32:08.047409: 
2026-05-30 01:32:08.047720: Epoch 361
2026-05-30 01:32:08.047878: Current learning rate: 0.00668
2026-05-30 01:32:39.841107: train_loss -0.6755
2026-05-30 01:32:39.841467: val_loss -0.7549
2026-05-30 01:32:39.841576: Pseudo dice [np.float32(0.9286)]
2026-05-30 01:32:39.841690: Epoch time: 31.8 s
2026-05-30 01:32:39.841773: Yayy! New best EMA pseudo Dice: 0.9222999811172485
2026-05-30 01:32:42.911981: 
2026-05-30 01:32:42.912268: Epoch 362
2026-05-30 01:32:42.912421: Current learning rate: 0.00667
2026-05-30 01:33:14.681365: train_loss -0.7255
2026-05-30 01:33:14.681618: val_loss -0.7733
2026-05-30 01:33:14.681775: Pseudo dice [np.float32(0.9375)]
2026-05-30 01:33:14.681886: Epoch time: 31.77 s
2026-05-30 01:33:14.681965: Yayy! New best EMA pseudo Dice: 0.923799991607666
2026-05-30 01:33:18.021580: 
2026-05-30 01:33:18.021888: Epoch 363
2026-05-30 01:33:18.022023: Current learning rate: 0.00666
2026-05-30 01:33:49.761633: train_loss -0.7547
2026-05-30 01:33:49.762048: val_loss -0.7927
2026-05-30 01:33:49.762181: Pseudo dice [np.float32(0.9431)]
2026-05-30 01:33:49.762454: Epoch time: 31.74 s
2026-05-30 01:33:49.762687: Yayy! New best EMA pseudo Dice: 0.9257000088691711
2026-05-30 01:33:52.932320: 
2026-05-30 01:33:52.932617: Epoch 364
2026-05-30 01:33:52.932774: Current learning rate: 0.00665
2026-05-30 01:34:24.781582: train_loss -0.7069
2026-05-30 01:34:24.781955: val_loss -0.7197
2026-05-30 01:34:24.782058: Pseudo dice [np.float32(0.9223)]
2026-05-30 01:34:24.782172: Epoch time: 31.85 s
2026-05-30 01:34:26.109015: 
2026-05-30 01:34:26.109365: Epoch 365
2026-05-30 01:34:26.109488: Current learning rate: 0.00665
2026-05-30 01:34:57.871224: train_loss -0.7718
2026-05-30 01:34:57.871545: val_loss -0.7004
2026-05-30 01:34:57.871636: Pseudo dice [np.float32(0.9122)]
2026-05-30 01:34:57.871751: Epoch time: 31.76 s
2026-05-30 01:34:59.228887: 
2026-05-30 01:34:59.229269: Epoch 366
2026-05-30 01:34:59.229426: Current learning rate: 0.00664
2026-05-30 01:35:30.928433: train_loss -0.7778
2026-05-30 01:35:30.928836: val_loss -0.7637
2026-05-30 01:35:30.929036: Pseudo dice [np.float32(0.935)]
2026-05-30 01:35:30.929395: Epoch time: 31.7 s
2026-05-30 01:35:32.316951: 
2026-05-30 01:35:32.317299: Epoch 367
2026-05-30 01:35:32.317434: Current learning rate: 0.00663
2026-05-30 01:36:04.112896: train_loss -0.7365
2026-05-30 01:36:04.113247: val_loss -0.6969
2026-05-30 01:36:04.113354: Pseudo dice [np.float32(0.9215)]
2026-05-30 01:36:04.113492: Epoch time: 31.8 s
2026-05-30 01:36:05.425619: 
2026-05-30 01:36:05.426275: Epoch 368
2026-05-30 01:36:05.426441: Current learning rate: 0.00662
2026-05-30 01:36:37.285651: train_loss -0.7066
2026-05-30 01:36:37.285887: val_loss -0.6785
2026-05-30 01:36:37.286016: Pseudo dice [np.float32(0.9001)]
2026-05-30 01:36:37.286128: Epoch time: 31.86 s
2026-05-30 01:36:38.578910: 
2026-05-30 01:36:38.579188: Epoch 369
2026-05-30 01:36:38.579306: Current learning rate: 0.00661
2026-05-30 01:37:10.314962: train_loss -0.72
2026-05-30 01:37:10.315318: val_loss -0.7328
2026-05-30 01:37:10.315439: Pseudo dice [np.float32(0.9298)]
2026-05-30 01:37:10.315577: Epoch time: 31.74 s
2026-05-30 01:37:11.651869: 
2026-05-30 01:37:11.652152: Epoch 370
2026-05-30 01:37:11.652315: Current learning rate: 0.0066
2026-05-30 01:37:43.472651: train_loss -0.7399
2026-05-30 01:37:43.473023: val_loss -0.668
2026-05-30 01:37:43.473119: Pseudo dice [np.float32(0.9164)]
2026-05-30 01:37:43.473352: Epoch time: 31.82 s
2026-05-30 01:37:44.794080: 
2026-05-30 01:37:44.794362: Epoch 371
2026-05-30 01:37:44.794503: Current learning rate: 0.00659
2026-05-30 01:38:16.667636: train_loss -0.7608
2026-05-30 01:38:16.667941: val_loss -0.7173
2026-05-30 01:38:16.668050: Pseudo dice [np.float32(0.9179)]
2026-05-30 01:38:16.668257: Epoch time: 31.88 s
2026-05-30 01:38:18.035743: 
2026-05-30 01:38:18.035993: Epoch 372
2026-05-30 01:38:18.036136: Current learning rate: 0.00658
2026-05-30 01:38:49.815535: train_loss -0.7108
2026-05-30 01:38:49.816026: val_loss -0.7578
2026-05-30 01:38:49.816153: Pseudo dice [np.float32(0.9317)]
2026-05-30 01:38:49.816287: Epoch time: 31.78 s
2026-05-30 01:38:51.195835: 
2026-05-30 01:38:51.196095: Epoch 373
2026-05-30 01:38:51.196251: Current learning rate: 0.00657
2026-05-30 01:39:23.049983: train_loss -0.6973
2026-05-30 01:39:23.050303: val_loss -0.691
2026-05-30 01:39:23.050538: Pseudo dice [np.float32(0.8938)]
2026-05-30 01:39:23.050765: Epoch time: 31.86 s
2026-05-30 01:39:24.773829: 
2026-05-30 01:39:24.774133: Epoch 374
2026-05-30 01:39:24.774274: Current learning rate: 0.00656
2026-05-30 01:39:56.527457: train_loss -0.7134
2026-05-30 01:39:56.527842: val_loss -0.6339
2026-05-30 01:39:56.528097: Pseudo dice [np.float32(0.9027)]
2026-05-30 01:39:56.528330: Epoch time: 31.76 s
2026-05-30 01:39:57.842740: 
2026-05-30 01:39:57.843010: Epoch 375
2026-05-30 01:39:57.843155: Current learning rate: 0.00655
2026-05-30 01:40:29.578067: train_loss -0.7131
2026-05-30 01:40:29.578301: val_loss -0.6533
2026-05-30 01:40:29.578387: Pseudo dice [np.float32(0.9023)]
2026-05-30 01:40:29.578504: Epoch time: 31.74 s
2026-05-30 01:40:30.932150: 
2026-05-30 01:40:30.932456: Epoch 376
2026-05-30 01:40:30.932591: Current learning rate: 0.00654
2026-05-30 01:41:02.662295: train_loss -0.75
2026-05-30 01:41:02.662573: val_loss -0.7516
2026-05-30 01:41:02.662658: Pseudo dice [np.float32(0.9259)]
2026-05-30 01:41:02.662768: Epoch time: 31.73 s
2026-05-30 01:41:03.993305: 
2026-05-30 01:41:03.993632: Epoch 377
2026-05-30 01:41:03.993755: Current learning rate: 0.00653
2026-05-30 01:41:35.717216: train_loss -0.7636
2026-05-30 01:41:35.717522: val_loss -0.7769
2026-05-30 01:41:35.717629: Pseudo dice [np.float32(0.9369)]
2026-05-30 01:41:35.717745: Epoch time: 31.73 s
2026-05-30 01:41:37.098369: 
2026-05-30 01:41:37.098662: Epoch 378
2026-05-30 01:41:37.098825: Current learning rate: 0.00652
2026-05-30 01:42:08.804349: train_loss -0.7839
2026-05-30 01:42:08.804727: val_loss -0.7148
2026-05-30 01:42:08.805058: Pseudo dice [np.float32(0.9251)]
2026-05-30 01:42:08.805366: Epoch time: 31.71 s
2026-05-30 01:42:10.154932: 
2026-05-30 01:42:10.155182: Epoch 379
2026-05-30 01:42:10.155320: Current learning rate: 0.00651
2026-05-30 01:42:41.920329: train_loss -0.7503
2026-05-30 01:42:41.920571: val_loss -0.7207
2026-05-30 01:42:41.920660: Pseudo dice [np.float32(0.9182)]
2026-05-30 01:42:41.920772: Epoch time: 31.77 s
2026-05-30 01:42:43.310571: 
2026-05-30 01:42:43.310894: Epoch 380
2026-05-30 01:42:43.311017: Current learning rate: 0.0065
2026-05-30 01:43:15.111531: train_loss -0.7826
2026-05-30 01:43:15.111918: val_loss -0.8364
2026-05-30 01:43:15.112035: Pseudo dice [np.float32(0.9568)]
2026-05-30 01:43:15.112180: Epoch time: 31.8 s
2026-05-30 01:43:16.471724: 
2026-05-30 01:43:16.471874: Epoch 381
2026-05-30 01:43:16.472148: Current learning rate: 0.00649
2026-05-30 01:43:48.331589: train_loss -0.7339
2026-05-30 01:43:48.331838: val_loss -0.7369
2026-05-30 01:43:48.331922: Pseudo dice [np.float32(0.9272)]
2026-05-30 01:43:48.332055: Epoch time: 31.86 s
2026-05-30 01:43:49.743653: 
2026-05-30 01:43:49.743941: Epoch 382
2026-05-30 01:43:49.744087: Current learning rate: 0.00648
2026-05-30 01:44:21.529255: train_loss -0.7509
2026-05-30 01:44:21.529679: val_loss -0.7351
2026-05-30 01:44:21.529859: Pseudo dice [np.float32(0.9284)]
2026-05-30 01:44:21.530092: Epoch time: 31.79 s
2026-05-30 01:44:22.881245: 
2026-05-30 01:44:22.881551: Epoch 383
2026-05-30 01:44:22.881755: Current learning rate: 0.00648
2026-05-30 01:44:54.656729: train_loss -0.7655
2026-05-30 01:44:54.657091: val_loss -0.6692
2026-05-30 01:44:54.657340: Pseudo dice [np.float32(0.9123)]
2026-05-30 01:44:54.657549: Epoch time: 31.78 s
2026-05-30 01:44:56.014083: 
2026-05-30 01:44:56.014309: Epoch 384
2026-05-30 01:44:56.014467: Current learning rate: 0.00647
2026-05-30 01:45:27.746102: train_loss -0.6895
2026-05-30 01:45:27.746659: val_loss -0.7715
2026-05-30 01:45:27.746777: Pseudo dice [np.float32(0.9232)]
2026-05-30 01:45:27.746992: Epoch time: 31.73 s
2026-05-30 01:45:29.544038: 
2026-05-30 01:45:29.544287: Epoch 385
2026-05-30 01:45:29.544441: Current learning rate: 0.00646
2026-05-30 01:46:01.406567: train_loss -0.7695
2026-05-30 01:46:01.406843: val_loss -0.6485
2026-05-30 01:46:01.406930: Pseudo dice [np.float32(0.8996)]
2026-05-30 01:46:01.407044: Epoch time: 31.86 s
2026-05-30 01:46:02.731366: 
2026-05-30 01:46:02.731642: Epoch 386
2026-05-30 01:46:02.731804: Current learning rate: 0.00645
2026-05-30 01:46:34.481923: train_loss -0.7819
2026-05-30 01:46:34.482334: val_loss -0.8296
2026-05-30 01:46:34.482435: Pseudo dice [np.float32(0.9513)]
2026-05-30 01:46:34.482561: Epoch time: 31.75 s
2026-05-30 01:46:35.824175: 
2026-05-30 01:46:35.824472: Epoch 387
2026-05-30 01:46:35.824616: Current learning rate: 0.00644
2026-05-30 01:47:07.594237: train_loss -0.7546
2026-05-30 01:47:07.594468: val_loss -0.7838
2026-05-30 01:47:07.594549: Pseudo dice [np.float32(0.9369)]
2026-05-30 01:47:07.594664: Epoch time: 31.77 s
2026-05-30 01:47:08.934178: 
2026-05-30 01:47:08.934432: Epoch 388
2026-05-30 01:47:08.934646: Current learning rate: 0.00643
2026-05-30 01:47:40.693555: train_loss -0.7435
2026-05-30 01:47:40.693861: val_loss -0.765
2026-05-30 01:47:40.693949: Pseudo dice [np.float32(0.9371)]
2026-05-30 01:47:40.694079: Epoch time: 31.76 s
2026-05-30 01:47:40.694171: Yayy! New best EMA pseudo Dice: 0.9264000058174133
2026-05-30 01:47:43.776925: 
2026-05-30 01:47:43.777230: Epoch 389
2026-05-30 01:47:43.777413: Current learning rate: 0.00642
2026-05-30 01:48:15.626442: train_loss -0.7395
2026-05-30 01:48:15.626686: val_loss -0.6744
2026-05-30 01:48:15.626770: Pseudo dice [np.float32(0.9116)]
2026-05-30 01:48:15.626978: Epoch time: 31.85 s
2026-05-30 01:48:16.991305: 
2026-05-30 01:48:16.991602: Epoch 390
2026-05-30 01:48:16.991748: Current learning rate: 0.00641
2026-05-30 01:48:48.766438: train_loss -0.7534
2026-05-30 01:48:48.766906: val_loss -0.7599
2026-05-30 01:48:48.767023: Pseudo dice [np.float32(0.9345)]
2026-05-30 01:48:48.767144: Epoch time: 31.78 s
2026-05-30 01:48:50.194490: 
2026-05-30 01:48:50.194802: Epoch 391
2026-05-30 01:48:50.194935: Current learning rate: 0.0064
2026-05-30 01:49:22.018018: train_loss -0.7821
2026-05-30 01:49:22.018270: val_loss -0.7427
2026-05-30 01:49:22.018445: Pseudo dice [np.float32(0.924)]
2026-05-30 01:49:22.018576: Epoch time: 31.83 s
2026-05-30 01:49:23.400612: 
2026-05-30 01:49:23.400932: Epoch 392
2026-05-30 01:49:23.401077: Current learning rate: 0.00639
2026-05-30 01:49:55.205723: train_loss -0.7725
2026-05-30 01:49:55.205996: val_loss -0.6905
2026-05-30 01:49:55.206079: Pseudo dice [np.float32(0.9173)]
2026-05-30 01:49:55.206574: Epoch time: 31.81 s
2026-05-30 01:49:56.521256: 
2026-05-30 01:49:56.521582: Epoch 393
2026-05-30 01:49:56.521703: Current learning rate: 0.00638
2026-05-30 01:50:28.284588: train_loss -0.7685
2026-05-30 01:50:28.285023: val_loss -0.8042
2026-05-30 01:50:28.285235: Pseudo dice [np.float32(0.9464)]
2026-05-30 01:50:28.285353: Epoch time: 31.77 s
2026-05-30 01:50:28.285447: Yayy! New best EMA pseudo Dice: 0.9269999861717224
2026-05-30 01:50:31.271106: 
2026-05-30 01:50:31.271358: Epoch 394
2026-05-30 01:50:31.271590: Current learning rate: 0.00637
2026-05-30 01:51:03.079631: train_loss -0.7768
2026-05-30 01:51:03.079981: val_loss -0.7509
2026-05-30 01:51:03.080079: Pseudo dice [np.float32(0.9332)]
2026-05-30 01:51:03.080203: Epoch time: 31.81 s
2026-05-30 01:51:03.080281: Yayy! New best EMA pseudo Dice: 0.9276000261306763
2026-05-30 01:51:06.263533: 
2026-05-30 01:51:06.263822: Epoch 395
2026-05-30 01:51:06.263957: Current learning rate: 0.00636
2026-05-30 01:51:38.057221: train_loss -0.6807
2026-05-30 01:51:38.057484: val_loss -0.7511
2026-05-30 01:51:38.057573: Pseudo dice [np.float32(0.9164)]
2026-05-30 01:51:38.057721: Epoch time: 31.8 s
2026-05-30 01:51:39.904712: 
2026-05-30 01:51:39.905012: Epoch 396
2026-05-30 01:51:39.905160: Current learning rate: 0.00635
2026-05-30 01:52:11.729054: train_loss -0.7596
2026-05-30 01:52:11.729404: val_loss -0.714
2026-05-30 01:52:11.729515: Pseudo dice [np.float32(0.9244)]
2026-05-30 01:52:11.729628: Epoch time: 31.83 s
2026-05-30 01:52:13.122269: 
2026-05-30 01:52:13.122556: Epoch 397
2026-05-30 01:52:13.122680: Current learning rate: 0.00634
2026-05-30 01:52:45.038705: train_loss -0.7408
2026-05-30 01:52:45.039042: val_loss -0.7351
2026-05-30 01:52:45.039141: Pseudo dice [np.float32(0.9243)]
2026-05-30 01:52:45.039284: Epoch time: 31.92 s
2026-05-30 01:52:46.421557: 
2026-05-30 01:52:46.421825: Epoch 398
2026-05-30 01:52:46.421983: Current learning rate: 0.00633
2026-05-30 01:53:18.265732: train_loss -0.7547
2026-05-30 01:53:18.266051: val_loss -0.6929
2026-05-30 01:53:18.266142: Pseudo dice [np.float32(0.9075)]
2026-05-30 01:53:18.266274: Epoch time: 31.85 s
2026-05-30 01:53:19.655833: 
2026-05-30 01:53:19.656162: Epoch 399
2026-05-30 01:53:19.656315: Current learning rate: 0.00632
2026-05-30 01:53:51.463380: train_loss -0.7853
2026-05-30 01:53:51.463701: val_loss -0.7975
2026-05-30 01:53:51.463887: Pseudo dice [np.float32(0.9412)]
2026-05-30 01:53:51.464019: Epoch time: 31.81 s
2026-05-30 01:53:54.541600: 
2026-05-30 01:53:54.541922: Epoch 400
2026-05-30 01:53:54.542078: Current learning rate: 0.00631
2026-05-30 01:54:26.361891: train_loss -0.7843
2026-05-30 01:54:26.362221: val_loss -0.6972
2026-05-30 01:54:26.362335: Pseudo dice [np.float32(0.9167)]
2026-05-30 01:54:26.362453: Epoch time: 31.82 s
2026-05-30 01:54:27.770995: 
2026-05-30 01:54:27.771296: Epoch 401
2026-05-30 01:54:27.771448: Current learning rate: 0.0063
2026-05-30 01:54:59.678431: train_loss -0.7343
2026-05-30 01:54:59.679054: val_loss -0.6952
2026-05-30 01:54:59.679266: Pseudo dice [np.float32(0.9052)]
2026-05-30 01:54:59.679526: Epoch time: 31.91 s
2026-05-30 01:55:01.097207: 
2026-05-30 01:55:01.097531: Epoch 402
2026-05-30 01:55:01.097691: Current learning rate: 0.0063
2026-05-30 01:55:33.010139: train_loss -0.7781
2026-05-30 01:55:33.010514: val_loss -0.7297
2026-05-30 01:55:33.010642: Pseudo dice [np.float32(0.9168)]
2026-05-30 01:55:33.010771: Epoch time: 31.91 s
2026-05-30 01:55:34.405797: 
2026-05-30 01:55:34.406109: Epoch 403
2026-05-30 01:55:34.406244: Current learning rate: 0.00629
2026-05-30 01:56:06.288885: train_loss -0.7136
2026-05-30 01:56:06.289274: val_loss -0.7704
2026-05-30 01:56:06.289400: Pseudo dice [np.float32(0.9314)]
2026-05-30 01:56:06.289515: Epoch time: 31.89 s
2026-05-30 01:56:07.766756: 
2026-05-30 01:56:07.766966: Epoch 404
2026-05-30 01:56:07.767174: Current learning rate: 0.00628
2026-05-30 01:56:39.581202: train_loss -0.7346
2026-05-30 01:56:39.581537: val_loss -0.7537
2026-05-30 01:56:39.581630: Pseudo dice [np.float32(0.9261)]
2026-05-30 01:56:39.581763: Epoch time: 31.82 s
2026-05-30 01:56:40.978157: 
2026-05-30 01:56:40.978471: Epoch 405
2026-05-30 01:56:40.978634: Current learning rate: 0.00627
2026-05-30 01:57:12.793639: train_loss -0.7708
2026-05-30 01:57:12.793984: val_loss -0.7953
2026-05-30 01:57:12.794136: Pseudo dice [np.float32(0.9493)]
2026-05-30 01:57:12.794264: Epoch time: 31.82 s
2026-05-30 01:57:14.584092: 
2026-05-30 01:57:14.584358: Epoch 406
2026-05-30 01:57:14.584518: Current learning rate: 0.00626
2026-05-30 01:57:46.360537: train_loss -0.7515
2026-05-30 01:57:46.360857: val_loss -0.6419
2026-05-30 01:57:46.360957: Pseudo dice [np.float32(0.8927)]
2026-05-30 01:57:46.361202: Epoch time: 31.78 s
2026-05-30 01:57:47.743464: 
2026-05-30 01:57:47.743797: Epoch 407
2026-05-30 01:57:47.743920: Current learning rate: 0.00625
2026-05-30 01:58:19.515684: train_loss -0.7703
2026-05-30 01:58:19.515990: val_loss -0.7657
2026-05-30 01:58:19.516083: Pseudo dice [np.float32(0.9376)]
2026-05-30 01:58:19.516210: Epoch time: 31.77 s
2026-05-30 01:58:20.893826: 
2026-05-30 01:58:20.894124: Epoch 408
2026-05-30 01:58:20.894248: Current learning rate: 0.00624
2026-05-30 01:58:52.697099: train_loss -0.7495
2026-05-30 01:58:52.697468: val_loss -0.6821
2026-05-30 01:58:52.697659: Pseudo dice [np.float32(0.9153)]
2026-05-30 01:58:52.697936: Epoch time: 31.81 s
2026-05-30 01:58:54.082659: 
2026-05-30 01:58:54.082963: Epoch 409
2026-05-30 01:58:54.083106: Current learning rate: 0.00623
2026-05-30 01:59:25.870712: train_loss -0.7395
2026-05-30 01:59:25.870989: val_loss -0.6352
2026-05-30 01:59:25.871075: Pseudo dice [np.float32(0.8901)]
2026-05-30 01:59:25.871188: Epoch time: 31.79 s
2026-05-30 01:59:27.268598: 
2026-05-30 01:59:27.268871: Epoch 410
2026-05-30 01:59:27.269046: Current learning rate: 0.00622
2026-05-30 01:59:59.069804: train_loss -0.7663
2026-05-30 01:59:59.070173: val_loss -0.7067
2026-05-30 01:59:59.070289: Pseudo dice [np.float32(0.9146)]
2026-05-30 01:59:59.070422: Epoch time: 31.8 s
2026-05-30 02:00:00.431184: 
2026-05-30 02:00:00.431499: Epoch 411
2026-05-30 02:00:00.431652: Current learning rate: 0.00621
2026-05-30 02:00:32.215526: train_loss -0.7432
2026-05-30 02:00:32.215947: val_loss -0.7127
2026-05-30 02:00:32.216033: Pseudo dice [np.float32(0.9198)]
2026-05-30 02:00:32.216147: Epoch time: 31.79 s
2026-05-30 02:00:33.557933: 
2026-05-30 02:00:33.558234: Epoch 412
2026-05-30 02:00:33.558348: Current learning rate: 0.0062
2026-05-30 02:01:05.324777: train_loss -0.7146
2026-05-30 02:01:05.325194: val_loss -0.7436
2026-05-30 02:01:05.325298: Pseudo dice [np.float32(0.9269)]
2026-05-30 02:01:05.325429: Epoch time: 31.77 s
2026-05-30 02:01:06.642079: 
2026-05-30 02:01:06.642305: Epoch 413
2026-05-30 02:01:06.642456: Current learning rate: 0.00619
2026-05-30 02:01:38.437198: train_loss -0.7506
2026-05-30 02:01:38.437466: val_loss -0.7329
2026-05-30 02:01:38.437550: Pseudo dice [np.float32(0.9163)]
2026-05-30 02:01:38.437665: Epoch time: 31.8 s
2026-05-30 02:01:39.799222: 
2026-05-30 02:01:39.799550: Epoch 414
2026-05-30 02:01:39.799673: Current learning rate: 0.00618
2026-05-30 02:02:11.630685: train_loss -0.7651
2026-05-30 02:02:11.631031: val_loss -0.6979
2026-05-30 02:02:11.631130: Pseudo dice [np.float32(0.9151)]
2026-05-30 02:02:11.631259: Epoch time: 31.83 s
2026-05-30 02:02:12.990698: 
2026-05-30 02:02:12.990983: Epoch 415
2026-05-30 02:02:12.991098: Current learning rate: 0.00617
2026-05-30 02:02:44.809595: train_loss -0.7778
2026-05-30 02:02:44.810002: val_loss -0.7143
2026-05-30 02:02:44.810177: Pseudo dice [np.float32(0.9131)]
2026-05-30 02:02:44.810326: Epoch time: 31.82 s
2026-05-30 02:02:46.171419: 
2026-05-30 02:02:46.171707: Epoch 416
2026-05-30 02:02:46.171870: Current learning rate: 0.00616
2026-05-30 02:03:17.978459: train_loss -0.7505
2026-05-30 02:03:17.978781: val_loss -0.8089
2026-05-30 02:03:17.978869: Pseudo dice [np.float32(0.9535)]
2026-05-30 02:03:17.978999: Epoch time: 31.81 s
2026-05-30 02:03:19.332157: 
2026-05-30 02:03:19.332378: Epoch 417
2026-05-30 02:03:19.332543: Current learning rate: 0.00615
2026-05-30 02:03:51.117439: train_loss -0.7776
2026-05-30 02:03:51.117850: val_loss -0.8266
2026-05-30 02:03:51.117942: Pseudo dice [np.float32(0.954)]
2026-05-30 02:03:51.118091: Epoch time: 31.79 s
2026-05-30 02:03:52.886206: 
2026-05-30 02:03:52.886523: Epoch 418
2026-05-30 02:03:52.886650: Current learning rate: 0.00614
2026-05-30 02:04:24.672347: train_loss -0.7645
2026-05-30 02:04:24.672642: val_loss -0.7064
2026-05-30 02:04:24.672736: Pseudo dice [np.float32(0.9211)]
2026-05-30 02:04:24.672854: Epoch time: 31.79 s
2026-05-30 02:04:26.030093: 
2026-05-30 02:04:26.030351: Epoch 419
2026-05-30 02:04:26.030504: Current learning rate: 0.00613
2026-05-30 02:04:57.825495: train_loss -0.7107
2026-05-30 02:04:57.825806: val_loss -0.5821
2026-05-30 02:04:57.825903: Pseudo dice [np.float32(0.8692)]
2026-05-30 02:04:57.826019: Epoch time: 31.8 s
2026-05-30 02:04:59.157190: 
2026-05-30 02:04:59.157473: Epoch 420
2026-05-30 02:04:59.157615: Current learning rate: 0.00612
2026-05-30 02:05:30.981457: train_loss -0.7059
2026-05-30 02:05:30.981852: val_loss -0.7591
2026-05-30 02:05:30.981939: Pseudo dice [np.float32(0.9352)]
2026-05-30 02:05:30.982051: Epoch time: 31.83 s
2026-05-30 02:05:32.288603: 
2026-05-30 02:05:32.288869: Epoch 421
2026-05-30 02:05:32.289017: Current learning rate: 0.00612
2026-05-30 02:06:04.044288: train_loss -0.7521
2026-05-30 02:06:04.044655: val_loss -0.701
2026-05-30 02:06:04.044776: Pseudo dice [np.float32(0.9177)]
2026-05-30 02:06:04.044895: Epoch time: 31.76 s
2026-05-30 02:06:05.395525: 
2026-05-30 02:06:05.395818: Epoch 422
2026-05-30 02:06:05.395950: Current learning rate: 0.00611
2026-05-30 02:06:37.286574: train_loss -0.7883
2026-05-30 02:06:37.286913: val_loss -0.797
2026-05-30 02:06:37.287039: Pseudo dice [np.float32(0.9351)]
2026-05-30 02:06:37.287322: Epoch time: 31.89 s
2026-05-30 02:06:38.638834: 
2026-05-30 02:06:38.639152: Epoch 423
2026-05-30 02:06:38.639280: Current learning rate: 0.0061
2026-05-30 02:07:10.556229: train_loss -0.7752
2026-05-30 02:07:10.556630: val_loss -0.7545
2026-05-30 02:07:10.556742: Pseudo dice [np.float32(0.9225)]
2026-05-30 02:07:10.556875: Epoch time: 31.92 s
2026-05-30 02:07:11.912631: 
2026-05-30 02:07:11.912910: Epoch 424
2026-05-30 02:07:11.913064: Current learning rate: 0.00609
2026-05-30 02:07:43.839152: train_loss -0.7539
2026-05-30 02:07:43.839551: val_loss -0.6227
2026-05-30 02:07:43.842586: Pseudo dice [np.float32(0.897)]
2026-05-30 02:07:43.842710: Epoch time: 31.93 s
2026-05-30 02:07:45.195406: 
2026-05-30 02:07:45.195731: Epoch 425
2026-05-30 02:07:45.195860: Current learning rate: 0.00608
2026-05-30 02:08:17.031302: train_loss -0.7636
2026-05-30 02:08:17.031688: val_loss -0.7363
2026-05-30 02:08:17.031817: Pseudo dice [np.float32(0.922)]
2026-05-30 02:08:17.031967: Epoch time: 31.84 s
2026-05-30 02:08:18.379155: 
2026-05-30 02:08:18.379439: Epoch 426
2026-05-30 02:08:18.379592: Current learning rate: 0.00607
2026-05-30 02:08:50.169466: train_loss -0.747
2026-05-30 02:08:50.170064: val_loss -0.7454
2026-05-30 02:08:50.170264: Pseudo dice [np.float32(0.9339)]
2026-05-30 02:08:50.170511: Epoch time: 31.79 s
2026-05-30 02:08:51.492694: 
2026-05-30 02:08:51.492966: Epoch 427
2026-05-30 02:08:51.493112: Current learning rate: 0.00606
2026-05-30 02:09:23.275766: train_loss -0.7849
2026-05-30 02:09:23.276080: val_loss -0.714
2026-05-30 02:09:23.276196: Pseudo dice [np.float32(0.9202)]
2026-05-30 02:09:23.276361: Epoch time: 31.78 s
2026-05-30 02:09:24.838439: 
2026-05-30 02:09:24.838749: Epoch 428
2026-05-30 02:09:24.838891: Current learning rate: 0.00605
2026-05-30 02:09:56.695057: train_loss -0.7518
2026-05-30 02:09:56.695420: val_loss -0.6594
2026-05-30 02:09:56.695581: Pseudo dice [np.float32(0.9098)]
2026-05-30 02:09:56.695741: Epoch time: 31.86 s
2026-05-30 02:09:58.044668: 
2026-05-30 02:09:58.044878: Epoch 429
2026-05-30 02:09:58.045097: Current learning rate: 0.00604
2026-05-30 02:10:29.855572: train_loss -0.8018
2026-05-30 02:10:29.855898: val_loss -0.7568
2026-05-30 02:10:29.856040: Pseudo dice [np.float32(0.9246)]
2026-05-30 02:10:29.856201: Epoch time: 31.81 s
2026-05-30 02:10:31.568204: 
2026-05-30 02:10:31.568462: Epoch 430
2026-05-30 02:10:31.568623: Current learning rate: 0.00603
2026-05-30 02:11:03.348079: train_loss -0.7732
2026-05-30 02:11:03.348324: val_loss -0.749
2026-05-30 02:11:03.348406: Pseudo dice [np.float32(0.9273)]
2026-05-30 02:11:03.348523: Epoch time: 31.78 s
2026-05-30 02:11:04.675059: 
2026-05-30 02:11:04.675374: Epoch 431
2026-05-30 02:11:04.675495: Current learning rate: 0.00602
2026-05-30 02:11:36.409682: train_loss -0.7599
2026-05-30 02:11:36.409973: val_loss -0.7094
2026-05-30 02:11:36.410150: Pseudo dice [np.float32(0.9143)]
2026-05-30 02:11:36.410284: Epoch time: 31.74 s
2026-05-30 02:11:37.766219: 
2026-05-30 02:11:37.766504: Epoch 432
2026-05-30 02:11:37.766658: Current learning rate: 0.00601
2026-05-30 02:12:09.544580: train_loss -0.7644
2026-05-30 02:12:09.544910: val_loss -0.717
2026-05-30 02:12:09.545041: Pseudo dice [np.float32(0.9158)]
2026-05-30 02:12:09.545246: Epoch time: 31.78 s
2026-05-30 02:12:10.888867: 
2026-05-30 02:12:10.889158: Epoch 433
2026-05-30 02:12:10.889336: Current learning rate: 0.006
2026-05-30 02:12:42.660683: train_loss -0.7552
2026-05-30 02:12:42.660938: val_loss -0.6672
2026-05-30 02:12:42.661057: Pseudo dice [np.float32(0.8945)]
2026-05-30 02:12:42.661302: Epoch time: 31.77 s
2026-05-30 02:12:43.982235: 
2026-05-30 02:12:43.982546: Epoch 434
2026-05-30 02:12:43.982678: Current learning rate: 0.00599
2026-05-30 02:13:15.762085: train_loss -0.7072
2026-05-30 02:13:15.762447: val_loss -0.7229
2026-05-30 02:13:15.762542: Pseudo dice [np.float32(0.9308)]
2026-05-30 02:13:15.762682: Epoch time: 31.78 s
2026-05-30 02:13:17.066915: 
2026-05-30 02:13:17.067174: Epoch 435
2026-05-30 02:13:17.067331: Current learning rate: 0.00598
2026-05-30 02:13:48.815681: train_loss -0.7843
2026-05-30 02:13:48.815975: val_loss -0.7908
2026-05-30 02:13:48.816087: Pseudo dice [np.float32(0.9425)]
2026-05-30 02:13:48.816198: Epoch time: 31.75 s
2026-05-30 02:13:50.102696: 
2026-05-30 02:13:50.102924: Epoch 436
2026-05-30 02:13:50.103105: Current learning rate: 0.00597
2026-05-30 02:14:21.807639: train_loss -0.7606
2026-05-30 02:14:21.808072: val_loss -0.7768
2026-05-30 02:14:21.808159: Pseudo dice [np.float32(0.937)]
2026-05-30 02:14:21.808272: Epoch time: 31.71 s
2026-05-30 02:14:23.140208: 
2026-05-30 02:14:23.140538: Epoch 437
2026-05-30 02:14:23.140656: Current learning rate: 0.00596
2026-05-30 02:14:54.911682: train_loss -0.769
2026-05-30 02:14:54.911942: val_loss -0.7486
2026-05-30 02:14:54.912043: Pseudo dice [np.float32(0.9297)]
2026-05-30 02:14:54.912169: Epoch time: 31.77 s
2026-05-30 02:14:56.250197: 
2026-05-30 02:14:56.250465: Epoch 438
2026-05-30 02:14:56.250612: Current learning rate: 0.00595
2026-05-30 02:15:27.995076: train_loss -0.7703
2026-05-30 02:15:27.995317: val_loss -0.8037
2026-05-30 02:15:27.995409: Pseudo dice [np.float32(0.944)]
2026-05-30 02:15:27.995530: Epoch time: 31.75 s
2026-05-30 02:15:29.301618: 
2026-05-30 02:15:29.301869: Epoch 439
2026-05-30 02:15:29.302038: Current learning rate: 0.00594
2026-05-30 02:16:01.035167: train_loss -0.7622
2026-05-30 02:16:01.035411: val_loss -0.7693
2026-05-30 02:16:01.035512: Pseudo dice [np.float32(0.9316)]
2026-05-30 02:16:01.035626: Epoch time: 31.74 s
2026-05-30 02:16:02.329757: 
2026-05-30 02:16:02.330084: Epoch 440
2026-05-30 02:16:02.330207: Current learning rate: 0.00593
2026-05-30 02:16:34.093363: train_loss -0.7389
2026-05-30 02:16:34.093857: val_loss -0.7191
2026-05-30 02:16:34.093986: Pseudo dice [np.float32(0.9237)]
2026-05-30 02:16:34.094159: Epoch time: 31.77 s
2026-05-30 02:16:35.398512: 
2026-05-30 02:16:35.398782: Epoch 441
2026-05-30 02:16:35.398914: Current learning rate: 0.00592
2026-05-30 02:17:07.210309: train_loss -0.7597
2026-05-30 02:17:07.210665: val_loss -0.7284
2026-05-30 02:17:07.210787: Pseudo dice [np.float32(0.9245)]
2026-05-30 02:17:07.210903: Epoch time: 31.81 s
2026-05-30 02:17:08.923839: 
2026-05-30 02:17:08.924108: Epoch 442
2026-05-30 02:17:08.924249: Current learning rate: 0.00592
2026-05-30 02:17:40.770825: train_loss -0.7211
2026-05-30 02:17:40.771695: val_loss -0.6822
2026-05-30 02:17:40.771831: Pseudo dice [np.float32(0.9)]
2026-05-30 02:17:40.771991: Epoch time: 31.85 s
2026-05-30 02:17:42.086980: 
2026-05-30 02:17:42.087295: Epoch 443
2026-05-30 02:17:42.087415: Current learning rate: 0.00591
2026-05-30 02:18:13.864153: train_loss -0.7444
2026-05-30 02:18:13.864469: val_loss -0.7663
2026-05-30 02:18:13.864651: Pseudo dice [np.float32(0.937)]
2026-05-30 02:18:13.864897: Epoch time: 31.78 s
2026-05-30 02:18:15.134445: 
2026-05-30 02:18:15.134760: Epoch 444
2026-05-30 02:18:15.134890: Current learning rate: 0.0059
2026-05-30 02:18:46.884722: train_loss -0.7506
2026-05-30 02:18:46.885244: val_loss -0.6722
2026-05-30 02:18:46.885448: Pseudo dice [np.float32(0.905)]
2026-05-30 02:18:46.885664: Epoch time: 31.75 s
2026-05-30 02:18:48.181974: 
2026-05-30 02:18:48.182237: Epoch 445
2026-05-30 02:18:48.182402: Current learning rate: 0.00589
2026-05-30 02:19:19.901619: train_loss -0.7959
2026-05-30 02:19:19.901912: val_loss -0.6924
2026-05-30 02:19:19.902009: Pseudo dice [np.float32(0.9233)]
2026-05-30 02:19:19.902119: Epoch time: 31.72 s
2026-05-30 02:19:21.196523: 
2026-05-30 02:19:21.196823: Epoch 446
2026-05-30 02:19:21.196945: Current learning rate: 0.00588
2026-05-30 02:19:52.929971: train_loss -0.7628
2026-05-30 02:19:52.930223: val_loss -0.62
2026-05-30 02:19:52.930320: Pseudo dice [np.float32(0.8781)]
2026-05-30 02:19:52.930445: Epoch time: 31.74 s
2026-05-30 02:19:54.203494: 
2026-05-30 02:19:54.203815: Epoch 447
2026-05-30 02:19:54.203934: Current learning rate: 0.00587
2026-05-30 02:20:25.964006: train_loss -0.6892
2026-05-30 02:20:25.964277: val_loss -0.7498
2026-05-30 02:20:25.964364: Pseudo dice [np.float32(0.9356)]
2026-05-30 02:20:25.964479: Epoch time: 31.76 s
2026-05-30 02:20:27.252899: 
2026-05-30 02:20:27.253220: Epoch 448
2026-05-30 02:20:27.253361: Current learning rate: 0.00586
2026-05-30 02:20:58.975014: train_loss -0.7553
2026-05-30 02:20:58.975339: val_loss -0.72
2026-05-30 02:20:58.975431: Pseudo dice [np.float32(0.9278)]
2026-05-30 02:20:58.975577: Epoch time: 31.72 s
2026-05-30 02:21:00.264575: 
2026-05-30 02:21:00.264860: Epoch 449
2026-05-30 02:21:00.265045: Current learning rate: 0.00585
2026-05-30 02:21:32.015961: train_loss -0.7882
2026-05-30 02:21:32.016526: val_loss -0.6161
2026-05-30 02:21:32.016639: Pseudo dice [np.float32(0.8987)]
2026-05-30 02:21:32.016757: Epoch time: 31.75 s
2026-05-30 02:21:35.041927: 
2026-05-30 02:21:35.042197: Epoch 450
2026-05-30 02:21:35.042362: Current learning rate: 0.00584
2026-05-30 02:22:06.785636: train_loss -0.8114
2026-05-30 02:22:06.786072: val_loss -0.8034
2026-05-30 02:22:06.786196: Pseudo dice [np.float32(0.9473)]
2026-05-30 02:22:06.786332: Epoch time: 31.75 s
2026-05-30 02:22:08.073079: 
2026-05-30 02:22:08.073358: Epoch 451
2026-05-30 02:22:08.073477: Current learning rate: 0.00583
2026-05-30 02:22:39.838010: train_loss -0.8137
2026-05-30 02:22:39.838263: val_loss -0.8177
2026-05-30 02:22:39.838421: Pseudo dice [np.float32(0.9517)]
2026-05-30 02:22:39.838536: Epoch time: 31.77 s
2026-05-30 02:22:41.113884: 
2026-05-30 02:22:41.114143: Epoch 452
2026-05-30 02:22:41.114305: Current learning rate: 0.00582
2026-05-30 02:23:12.877959: train_loss -0.7955
2026-05-30 02:23:12.878263: val_loss -0.7817
2026-05-30 02:23:12.878357: Pseudo dice [np.float32(0.9307)]
2026-05-30 02:23:12.878486: Epoch time: 31.77 s
2026-05-30 02:23:14.192945: 
2026-05-30 02:23:14.193231: Epoch 453
2026-05-30 02:23:14.193352: Current learning rate: 0.00581
2026-05-30 02:23:45.996825: train_loss -0.7695
2026-05-30 02:23:45.997122: val_loss -0.6811
2026-05-30 02:23:45.997223: Pseudo dice [np.float32(0.9088)]
2026-05-30 02:23:45.997338: Epoch time: 31.81 s
2026-05-30 02:23:47.628711: 
2026-05-30 02:23:47.629028: Epoch 454
2026-05-30 02:23:47.629153: Current learning rate: 0.0058
2026-05-30 02:24:19.377018: train_loss -0.7179
2026-05-30 02:24:19.377415: val_loss -0.6698
2026-05-30 02:24:19.377661: Pseudo dice [np.float32(0.9156)]
2026-05-30 02:24:19.377864: Epoch time: 31.75 s
2026-05-30 02:24:20.644919: 
2026-05-30 02:24:20.645238: Epoch 455
2026-05-30 02:24:20.645373: Current learning rate: 0.00579
2026-05-30 02:24:52.382159: train_loss -0.7586
2026-05-30 02:24:52.382480: val_loss -0.7755
2026-05-30 02:24:52.382570: Pseudo dice [np.float32(0.9413)]
2026-05-30 02:24:52.382698: Epoch time: 31.74 s
2026-05-30 02:24:53.671877: 
2026-05-30 02:24:53.672149: Epoch 456
2026-05-30 02:24:53.672305: Current learning rate: 0.00578
2026-05-30 02:25:25.519385: train_loss -0.7731
2026-05-30 02:25:25.519788: val_loss -0.6966
2026-05-30 02:25:25.519920: Pseudo dice [np.float32(0.9204)]
2026-05-30 02:25:25.520077: Epoch time: 31.85 s
2026-05-30 02:25:26.812893: 
2026-05-30 02:25:26.813196: Epoch 457
2026-05-30 02:25:26.813365: Current learning rate: 0.00577
2026-05-30 02:25:58.604400: train_loss -0.7081
2026-05-30 02:25:58.604718: val_loss -0.7314
2026-05-30 02:25:58.604810: Pseudo dice [np.float32(0.9211)]
2026-05-30 02:25:58.604931: Epoch time: 31.79 s
2026-05-30 02:25:59.922843: 
2026-05-30 02:25:59.923143: Epoch 458
2026-05-30 02:25:59.923265: Current learning rate: 0.00576
2026-05-30 02:26:31.696787: train_loss -0.7053
2026-05-30 02:26:31.697151: val_loss -0.7365
2026-05-30 02:26:31.697255: Pseudo dice [np.float32(0.9259)]
2026-05-30 02:26:31.697394: Epoch time: 31.78 s
2026-05-30 02:26:33.006861: 
2026-05-30 02:26:33.007182: Epoch 459
2026-05-30 02:26:33.007304: Current learning rate: 0.00575
2026-05-30 02:27:04.785314: train_loss -0.7854
2026-05-30 02:27:04.785646: val_loss -0.7872
2026-05-30 02:27:04.785735: Pseudo dice [np.float32(0.9395)]
2026-05-30 02:27:04.785937: Epoch time: 31.78 s
2026-05-30 02:27:06.057680: 
2026-05-30 02:27:06.057962: Epoch 460
2026-05-30 02:27:06.058080: Current learning rate: 0.00574
2026-05-30 02:27:37.788452: train_loss -0.8061
2026-05-30 02:27:37.788737: val_loss -0.695
2026-05-30 02:27:37.788823: Pseudo dice [np.float32(0.9111)]
2026-05-30 02:27:37.788935: Epoch time: 31.73 s
2026-05-30 02:27:39.097809: 
2026-05-30 02:27:39.098114: Epoch 461
2026-05-30 02:27:39.098232: Current learning rate: 0.00573
2026-05-30 02:28:10.870771: train_loss -0.8068
2026-05-30 02:28:10.871112: val_loss -0.8474
2026-05-30 02:28:10.871322: Pseudo dice [np.float32(0.9553)]
2026-05-30 02:28:10.871459: Epoch time: 31.77 s
2026-05-30 02:28:12.151342: 
2026-05-30 02:28:12.151549: Epoch 462
2026-05-30 02:28:12.151767: Current learning rate: 0.00572
2026-05-30 02:28:43.933338: train_loss -0.7545
2026-05-30 02:28:43.933649: val_loss -0.5975
2026-05-30 02:28:43.933738: Pseudo dice [np.float32(0.8936)]
2026-05-30 02:28:43.933901: Epoch time: 31.78 s
2026-05-30 02:28:45.222036: 
2026-05-30 02:28:45.222310: Epoch 463
2026-05-30 02:28:45.222433: Current learning rate: 0.00571
2026-05-30 02:29:16.959730: train_loss -0.6979
2026-05-30 02:29:16.960035: val_loss -0.7278
2026-05-30 02:29:16.960231: Pseudo dice [np.float32(0.9219)]
2026-05-30 02:29:16.960381: Epoch time: 31.74 s
2026-05-30 02:29:18.258963: 
2026-05-30 02:29:18.259219: Epoch 464
2026-05-30 02:29:18.259376: Current learning rate: 0.0057
2026-05-30 02:29:50.013771: train_loss -0.7642
2026-05-30 02:29:50.014012: val_loss -0.7622
2026-05-30 02:29:50.014095: Pseudo dice [np.float32(0.9342)]
2026-05-30 02:29:50.014232: Epoch time: 31.76 s
2026-05-30 02:29:51.325765: 
2026-05-30 02:29:51.326078: Epoch 465
2026-05-30 02:29:51.326233: Current learning rate: 0.0057
2026-05-30 02:30:23.122748: train_loss -0.7522
2026-05-30 02:30:23.122996: val_loss -0.6864
2026-05-30 02:30:23.123080: Pseudo dice [np.float32(0.9136)]
2026-05-30 02:30:23.123191: Epoch time: 31.8 s
2026-05-30 02:30:24.797173: 
2026-05-30 02:30:24.797459: Epoch 466
2026-05-30 02:30:24.797609: Current learning rate: 0.00569
2026-05-30 02:30:56.505718: train_loss -0.761
2026-05-30 02:30:56.506002: val_loss -0.7592
2026-05-30 02:30:56.506083: Pseudo dice [np.float32(0.9312)]
2026-05-30 02:30:56.506191: Epoch time: 31.71 s
2026-05-30 02:30:57.749612: 
2026-05-30 02:30:57.749938: Epoch 467
2026-05-30 02:30:57.750056: Current learning rate: 0.00568
2026-05-30 02:31:29.543541: train_loss -0.8135
2026-05-30 02:31:29.544321: val_loss -0.7757
2026-05-30 02:31:29.544425: Pseudo dice [np.float32(0.9363)]
2026-05-30 02:31:29.544537: Epoch time: 31.8 s
2026-05-30 02:31:30.805802: 
2026-05-30 02:31:30.806118: Epoch 468
2026-05-30 02:31:30.806238: Current learning rate: 0.00567
2026-05-30 02:32:02.442465: train_loss -0.7635
2026-05-30 02:32:02.442716: val_loss -0.8054
2026-05-30 02:32:02.442800: Pseudo dice [np.float32(0.9482)]
2026-05-30 02:32:02.442972: Epoch time: 31.64 s
2026-05-30 02:32:02.443055: Yayy! New best EMA pseudo Dice: 0.9277999997138977
2026-05-30 02:32:05.325037: 
2026-05-30 02:32:05.325320: Epoch 469
2026-05-30 02:32:05.325454: Current learning rate: 0.00566
2026-05-30 02:32:37.149171: train_loss -0.7801
2026-05-30 02:32:37.149449: val_loss -0.8176
2026-05-30 02:32:37.149537: Pseudo dice [np.float32(0.9519)]
2026-05-30 02:32:37.149670: Epoch time: 31.83 s
2026-05-30 02:32:37.149878: Yayy! New best EMA pseudo Dice: 0.9301999807357788
2026-05-30 02:32:40.080603: 
2026-05-30 02:32:40.080878: Epoch 470
2026-05-30 02:32:40.081043: Current learning rate: 0.00565
2026-05-30 02:33:11.836231: train_loss -0.7872
2026-05-30 02:33:11.836619: val_loss -0.7506
2026-05-30 02:33:11.836724: Pseudo dice [np.float32(0.9249)]
2026-05-30 02:33:11.836844: Epoch time: 31.76 s
2026-05-30 02:33:13.095357: 
2026-05-30 02:33:13.095690: Epoch 471
2026-05-30 02:33:13.095808: Current learning rate: 0.00564
2026-05-30 02:33:44.867675: train_loss -0.7526
2026-05-30 02:33:44.868034: val_loss -0.718
2026-05-30 02:33:44.868136: Pseudo dice [np.float32(0.9203)]
2026-05-30 02:33:44.868260: Epoch time: 31.77 s
2026-05-30 02:33:46.210840: 
2026-05-30 02:33:46.211135: Epoch 472
2026-05-30 02:33:46.211257: Current learning rate: 0.00563
2026-05-30 02:34:17.892383: train_loss -0.7508
2026-05-30 02:34:17.892727: val_loss -0.6901
2026-05-30 02:34:17.892816: Pseudo dice [np.float32(0.9074)]
2026-05-30 02:34:17.892939: Epoch time: 31.68 s
2026-05-30 02:34:19.170406: 
2026-05-30 02:34:19.170725: Epoch 473
2026-05-30 02:34:19.170869: Current learning rate: 0.00562
2026-05-30 02:34:50.923493: train_loss -0.7507
2026-05-30 02:34:50.923853: val_loss -0.7652
2026-05-30 02:34:50.923955: Pseudo dice [np.float32(0.9319)]
2026-05-30 02:34:50.924063: Epoch time: 31.75 s
2026-05-30 02:34:52.229762: 
2026-05-30 02:34:52.230047: Epoch 474
2026-05-30 02:34:52.230169: Current learning rate: 0.00561
2026-05-30 02:35:24.010597: train_loss -0.74
2026-05-30 02:35:24.010835: val_loss -0.6383
2026-05-30 02:35:24.010916: Pseudo dice [np.float32(0.9101)]
2026-05-30 02:35:24.011029: Epoch time: 31.78 s
2026-05-30 02:35:25.324071: 
2026-05-30 02:35:25.324393: Epoch 475
2026-05-30 02:35:25.324515: Current learning rate: 0.0056
2026-05-30 02:35:57.058177: train_loss -0.7561
2026-05-30 02:35:57.058416: val_loss -0.8001
2026-05-30 02:35:57.058518: Pseudo dice [np.float32(0.9442)]
2026-05-30 02:35:57.058634: Epoch time: 31.74 s
2026-05-30 02:35:58.353489: 
2026-05-30 02:35:58.353757: Epoch 476
2026-05-30 02:35:58.353919: Current learning rate: 0.00559
2026-05-30 02:36:30.139997: train_loss -0.7408
2026-05-30 02:36:30.140364: val_loss -0.8163
2026-05-30 02:36:30.140492: Pseudo dice [np.float32(0.9469)]
2026-05-30 02:36:30.140631: Epoch time: 31.79 s
2026-05-30 02:36:31.441676: 
2026-05-30 02:36:31.441913: Epoch 477
2026-05-30 02:36:31.442068: Current learning rate: 0.00558
2026-05-30 02:37:03.273292: train_loss -0.7411
2026-05-30 02:37:03.273611: val_loss -0.788
2026-05-30 02:37:03.273722: Pseudo dice [np.float32(0.9358)]
2026-05-30 02:37:03.273856: Epoch time: 31.83 s
2026-05-30 02:37:04.992390: 
2026-05-30 02:37:04.992841: Epoch 478
2026-05-30 02:37:04.993130: Current learning rate: 0.00557
2026-05-30 02:37:36.682330: train_loss -0.7863
2026-05-30 02:37:36.682805: val_loss -0.6544
2026-05-30 02:37:36.683047: Pseudo dice [np.float32(0.9052)]
2026-05-30 02:37:36.683270: Epoch time: 31.69 s
2026-05-30 02:37:37.976565: 
2026-05-30 02:37:37.976830: Epoch 479
2026-05-30 02:37:37.977013: Current learning rate: 0.00556
2026-05-30 02:38:09.743412: train_loss -0.7816
2026-05-30 02:38:09.743825: val_loss -0.6896
2026-05-30 02:38:09.743927: Pseudo dice [np.float32(0.9223)]
2026-05-30 02:38:09.744051: Epoch time: 31.77 s
2026-05-30 02:38:11.045224: 
2026-05-30 02:38:11.045628: Epoch 480
2026-05-30 02:38:11.045757: Current learning rate: 0.00555
2026-05-30 02:38:42.790854: train_loss -0.7236
2026-05-30 02:38:42.791097: val_loss -0.758
2026-05-30 02:38:42.791182: Pseudo dice [np.float32(0.936)]
2026-05-30 02:38:42.791299: Epoch time: 31.75 s
2026-05-30 02:38:44.104247: 
2026-05-30 02:38:44.104532: Epoch 481
2026-05-30 02:38:44.104676: Current learning rate: 0.00554
2026-05-30 02:39:15.892134: train_loss -0.715
2026-05-30 02:39:15.892368: val_loss -0.6782
2026-05-30 02:39:15.892452: Pseudo dice [np.float32(0.9116)]
2026-05-30 02:39:15.892560: Epoch time: 31.79 s
2026-05-30 02:39:17.195582: 
2026-05-30 02:39:17.195861: Epoch 482
2026-05-30 02:39:17.196026: Current learning rate: 0.00553
2026-05-30 02:39:48.979161: train_loss -0.756
2026-05-30 02:39:48.979473: val_loss -0.7628
2026-05-30 02:39:48.979625: Pseudo dice [np.float32(0.9318)]
2026-05-30 02:39:48.979752: Epoch time: 31.79 s
2026-05-30 02:39:50.277399: 
2026-05-30 02:39:50.277680: Epoch 483
2026-05-30 02:39:50.277815: Current learning rate: 0.00552
2026-05-30 02:40:22.023146: train_loss -0.7927
2026-05-30 02:40:22.023390: val_loss -0.7188
2026-05-30 02:40:22.023471: Pseudo dice [np.float32(0.9295)]
2026-05-30 02:40:22.023580: Epoch time: 31.75 s
2026-05-30 02:40:23.305158: 
2026-05-30 02:40:23.305426: Epoch 484
2026-05-30 02:40:23.305546: Current learning rate: 0.00551
2026-05-30 02:40:55.058653: train_loss -0.8151
2026-05-30 02:40:55.058980: val_loss -0.6841
2026-05-30 02:40:55.059085: Pseudo dice [np.float32(0.9081)]
2026-05-30 02:40:55.059260: Epoch time: 31.76 s
2026-05-30 02:40:56.351822: 
2026-05-30 02:40:56.352101: Epoch 485
2026-05-30 02:40:56.352241: Current learning rate: 0.0055
2026-05-30 02:41:28.187781: train_loss -0.7565
2026-05-30 02:41:28.188016: val_loss -0.6505
2026-05-30 02:41:28.188099: Pseudo dice [np.float32(0.8968)]
2026-05-30 02:41:28.188210: Epoch time: 31.84 s
2026-05-30 02:41:29.484089: 
2026-05-30 02:41:29.484353: Epoch 486
2026-05-30 02:41:29.484468: Current learning rate: 0.00549
2026-05-30 02:42:01.288051: train_loss -0.7503
2026-05-30 02:42:01.288359: val_loss -0.6202
2026-05-30 02:42:01.288446: Pseudo dice [np.float32(0.891)]
2026-05-30 02:42:01.288554: Epoch time: 31.81 s
2026-05-30 02:42:02.548900: 
2026-05-30 02:42:02.549196: Epoch 487
2026-05-30 02:42:02.549345: Current learning rate: 0.00548
2026-05-30 02:42:34.287373: train_loss -0.7837
2026-05-30 02:42:34.287614: val_loss -0.6639
2026-05-30 02:42:34.287695: Pseudo dice [np.float32(0.8901)]
2026-05-30 02:42:34.287802: Epoch time: 31.74 s
2026-05-30 02:42:35.594316: 
2026-05-30 02:42:35.594605: Epoch 488
2026-05-30 02:42:35.594747: Current learning rate: 0.00547
2026-05-30 02:43:07.346156: train_loss -0.7431
2026-05-30 02:43:07.346396: val_loss -0.6815
2026-05-30 02:43:07.346477: Pseudo dice [np.float32(0.9032)]
2026-05-30 02:43:07.346585: Epoch time: 31.75 s
2026-05-30 02:43:08.610520: 
2026-05-30 02:43:08.610826: Epoch 489
2026-05-30 02:43:08.611011: Current learning rate: 0.00546
2026-05-30 02:43:40.318000: train_loss -0.8014
2026-05-30 02:43:40.318375: val_loss -0.8066
2026-05-30 02:43:40.318494: Pseudo dice [np.float32(0.9432)]
2026-05-30 02:43:40.318627: Epoch time: 31.71 s
2026-05-30 02:43:42.022827: 
2026-05-30 02:43:42.023112: Epoch 490
2026-05-30 02:43:42.023267: Current learning rate: 0.00546
2026-05-30 02:44:13.762801: train_loss -0.8148
2026-05-30 02:44:13.763165: val_loss -0.8095
2026-05-30 02:44:13.763287: Pseudo dice [np.float32(0.953)]
2026-05-30 02:44:13.763413: Epoch time: 31.74 s
2026-05-30 02:44:15.065899: 
2026-05-30 02:44:15.066192: Epoch 491
2026-05-30 02:44:15.066324: Current learning rate: 0.00545
2026-05-30 02:44:46.813957: train_loss -0.811
2026-05-30 02:44:46.814378: val_loss -0.7436
2026-05-30 02:44:46.814468: Pseudo dice [np.float32(0.9226)]
2026-05-30 02:44:46.814595: Epoch time: 31.75 s
2026-05-30 02:44:48.109772: 
2026-05-30 02:44:48.110568: Epoch 492
2026-05-30 02:44:48.110696: Current learning rate: 0.00544
2026-05-30 02:45:19.825761: train_loss -0.758
2026-05-30 02:45:19.826176: val_loss -0.7527
2026-05-30 02:45:19.826264: Pseudo dice [np.float32(0.9244)]
2026-05-30 02:45:19.826387: Epoch time: 31.72 s
2026-05-30 02:45:21.123124: 
2026-05-30 02:45:21.123425: Epoch 493
2026-05-30 02:45:21.123581: Current learning rate: 0.00543
2026-05-30 02:45:52.883290: train_loss -0.7787
2026-05-30 02:45:52.883595: val_loss -0.6325
2026-05-30 02:45:52.883680: Pseudo dice [np.float32(0.9112)]
2026-05-30 02:45:52.883791: Epoch time: 31.76 s
2026-05-30 02:45:54.156418: 
2026-05-30 02:45:54.156727: Epoch 494
2026-05-30 02:45:54.156847: Current learning rate: 0.00542
2026-05-30 02:46:25.840550: train_loss -0.7894
2026-05-30 02:46:25.840870: val_loss -0.729
2026-05-30 02:46:25.840960: Pseudo dice [np.float32(0.9256)]
2026-05-30 02:46:25.841114: Epoch time: 31.69 s
2026-05-30 02:46:27.153785: 
2026-05-30 02:46:27.154038: Epoch 495
2026-05-30 02:46:27.154191: Current learning rate: 0.00541
2026-05-30 02:46:59.009360: train_loss -0.7632
2026-05-30 02:46:59.009638: val_loss -0.8215
2026-05-30 02:46:59.009747: Pseudo dice [np.float32(0.9505)]
2026-05-30 02:46:59.009864: Epoch time: 31.86 s
2026-05-30 02:47:00.302776: 
2026-05-30 02:47:00.303045: Epoch 496
2026-05-30 02:47:00.303162: Current learning rate: 0.0054
2026-05-30 02:47:32.050311: train_loss -0.8045
2026-05-30 02:47:32.050551: val_loss -0.7835
2026-05-30 02:47:32.050636: Pseudo dice [np.float32(0.943)]
2026-05-30 02:47:32.050750: Epoch time: 31.75 s
2026-05-30 02:47:33.352655: 
2026-05-30 02:47:33.352909: Epoch 497
2026-05-30 02:47:33.353046: Current learning rate: 0.00539
2026-05-30 02:48:05.097475: train_loss -0.7456
2026-05-30 02:48:05.098039: val_loss -0.7552
2026-05-30 02:48:05.098232: Pseudo dice [np.float32(0.9302)]
2026-05-30 02:48:05.098482: Epoch time: 31.75 s
2026-05-30 02:48:06.391715: 
2026-05-30 02:48:06.392005: Epoch 498
2026-05-30 02:48:06.392128: Current learning rate: 0.00538
2026-05-30 02:48:38.108377: train_loss -0.7254
2026-05-30 02:48:38.108751: val_loss -0.7617
2026-05-30 02:48:38.108850: Pseudo dice [np.float32(0.9299)]
2026-05-30 02:48:38.108973: Epoch time: 31.72 s
2026-05-30 02:48:39.422773: 
2026-05-30 02:48:39.423068: Epoch 499
2026-05-30 02:48:39.423196: Current learning rate: 0.00537
2026-05-30 02:49:11.189487: train_loss -0.7975
2026-05-30 02:49:11.189864: val_loss -0.7349
2026-05-30 02:49:11.190074: Pseudo dice [np.float32(0.9351)]
2026-05-30 02:49:11.190356: Epoch time: 31.77 s
2026-05-30 02:49:14.067071: 
2026-05-30 02:49:14.067322: Epoch 500
2026-05-30 02:49:14.067477: Current learning rate: 0.00536
2026-05-30 02:49:45.826053: train_loss -0.8179
2026-05-30 02:49:45.826358: val_loss -0.7987
2026-05-30 02:49:45.826455: Pseudo dice [np.float32(0.9434)]
2026-05-30 02:49:45.826568: Epoch time: 31.76 s
2026-05-30 02:49:47.483585: 
2026-05-30 02:49:47.483868: Epoch 501
2026-05-30 02:49:47.484022: Current learning rate: 0.00535
2026-05-30 02:50:19.249383: train_loss -0.8026
2026-05-30 02:50:19.249702: val_loss -0.686
2026-05-30 02:50:19.249789: Pseudo dice [np.float32(0.908)]
2026-05-30 02:50:19.249907: Epoch time: 31.77 s
2026-05-30 02:50:20.538135: 
2026-05-30 02:50:20.538434: Epoch 502
2026-05-30 02:50:20.538551: Current learning rate: 0.00534
2026-05-30 02:50:52.216242: train_loss -0.8048
2026-05-30 02:50:52.216619: val_loss -0.7565
2026-05-30 02:50:52.216731: Pseudo dice [np.float32(0.9385)]
2026-05-30 02:50:52.216868: Epoch time: 31.68 s
2026-05-30 02:50:53.502654: 
2026-05-30 02:50:53.502989: Epoch 503
2026-05-30 02:50:53.503115: Current learning rate: 0.00533
2026-05-30 02:51:25.373886: train_loss -0.7699
2026-05-30 02:51:25.374198: val_loss -0.7959
2026-05-30 02:51:25.374288: Pseudo dice [np.float32(0.9401)]
2026-05-30 02:51:25.374496: Epoch time: 31.87 s
2026-05-30 02:51:26.667834: 
2026-05-30 02:51:26.668120: Epoch 504
2026-05-30 02:51:26.668237: Current learning rate: 0.00532
2026-05-30 02:51:58.506424: train_loss -0.7576
2026-05-30 02:51:58.506718: val_loss -0.8103
2026-05-30 02:51:58.506822: Pseudo dice [np.float32(0.9455)]
2026-05-30 02:51:58.506949: Epoch time: 31.84 s
2026-05-30 02:51:58.507033: Yayy! New best EMA pseudo Dice: 0.9309999942779541
2026-05-30 02:52:01.573033: 
2026-05-30 02:52:01.573285: Epoch 505
2026-05-30 02:52:01.573427: Current learning rate: 0.00531
2026-05-30 02:52:33.321445: train_loss -0.8075
2026-05-30 02:52:33.321846: val_loss -0.7536
2026-05-30 02:52:33.321947: Pseudo dice [np.float32(0.9316)]
2026-05-30 02:52:33.322079: Epoch time: 31.75 s
2026-05-30 02:52:33.322162: Yayy! New best EMA pseudo Dice: 0.9311000108718872
2026-05-30 02:52:36.291357: 
2026-05-30 02:52:36.291785: Epoch 506
2026-05-30 02:52:36.292025: Current learning rate: 0.0053
2026-05-30 02:53:08.186684: train_loss -0.7852
2026-05-30 02:53:08.186934: val_loss -0.7666
2026-05-30 02:53:08.187024: Pseudo dice [np.float32(0.9287)]
2026-05-30 02:53:08.187140: Epoch time: 31.9 s
2026-05-30 02:53:09.512830: 
2026-05-30 02:53:09.513128: Epoch 507
2026-05-30 02:53:09.513255: Current learning rate: 0.00529
2026-05-30 02:53:41.341423: train_loss -0.7699
2026-05-30 02:53:41.341658: val_loss -0.7821
2026-05-30 02:53:41.341743: Pseudo dice [np.float32(0.9411)]
2026-05-30 02:53:41.341856: Epoch time: 31.83 s
2026-05-30 02:53:41.341941: Yayy! New best EMA pseudo Dice: 0.9319000244140625
2026-05-30 02:53:44.255393: 
2026-05-30 02:53:44.255713: Epoch 508
2026-05-30 02:53:44.255837: Current learning rate: 0.00528
2026-05-30 02:54:16.008341: train_loss -0.8314
2026-05-30 02:54:16.008678: val_loss -0.7972
2026-05-30 02:54:16.008770: Pseudo dice [np.float32(0.9433)]
2026-05-30 02:54:16.008897: Epoch time: 31.75 s
2026-05-30 02:54:16.009007: Yayy! New best EMA pseudo Dice: 0.9330000281333923
2026-05-30 02:54:18.909870: 
2026-05-30 02:54:18.910156: Epoch 509
2026-05-30 02:54:18.910276: Current learning rate: 0.00527
2026-05-30 02:54:50.615803: train_loss -0.7882
2026-05-30 02:54:50.616107: val_loss -0.8014
2026-05-30 02:54:50.616203: Pseudo dice [np.float32(0.9452)]
2026-05-30 02:54:50.616319: Epoch time: 31.71 s
2026-05-30 02:54:50.616412: Yayy! New best EMA pseudo Dice: 0.9341999888420105
2026-05-30 02:54:53.537008: 
2026-05-30 02:54:53.537281: Epoch 510
2026-05-30 02:54:53.537420: Current learning rate: 0.00526
2026-05-30 02:55:25.352302: train_loss -0.8096
2026-05-30 02:55:25.352536: val_loss -0.8188
2026-05-30 02:55:25.352618: Pseudo dice [np.float32(0.9456)]
2026-05-30 02:55:25.352732: Epoch time: 31.82 s
2026-05-30 02:55:25.352892: Yayy! New best EMA pseudo Dice: 0.9354000091552734
2026-05-30 02:55:28.257413: 
2026-05-30 02:55:28.257667: Epoch 511
2026-05-30 02:55:28.257820: Current learning rate: 0.00525
2026-05-30 02:56:00.034210: train_loss -0.8066
2026-05-30 02:56:00.034452: val_loss -0.8298
2026-05-30 02:56:00.034537: Pseudo dice [np.float32(0.9481)]
2026-05-30 02:56:00.034650: Epoch time: 31.78 s
2026-05-30 02:56:00.034730: Yayy! New best EMA pseudo Dice: 0.9366000294685364
2026-05-30 02:56:03.569390: 
2026-05-30 02:56:03.569698: Epoch 512
2026-05-30 02:56:03.569853: Current learning rate: 0.00524
2026-05-30 02:56:35.331900: train_loss -0.824
2026-05-30 02:56:35.332537: val_loss -0.7145
2026-05-30 02:56:35.332731: Pseudo dice [np.float32(0.9241)]
2026-05-30 02:56:35.332997: Epoch time: 31.76 s
2026-05-30 02:56:36.621806: 
2026-05-30 02:56:36.622056: Epoch 513
2026-05-30 02:56:36.622209: Current learning rate: 0.00523
2026-05-30 02:57:08.377352: train_loss -0.8086
2026-05-30 02:57:08.377594: val_loss -0.7237
2026-05-30 02:57:08.377772: Pseudo dice [np.float32(0.9237)]
2026-05-30 02:57:08.377898: Epoch time: 31.76 s
2026-05-30 02:57:09.676757: 
2026-05-30 02:57:09.677078: Epoch 514
2026-05-30 02:57:09.677213: Current learning rate: 0.00522
2026-05-30 02:57:41.438605: train_loss -0.7708
2026-05-30 02:57:41.438990: val_loss -0.7856
2026-05-30 02:57:41.439104: Pseudo dice [np.float32(0.9437)]
2026-05-30 02:57:41.439222: Epoch time: 31.76 s
2026-05-30 02:57:42.729102: 
2026-05-30 02:57:42.729443: Epoch 515
2026-05-30 02:57:42.729584: Current learning rate: 0.00521
2026-05-30 02:58:14.455065: train_loss -0.7771
2026-05-30 02:58:14.455909: val_loss -0.761
2026-05-30 02:58:14.456028: Pseudo dice [np.float32(0.9291)]
2026-05-30 02:58:14.456175: Epoch time: 31.73 s
2026-05-30 02:58:15.814211: 
2026-05-30 02:58:15.814476: Epoch 516
2026-05-30 02:58:15.814643: Current learning rate: 0.0052
2026-05-30 02:58:47.697667: train_loss -0.7017
2026-05-30 02:58:47.697986: val_loss -0.6588
2026-05-30 02:58:47.698122: Pseudo dice [np.float32(0.8955)]
2026-05-30 02:58:47.698271: Epoch time: 31.89 s
2026-05-30 02:58:48.998361: 
2026-05-30 02:58:48.998627: Epoch 517
2026-05-30 02:58:48.998780: Current learning rate: 0.00519
2026-05-30 02:59:20.730885: train_loss -0.7741
2026-05-30 02:59:20.731176: val_loss -0.8424
2026-05-30 02:59:20.731273: Pseudo dice [np.float32(0.9583)]
2026-05-30 02:59:20.731418: Epoch time: 31.73 s
2026-05-30 02:59:22.044022: 
2026-05-30 02:59:22.044345: Epoch 518
2026-05-30 02:59:22.044477: Current learning rate: 0.00518
2026-05-30 02:59:53.892933: train_loss -0.8324
2026-05-30 02:59:53.893356: val_loss -0.8428
2026-05-30 02:59:53.893502: Pseudo dice [np.float32(0.9586)]
2026-05-30 02:59:53.893742: Epoch time: 31.85 s
2026-05-30 02:59:55.205964: 
2026-05-30 02:59:55.206250: Epoch 519
2026-05-30 02:59:55.206393: Current learning rate: 0.00518
2026-05-30 03:00:27.021692: train_loss -0.8055
2026-05-30 03:00:27.021983: val_loss -0.7455
2026-05-30 03:00:27.022163: Pseudo dice [np.float32(0.9359)]
2026-05-30 03:00:27.022290: Epoch time: 31.82 s
2026-05-30 03:00:28.323639: 
2026-05-30 03:00:28.323897: Epoch 520
2026-05-30 03:00:28.324083: Current learning rate: 0.00517
2026-05-30 03:01:00.084539: train_loss -0.7722
2026-05-30 03:01:00.084835: val_loss -0.8061
2026-05-30 03:01:00.084928: Pseudo dice [np.float32(0.9444)]
2026-05-30 03:01:00.085131: Epoch time: 31.76 s
2026-05-30 03:01:00.085226: Yayy! New best EMA pseudo Dice: 0.9368000030517578
2026-05-30 03:01:03.070823: 
2026-05-30 03:01:03.071113: Epoch 521
2026-05-30 03:01:03.071248: Current learning rate: 0.00516
2026-05-30 03:01:34.871090: train_loss -0.802
2026-05-30 03:01:34.871462: val_loss -0.7444
2026-05-30 03:01:34.871559: Pseudo dice [np.float32(0.9277)]
2026-05-30 03:01:34.871691: Epoch time: 31.8 s
2026-05-30 03:01:36.195146: 
2026-05-30 03:01:36.195419: Epoch 522
2026-05-30 03:01:36.195561: Current learning rate: 0.00515
2026-05-30 03:02:07.864578: train_loss -0.7926
2026-05-30 03:02:07.864959: val_loss -0.7922
2026-05-30 03:02:07.865070: Pseudo dice [np.float32(0.9427)]
2026-05-30 03:02:07.865189: Epoch time: 31.67 s
2026-05-30 03:02:09.134407: 
2026-05-30 03:02:09.134662: Epoch 523
2026-05-30 03:02:09.134858: Current learning rate: 0.00514
2026-05-30 03:02:40.876636: train_loss -0.8204
2026-05-30 03:02:40.876883: val_loss -0.7644
2026-05-30 03:02:40.876966: Pseudo dice [np.float32(0.9394)]
2026-05-30 03:02:40.877113: Epoch time: 31.74 s
2026-05-30 03:02:40.877200: Yayy! New best EMA pseudo Dice: 0.9368000030517578
2026-05-30 03:02:44.203697: 
2026-05-30 03:02:44.204016: Epoch 524
2026-05-30 03:02:44.204156: Current learning rate: 0.00513
2026-05-30 03:03:16.041873: train_loss -0.7839
2026-05-30 03:03:16.042179: val_loss -0.6984
2026-05-30 03:03:16.042286: Pseudo dice [np.float32(0.9186)]
2026-05-30 03:03:16.042463: Epoch time: 31.84 s
2026-05-30 03:03:17.360055: 
2026-05-30 03:03:17.360364: Epoch 525
2026-05-30 03:03:17.360488: Current learning rate: 0.00512
2026-05-30 03:03:49.207148: train_loss -0.809
2026-05-30 03:03:49.207454: val_loss -0.752
2026-05-30 03:03:49.207565: Pseudo dice [np.float32(0.9374)]
2026-05-30 03:03:49.207693: Epoch time: 31.85 s
2026-05-30 03:03:50.512488: 
2026-05-30 03:03:50.512775: Epoch 526
2026-05-30 03:03:50.512897: Current learning rate: 0.00511
2026-05-30 03:04:22.328703: train_loss -0.7879
2026-05-30 03:04:22.328951: val_loss -0.7947
2026-05-30 03:04:22.329071: Pseudo dice [np.float32(0.9462)]
2026-05-30 03:04:22.329195: Epoch time: 31.82 s
2026-05-30 03:04:23.620704: 
2026-05-30 03:04:23.621015: Epoch 527
2026-05-30 03:04:23.621160: Current learning rate: 0.0051
2026-05-30 03:04:55.465354: train_loss -0.8078
2026-05-30 03:04:55.465595: val_loss -0.7845
2026-05-30 03:04:55.465681: Pseudo dice [np.float32(0.9335)]
2026-05-30 03:04:55.465801: Epoch time: 31.85 s
2026-05-30 03:04:56.768198: 
2026-05-30 03:04:56.768574: Epoch 528
2026-05-30 03:04:56.768724: Current learning rate: 0.00509
2026-05-30 03:05:28.641850: train_loss -0.7382
2026-05-30 03:05:28.642142: val_loss -0.8137
2026-05-30 03:05:28.642232: Pseudo dice [np.float32(0.9526)]
2026-05-30 03:05:28.642351: Epoch time: 31.88 s
2026-05-30 03:05:28.642438: Yayy! New best EMA pseudo Dice: 0.9376999735832214
2026-05-30 03:05:31.775974: 
2026-05-30 03:05:31.776295: Epoch 529
2026-05-30 03:05:31.776511: Current learning rate: 0.00508
2026-05-30 03:06:03.598585: train_loss -0.7407
2026-05-30 03:06:03.598919: val_loss -0.7679
2026-05-30 03:06:03.599018: Pseudo dice [np.float32(0.9402)]
2026-05-30 03:06:03.599148: Epoch time: 31.82 s
2026-05-30 03:06:03.599228: Yayy! New best EMA pseudo Dice: 0.9380000233650208
2026-05-30 03:06:06.575352: 
2026-05-30 03:06:06.575668: Epoch 530
2026-05-30 03:06:06.575794: Current learning rate: 0.00507
2026-05-30 03:06:38.421216: train_loss -0.7901
2026-05-30 03:06:38.421609: val_loss -0.8482
2026-05-30 03:06:38.421730: Pseudo dice [np.float32(0.9548)]
2026-05-30 03:06:38.421853: Epoch time: 31.85 s
2026-05-30 03:06:38.421950: Yayy! New best EMA pseudo Dice: 0.9395999908447266
2026-05-30 03:06:41.375045: 
2026-05-30 03:06:41.375246: Epoch 531
2026-05-30 03:06:41.375452: Current learning rate: 0.00506
2026-05-30 03:07:13.231868: train_loss -0.8032
2026-05-30 03:07:13.232291: val_loss -0.6674
2026-05-30 03:07:13.232382: Pseudo dice [np.float32(0.9054)]
2026-05-30 03:07:13.232507: Epoch time: 31.86 s
2026-05-30 03:07:14.658779: 
2026-05-30 03:07:14.659057: Epoch 532
2026-05-30 03:07:14.659225: Current learning rate: 0.00505
2026-05-30 03:07:46.503298: train_loss -0.7325
2026-05-30 03:07:46.503544: val_loss -0.7038
2026-05-30 03:07:46.503625: Pseudo dice [np.float32(0.9211)]
2026-05-30 03:07:46.503738: Epoch time: 31.85 s
2026-05-30 03:07:47.843167: 
2026-05-30 03:07:47.843427: Epoch 533
2026-05-30 03:07:47.843546: Current learning rate: 0.00504
2026-05-30 03:08:19.682078: train_loss -0.7656
2026-05-30 03:08:19.682366: val_loss -0.7202
2026-05-30 03:08:19.682476: Pseudo dice [np.float32(0.928)]
2026-05-30 03:08:19.682612: Epoch time: 31.84 s
2026-05-30 03:08:21.050968: 
2026-05-30 03:08:21.051222: Epoch 534
2026-05-30 03:08:21.051364: Current learning rate: 0.00503
2026-05-30 03:08:52.858800: train_loss -0.7338
2026-05-30 03:08:52.859046: val_loss -0.7622
2026-05-30 03:08:52.859153: Pseudo dice [np.float32(0.9381)]
2026-05-30 03:08:52.859275: Epoch time: 31.81 s
2026-05-30 03:08:54.600706: 
2026-05-30 03:08:54.601018: Epoch 535
2026-05-30 03:08:54.601172: Current learning rate: 0.00502
2026-05-30 03:09:26.401252: train_loss -0.7454
2026-05-30 03:09:26.401564: val_loss -0.7816
2026-05-30 03:09:26.401713: Pseudo dice [np.float32(0.9382)]
2026-05-30 03:09:26.401855: Epoch time: 31.8 s
2026-05-30 03:09:27.741803: 
2026-05-30 03:09:27.742085: Epoch 536
2026-05-30 03:09:27.742215: Current learning rate: 0.00501
2026-05-30 03:09:59.586582: train_loss -0.7698
2026-05-30 03:09:59.586973: val_loss -0.7682
2026-05-30 03:09:59.587064: Pseudo dice [np.float32(0.9423)]
2026-05-30 03:09:59.587193: Epoch time: 31.85 s
2026-05-30 03:10:00.953740: 
2026-05-30 03:10:00.954046: Epoch 537
2026-05-30 03:10:00.954171: Current learning rate: 0.005
2026-05-30 03:10:32.744496: train_loss -0.7937
2026-05-30 03:10:32.744744: val_loss -0.8035
2026-05-30 03:10:32.744939: Pseudo dice [np.float32(0.9459)]
2026-05-30 03:10:32.745104: Epoch time: 31.79 s
2026-05-30 03:10:34.096715: 
2026-05-30 03:10:34.097061: Epoch 538
2026-05-30 03:10:34.097192: Current learning rate: 0.00499
2026-05-30 03:11:05.922820: train_loss -0.8127
2026-05-30 03:11:05.923157: val_loss -0.7521
2026-05-30 03:11:05.923293: Pseudo dice [np.float32(0.9245)]
2026-05-30 03:11:05.923431: Epoch time: 31.83 s
2026-05-30 03:11:07.299795: 
2026-05-30 03:11:07.300106: Epoch 539
2026-05-30 03:11:07.300237: Current learning rate: 0.00498
2026-05-30 03:11:39.074150: train_loss -0.7915
2026-05-30 03:11:39.074438: val_loss -0.779
2026-05-30 03:11:39.074525: Pseudo dice [np.float32(0.9393)]
2026-05-30 03:11:39.074638: Epoch time: 31.78 s
2026-05-30 03:11:40.420577: 
2026-05-30 03:11:40.420879: Epoch 540
2026-05-30 03:11:40.421036: Current learning rate: 0.00497
2026-05-30 03:12:12.192544: train_loss -0.7883
2026-05-30 03:12:12.192887: val_loss -0.7868
2026-05-30 03:12:12.193049: Pseudo dice [np.float32(0.941)]
2026-05-30 03:12:12.193232: Epoch time: 31.77 s
2026-05-30 03:12:13.537029: 
2026-05-30 03:12:13.537286: Epoch 541
2026-05-30 03:12:13.537422: Current learning rate: 0.00496
2026-05-30 03:12:45.291929: train_loss -0.7819
2026-05-30 03:12:45.292273: val_loss -0.8233
2026-05-30 03:12:45.292388: Pseudo dice [np.float32(0.9536)]
2026-05-30 03:12:45.292509: Epoch time: 31.76 s
2026-05-30 03:12:46.676764: 
2026-05-30 03:12:46.677078: Epoch 542
2026-05-30 03:12:46.677204: Current learning rate: 0.00495
2026-05-30 03:13:18.481572: train_loss -0.8249
2026-05-30 03:13:18.481912: val_loss -0.7681
2026-05-30 03:13:18.482018: Pseudo dice [np.float32(0.9435)]
2026-05-30 03:13:18.482157: Epoch time: 31.81 s
2026-05-30 03:13:19.854511: 
2026-05-30 03:13:19.854848: Epoch 543
2026-05-30 03:13:19.854982: Current learning rate: 0.00494
2026-05-30 03:13:51.679581: train_loss -0.7889
2026-05-30 03:13:51.679932: val_loss -0.7504
2026-05-30 03:13:51.680027: Pseudo dice [np.float32(0.9289)]
2026-05-30 03:13:51.680190: Epoch time: 31.83 s
2026-05-30 03:13:53.085678: 
2026-05-30 03:13:53.086013: Epoch 544
2026-05-30 03:13:53.086172: Current learning rate: 0.00493
2026-05-30 03:14:24.913266: train_loss -0.774
2026-05-30 03:14:24.913590: val_loss -0.7517
2026-05-30 03:14:24.913700: Pseudo dice [np.float32(0.9347)]
2026-05-30 03:14:24.913840: Epoch time: 31.83 s
2026-05-30 03:14:26.275917: 
2026-05-30 03:14:26.276171: Epoch 545
2026-05-30 03:14:26.276339: Current learning rate: 0.00492
2026-05-30 03:14:58.087228: train_loss -0.7849
2026-05-30 03:14:58.087538: val_loss -0.7829
2026-05-30 03:14:58.087622: Pseudo dice [np.float32(0.9404)]
2026-05-30 03:14:58.087743: Epoch time: 31.81 s
2026-05-30 03:14:59.421836: 
2026-05-30 03:14:59.422094: Epoch 546
2026-05-30 03:14:59.422218: Current learning rate: 0.00491
2026-05-30 03:15:31.233767: train_loss -0.7938
2026-05-30 03:15:31.234109: val_loss -0.7636
2026-05-30 03:15:31.234193: Pseudo dice [np.float32(0.9422)]
2026-05-30 03:15:31.234310: Epoch time: 31.81 s
2026-05-30 03:15:32.983020: 
2026-05-30 03:15:32.983354: Epoch 547
2026-05-30 03:15:32.983486: Current learning rate: 0.0049
2026-05-30 03:16:04.777395: train_loss -0.7983
2026-05-30 03:16:04.777682: val_loss -0.8045
2026-05-30 03:16:04.777767: Pseudo dice [np.float32(0.95)]
2026-05-30 03:16:04.777873: Epoch time: 31.8 s
2026-05-30 03:16:06.123015: 
2026-05-30 03:16:06.123324: Epoch 548
2026-05-30 03:16:06.123456: Current learning rate: 0.00489
2026-05-30 03:16:37.928236: train_loss -0.789
2026-05-30 03:16:37.928540: val_loss -0.8218
2026-05-30 03:16:37.928643: Pseudo dice [np.float32(0.9546)]
2026-05-30 03:16:37.928836: Epoch time: 31.81 s
2026-05-30 03:16:37.928960: Yayy! New best EMA pseudo Dice: 0.9408000111579895
2026-05-30 03:16:40.935282: 
2026-05-30 03:16:40.935591: Epoch 549
2026-05-30 03:16:40.935771: Current learning rate: 0.00488
2026-05-30 03:17:12.752165: train_loss -0.7594
2026-05-30 03:17:12.752423: val_loss -0.7265
2026-05-30 03:17:12.752582: Pseudo dice [np.float32(0.9283)]
2026-05-30 03:17:12.752702: Epoch time: 31.82 s
2026-05-30 03:17:15.759564: 
2026-05-30 03:17:15.759857: Epoch 550
2026-05-30 03:17:15.759978: Current learning rate: 0.00487
2026-05-30 03:17:47.513336: train_loss -0.8008
2026-05-30 03:17:47.513577: val_loss -0.8074
2026-05-30 03:17:47.513674: Pseudo dice [np.float32(0.9406)]
2026-05-30 03:17:47.513790: Epoch time: 31.76 s
2026-05-30 03:17:48.842680: 
2026-05-30 03:17:48.842972: Epoch 551
2026-05-30 03:17:48.843088: Current learning rate: 0.00486
2026-05-30 03:18:20.649194: train_loss -0.7785
2026-05-30 03:18:20.649504: val_loss -0.7847
2026-05-30 03:18:20.649590: Pseudo dice [np.float32(0.9437)]
2026-05-30 03:18:20.649762: Epoch time: 31.81 s
2026-05-30 03:18:21.961608: 
2026-05-30 03:18:21.961941: Epoch 552
2026-05-30 03:18:21.962107: Current learning rate: 0.00485
2026-05-30 03:18:53.681827: train_loss -0.8264
2026-05-30 03:18:53.682390: val_loss -0.7927
2026-05-30 03:18:53.682595: Pseudo dice [np.float32(0.9492)]
2026-05-30 03:18:53.682845: Epoch time: 31.72 s
2026-05-30 03:18:53.683109: Yayy! New best EMA pseudo Dice: 0.9409999847412109
2026-05-30 03:18:56.648382: 
2026-05-30 03:18:56.648698: Epoch 553
2026-05-30 03:18:56.648840: Current learning rate: 0.00484
2026-05-30 03:19:28.374865: train_loss -0.7868
2026-05-30 03:19:28.375120: val_loss -0.8387
2026-05-30 03:19:28.375214: Pseudo dice [np.float32(0.9524)]
2026-05-30 03:19:28.375342: Epoch time: 31.73 s
2026-05-30 03:19:28.375440: Yayy! New best EMA pseudo Dice: 0.9420999884605408
2026-05-30 03:19:31.309734: 
2026-05-30 03:19:31.310053: Epoch 554
2026-05-30 03:19:31.310199: Current learning rate: 0.00484
2026-05-30 03:20:03.066349: train_loss -0.7767
2026-05-30 03:20:03.066603: val_loss -0.7198
2026-05-30 03:20:03.066685: Pseudo dice [np.float32(0.9259)]
2026-05-30 03:20:03.066797: Epoch time: 31.76 s
2026-05-30 03:20:04.424065: 
2026-05-30 03:20:04.424376: Epoch 555
2026-05-30 03:20:04.424497: Current learning rate: 0.00483
2026-05-30 03:20:36.178934: train_loss -0.7932
2026-05-30 03:20:36.179276: val_loss -0.6305
2026-05-30 03:20:36.179447: Pseudo dice [np.float32(0.8865)]
2026-05-30 03:20:36.179564: Epoch time: 31.76 s
2026-05-30 03:20:37.485942: 
2026-05-30 03:20:37.486199: Epoch 556
2026-05-30 03:20:37.486335: Current learning rate: 0.00482
2026-05-30 03:21:09.199365: train_loss -0.753
2026-05-30 03:21:09.199815: val_loss -0.8182
2026-05-30 03:21:09.199899: Pseudo dice [np.float32(0.9513)]
2026-05-30 03:21:09.200008: Epoch time: 31.72 s
2026-05-30 03:21:10.499441: 
2026-05-30 03:21:10.499732: Epoch 557
2026-05-30 03:21:10.499856: Current learning rate: 0.00481
2026-05-30 03:21:42.578356: train_loss -0.7754
2026-05-30 03:21:42.578629: val_loss -0.7603
2026-05-30 03:21:42.578727: Pseudo dice [np.float32(0.9244)]
2026-05-30 03:21:42.578852: Epoch time: 32.08 s
2026-05-30 03:21:43.868553: 
2026-05-30 03:21:43.868853: Epoch 558
2026-05-30 03:21:43.868972: Current learning rate: 0.0048
2026-05-30 03:22:15.577586: train_loss -0.76
2026-05-30 03:22:15.577910: val_loss -0.7276
2026-05-30 03:22:15.578000: Pseudo dice [np.float32(0.9179)]
2026-05-30 03:22:15.578129: Epoch time: 31.71 s
2026-05-30 03:22:16.942565: 
2026-05-30 03:22:16.942855: Epoch 559
2026-05-30 03:22:16.943011: Current learning rate: 0.00479
2026-05-30 03:22:48.661740: train_loss -0.7536
2026-05-30 03:22:48.662124: val_loss -0.7254
2026-05-30 03:22:48.662217: Pseudo dice [np.float32(0.9295)]
2026-05-30 03:22:48.662358: Epoch time: 31.72 s
2026-05-30 03:22:49.961369: 
2026-05-30 03:22:49.961663: Epoch 560
2026-05-30 03:22:49.961784: Current learning rate: 0.00478
2026-05-30 03:23:21.750060: train_loss -0.7837
2026-05-30 03:23:21.750289: val_loss -0.7487
2026-05-30 03:23:21.750370: Pseudo dice [np.float32(0.9382)]
2026-05-30 03:23:21.750480: Epoch time: 31.79 s
2026-05-30 03:23:23.063307: 
2026-05-30 03:23:23.063621: Epoch 561
2026-05-30 03:23:23.063749: Current learning rate: 0.00477
2026-05-30 03:23:54.777071: train_loss -0.8204
2026-05-30 03:23:54.777469: val_loss -0.8122
2026-05-30 03:23:54.777558: Pseudo dice [np.float32(0.9502)]
2026-05-30 03:23:54.777668: Epoch time: 31.72 s
2026-05-30 03:23:56.069966: 
2026-05-30 03:23:56.070221: Epoch 562
2026-05-30 03:23:56.070370: Current learning rate: 0.00476
2026-05-30 03:24:27.799428: train_loss -0.7783
2026-05-30 03:24:27.799680: val_loss -0.7561
2026-05-30 03:24:27.799778: Pseudo dice [np.float32(0.9298)]
2026-05-30 03:24:27.799900: Epoch time: 31.73 s
2026-05-30 03:24:29.115453: 
2026-05-30 03:24:29.115813: Epoch 563
2026-05-30 03:24:29.115993: Current learning rate: 0.00475
2026-05-30 03:25:00.826056: train_loss -0.8051
2026-05-30 03:25:00.826303: val_loss -0.8297
2026-05-30 03:25:00.826878: Pseudo dice [np.float32(0.9518)]
2026-05-30 03:25:00.827018: Epoch time: 31.71 s
2026-05-30 03:25:02.137470: 
2026-05-30 03:25:02.137757: Epoch 564
2026-05-30 03:25:02.137898: Current learning rate: 0.00474
2026-05-30 03:25:33.860451: train_loss -0.8274
2026-05-30 03:25:33.860880: val_loss -0.7502
2026-05-30 03:25:33.861100: Pseudo dice [np.float32(0.9337)]
2026-05-30 03:25:33.861301: Epoch time: 31.72 s
2026-05-30 03:25:35.183659: 
2026-05-30 03:25:35.183920: Epoch 565
2026-05-30 03:25:35.184060: Current learning rate: 0.00473
2026-05-30 03:26:06.977534: train_loss -0.8265
2026-05-30 03:26:06.977796: val_loss -0.8027
2026-05-30 03:26:06.977972: Pseudo dice [np.float32(0.9501)]
2026-05-30 03:26:06.978105: Epoch time: 31.8 s
2026-05-30 03:26:08.286441: 
2026-05-30 03:26:08.286737: Epoch 566
2026-05-30 03:26:08.286871: Current learning rate: 0.00472
2026-05-30 03:26:39.989831: train_loss -0.7624
2026-05-30 03:26:39.990108: val_loss -0.6481
2026-05-30 03:26:39.990205: Pseudo dice [np.float32(0.8996)]
2026-05-30 03:26:39.990360: Epoch time: 31.71 s
2026-05-30 03:26:41.398522: 
2026-05-30 03:26:41.398786: Epoch 567
2026-05-30 03:26:41.398908: Current learning rate: 0.00471
2026-05-30 03:27:13.178734: train_loss -0.7698
2026-05-30 03:27:13.179038: val_loss -0.7516
2026-05-30 03:27:13.179124: Pseudo dice [np.float32(0.9285)]
2026-05-30 03:27:13.179237: Epoch time: 31.78 s
2026-05-30 03:27:14.493069: 
2026-05-30 03:27:14.493316: Epoch 568
2026-05-30 03:27:14.493487: Current learning rate: 0.0047
2026-05-30 03:27:46.259496: train_loss -0.8056
2026-05-30 03:27:46.259756: val_loss -0.7664
2026-05-30 03:27:46.259846: Pseudo dice [np.float32(0.9395)]
2026-05-30 03:27:46.259969: Epoch time: 31.77 s
2026-05-30 03:27:47.946300: 
2026-05-30 03:27:47.946598: Epoch 569
2026-05-30 03:27:47.946775: Current learning rate: 0.00469
2026-05-30 03:28:19.681044: train_loss -0.8067
2026-05-30 03:28:19.681313: val_loss -0.8045
2026-05-30 03:28:19.681413: Pseudo dice [np.float32(0.9492)]
2026-05-30 03:28:19.681533: Epoch time: 31.74 s
2026-05-30 03:28:21.002661: 
2026-05-30 03:28:21.002945: Epoch 570
2026-05-30 03:28:21.003123: Current learning rate: 0.00468
2026-05-30 03:28:52.808813: train_loss -0.7823
2026-05-30 03:28:52.809217: val_loss -0.7234
2026-05-30 03:28:52.809340: Pseudo dice [np.float32(0.921)]
2026-05-30 03:28:52.809470: Epoch time: 31.81 s
2026-05-30 03:28:54.181312: 
2026-05-30 03:28:54.181605: Epoch 571
2026-05-30 03:28:54.181748: Current learning rate: 0.00467
2026-05-30 03:29:25.932271: train_loss -0.7862
2026-05-30 03:29:25.932600: val_loss -0.852
2026-05-30 03:29:25.932686: Pseudo dice [np.float32(0.9554)]
2026-05-30 03:29:25.932801: Epoch time: 31.75 s
2026-05-30 03:29:27.248780: 
2026-05-30 03:29:27.249064: Epoch 572
2026-05-30 03:29:27.249184: Current learning rate: 0.00466
2026-05-30 03:29:58.933357: train_loss -0.8114
2026-05-30 03:29:58.933613: val_loss -0.7579
2026-05-30 03:29:58.933697: Pseudo dice [np.float32(0.931)]
2026-05-30 03:29:58.933811: Epoch time: 31.69 s
2026-05-30 03:30:00.244667: 
2026-05-30 03:30:00.244974: Epoch 573
2026-05-30 03:30:00.245106: Current learning rate: 0.00465
2026-05-30 03:30:31.988325: train_loss -0.7928
2026-05-30 03:30:31.988637: val_loss -0.8414
2026-05-30 03:30:31.988734: Pseudo dice [np.float32(0.9515)]
2026-05-30 03:30:31.988843: Epoch time: 31.75 s
2026-05-30 03:30:33.522386: 
2026-05-30 03:30:33.522762: Epoch 574
2026-05-30 03:30:33.522883: Current learning rate: 0.00464
2026-05-30 03:31:05.363742: train_loss -0.8057
2026-05-30 03:31:05.364007: val_loss -0.8497
2026-05-30 03:31:05.364098: Pseudo dice [np.float32(0.9657)]
2026-05-30 03:31:05.364233: Epoch time: 31.84 s
2026-05-30 03:31:06.675147: 
2026-05-30 03:31:06.675464: Epoch 575
2026-05-30 03:31:06.675586: Current learning rate: 0.00463
2026-05-30 03:31:38.550237: train_loss -0.8062
2026-05-30 03:31:38.550530: val_loss -0.8231
2026-05-30 03:31:38.550617: Pseudo dice [np.float32(0.9519)]
2026-05-30 03:31:38.550797: Epoch time: 31.88 s
2026-05-30 03:31:39.886414: 
2026-05-30 03:31:39.886715: Epoch 576
2026-05-30 03:31:39.886876: Current learning rate: 0.00462
2026-05-30 03:32:11.722124: train_loss -0.7957
2026-05-30 03:32:11.722464: val_loss -0.659
2026-05-30 03:32:11.722575: Pseudo dice [np.float32(0.9085)]
2026-05-30 03:32:11.722714: Epoch time: 31.84 s
2026-05-30 03:32:13.085737: 
2026-05-30 03:32:13.086019: Epoch 577
2026-05-30 03:32:13.086186: Current learning rate: 0.00461
2026-05-30 03:32:44.875658: train_loss -0.7741
2026-05-30 03:32:44.876054: val_loss -0.8243
2026-05-30 03:32:44.876145: Pseudo dice [np.float32(0.9537)]
2026-05-30 03:32:44.876264: Epoch time: 31.79 s
2026-05-30 03:32:46.213634: 
2026-05-30 03:32:46.213874: Epoch 578
2026-05-30 03:32:46.214035: Current learning rate: 0.0046
2026-05-30 03:33:17.853570: train_loss -0.8039
2026-05-30 03:33:17.853833: val_loss -0.8185
2026-05-30 03:33:17.853920: Pseudo dice [np.float32(0.9481)]
2026-05-30 03:33:17.854068: Epoch time: 31.64 s
2026-05-30 03:33:19.208196: 
2026-05-30 03:33:19.208447: Epoch 579
2026-05-30 03:33:19.208605: Current learning rate: 0.00459
2026-05-30 03:33:50.914989: train_loss -0.8143
2026-05-30 03:33:50.915302: val_loss -0.8422
2026-05-30 03:33:50.915390: Pseudo dice [np.float32(0.9547)]
2026-05-30 03:33:50.915516: Epoch time: 31.71 s
2026-05-30 03:33:52.239041: 
2026-05-30 03:33:52.239306: Epoch 580
2026-05-30 03:33:52.239448: Current learning rate: 0.00458
2026-05-30 03:34:24.274748: train_loss -0.8281
2026-05-30 03:34:24.274958: val_loss -0.8307
2026-05-30 03:34:24.275113: Pseudo dice [np.float32(0.9482)]
2026-05-30 03:34:24.275211: Epoch time: 32.04 s
2026-05-30 03:34:24.275292: Yayy! New best EMA pseudo Dice: 0.9424999952316284
2026-05-30 03:34:27.167585: 
2026-05-30 03:34:27.167878: Epoch 581
2026-05-30 03:34:27.168029: Current learning rate: 0.00457
2026-05-30 03:34:58.963541: train_loss -0.8403
2026-05-30 03:34:58.964167: val_loss -0.8442
2026-05-30 03:34:58.964281: Pseudo dice [np.float32(0.9547)]
2026-05-30 03:34:58.964405: Epoch time: 31.8 s
2026-05-30 03:34:58.964504: Yayy! New best EMA pseudo Dice: 0.9437000155448914
2026-05-30 03:35:01.913477: 
2026-05-30 03:35:01.913750: Epoch 582
2026-05-30 03:35:01.913892: Current learning rate: 0.00456
2026-05-30 03:35:33.673555: train_loss -0.8376
2026-05-30 03:35:33.673879: val_loss -0.7623
2026-05-30 03:35:33.673972: Pseudo dice [np.float32(0.9278)]
2026-05-30 03:35:33.674081: Epoch time: 31.76 s
2026-05-30 03:35:35.012819: 
2026-05-30 03:35:35.013133: Epoch 583
2026-05-30 03:35:35.013298: Current learning rate: 0.00455
2026-05-30 03:36:06.811376: train_loss -0.7893
2026-05-30 03:36:06.811610: val_loss -0.8471
2026-05-30 03:36:06.811697: Pseudo dice [np.float32(0.9602)]
2026-05-30 03:36:06.811813: Epoch time: 31.8 s
2026-05-30 03:36:06.811931: Yayy! New best EMA pseudo Dice: 0.9438999891281128
2026-05-30 03:36:09.834250: 
2026-05-30 03:36:09.834517: Epoch 584
2026-05-30 03:36:09.834669: Current learning rate: 0.00454
2026-05-30 03:36:41.674744: train_loss -0.8348
2026-05-30 03:36:41.675075: val_loss -0.8696
2026-05-30 03:36:41.675166: Pseudo dice [np.float32(0.9673)]
2026-05-30 03:36:41.675289: Epoch time: 31.84 s
2026-05-30 03:36:41.675382: Yayy! New best EMA pseudo Dice: 0.9463000297546387
2026-05-30 03:36:44.616197: 
2026-05-30 03:36:44.616458: Epoch 585
2026-05-30 03:36:44.616616: Current learning rate: 0.00453
2026-05-30 03:37:16.374734: train_loss -0.8051
2026-05-30 03:37:16.374970: val_loss -0.7912
2026-05-30 03:37:16.375053: Pseudo dice [np.float32(0.9474)]
2026-05-30 03:37:16.375161: Epoch time: 31.76 s
2026-05-30 03:37:16.375312: Yayy! New best EMA pseudo Dice: 0.946399986743927
2026-05-30 03:37:19.294103: 
2026-05-30 03:37:19.294373: Epoch 586
2026-05-30 03:37:19.294486: Current learning rate: 0.00452
2026-05-30 03:37:51.084586: train_loss -0.8462
2026-05-30 03:37:51.084950: val_loss -0.8327
2026-05-30 03:37:51.085120: Pseudo dice [np.float32(0.954)]
2026-05-30 03:37:51.085245: Epoch time: 31.79 s
2026-05-30 03:37:51.085359: Yayy! New best EMA pseudo Dice: 0.9470999836921692
2026-05-30 03:37:54.061782: 
2026-05-30 03:37:54.062037: Epoch 587
2026-05-30 03:37:54.062186: Current learning rate: 0.00451
2026-05-30 03:38:25.863504: train_loss -0.8359
2026-05-30 03:38:25.863740: val_loss -0.7788
2026-05-30 03:38:25.863829: Pseudo dice [np.float32(0.9411)]
2026-05-30 03:38:25.864020: Epoch time: 31.8 s
2026-05-30 03:38:27.199991: 
2026-05-30 03:38:27.200269: Epoch 588
2026-05-30 03:38:27.200423: Current learning rate: 0.0045
2026-05-30 03:38:58.999319: train_loss -0.777
2026-05-30 03:38:58.999558: val_loss -0.6588
2026-05-30 03:38:58.999788: Pseudo dice [np.float32(0.9153)]
2026-05-30 03:38:59.000124: Epoch time: 31.8 s
2026-05-30 03:39:00.352540: 
2026-05-30 03:39:00.352806: Epoch 589
2026-05-30 03:39:00.352967: Current learning rate: 0.00449
2026-05-30 03:39:32.096721: train_loss -0.8332
2026-05-30 03:39:32.097016: val_loss -0.8004
2026-05-30 03:39:32.097109: Pseudo dice [np.float32(0.9461)]
2026-05-30 03:39:32.097231: Epoch time: 31.75 s
2026-05-30 03:39:33.404190: 
2026-05-30 03:39:33.404427: Epoch 590
2026-05-30 03:39:33.404584: Current learning rate: 0.00448
2026-05-30 03:40:05.105441: train_loss -0.8195
2026-05-30 03:40:05.105674: val_loss -0.7933
2026-05-30 03:40:05.105756: Pseudo dice [np.float32(0.9432)]
2026-05-30 03:40:05.105868: Epoch time: 31.7 s
2026-05-30 03:40:06.793816: 
2026-05-30 03:40:06.794137: Epoch 591
2026-05-30 03:40:06.794263: Current learning rate: 0.00447
2026-05-30 03:40:38.533709: train_loss -0.8245
2026-05-30 03:40:38.533931: val_loss -0.8364
2026-05-30 03:40:38.534032: Pseudo dice [np.float32(0.9568)]
2026-05-30 03:40:38.534207: Epoch time: 31.74 s
2026-05-30 03:40:39.879782: 
2026-05-30 03:40:39.880024: Epoch 592
2026-05-30 03:40:39.880178: Current learning rate: 0.00446
2026-05-30 03:41:11.602831: train_loss -0.8145
2026-05-30 03:41:11.603083: val_loss -0.8407
2026-05-30 03:41:11.603171: Pseudo dice [np.float32(0.9561)]
2026-05-30 03:41:11.603300: Epoch time: 31.72 s
2026-05-30 03:41:12.905327: 
2026-05-30 03:41:12.905640: Epoch 593
2026-05-30 03:41:12.905782: Current learning rate: 0.00445
2026-05-30 03:41:44.676559: train_loss -0.7882
2026-05-30 03:41:44.676866: val_loss -0.7373
2026-05-30 03:41:44.676952: Pseudo dice [np.float32(0.9306)]
2026-05-30 03:41:44.677102: Epoch time: 31.77 s
2026-05-30 03:41:46.003948: 
2026-05-30 03:41:46.004264: Epoch 594
2026-05-30 03:41:46.004399: Current learning rate: 0.00444
2026-05-30 03:42:17.789212: train_loss -0.7695
2026-05-30 03:42:17.789484: val_loss -0.784
2026-05-30 03:42:17.789566: Pseudo dice [np.float32(0.9405)]
2026-05-30 03:42:17.789674: Epoch time: 31.79 s
2026-05-30 03:42:19.127660: 
2026-05-30 03:42:19.127970: Epoch 595
2026-05-30 03:42:19.128116: Current learning rate: 0.00443
2026-05-30 03:42:50.884792: train_loss -0.7932
2026-05-30 03:42:50.885127: val_loss -0.7896
2026-05-30 03:42:50.885313: Pseudo dice [np.float32(0.9415)]
2026-05-30 03:42:50.885450: Epoch time: 31.76 s
2026-05-30 03:42:52.230530: 
2026-05-30 03:42:52.230795: Epoch 596
2026-05-30 03:42:52.230916: Current learning rate: 0.00442
2026-05-30 03:43:23.987973: train_loss -0.8181
2026-05-30 03:43:23.988302: val_loss -0.7908
2026-05-30 03:43:23.988392: Pseudo dice [np.float32(0.9366)]
2026-05-30 03:43:23.988522: Epoch time: 31.76 s
2026-05-30 03:43:25.299516: 
2026-05-30 03:43:25.299797: Epoch 597
2026-05-30 03:43:25.299937: Current learning rate: 0.00441
2026-05-30 03:43:57.054668: train_loss -0.855
2026-05-30 03:43:57.055030: val_loss -0.8184
2026-05-30 03:43:57.055145: Pseudo dice [np.float32(0.952)]
2026-05-30 03:43:57.055307: Epoch time: 31.76 s
2026-05-30 03:43:58.373547: 
2026-05-30 03:43:58.373807: Epoch 598
2026-05-30 03:43:58.373920: Current learning rate: 0.0044
2026-05-30 03:44:30.148603: train_loss -0.826
2026-05-30 03:44:30.148883: val_loss -0.809
2026-05-30 03:44:30.149018: Pseudo dice [np.float32(0.948)]
2026-05-30 03:44:30.149255: Epoch time: 31.78 s
2026-05-30 03:44:31.504267: 
2026-05-30 03:44:31.504581: Epoch 599
2026-05-30 03:44:31.504708: Current learning rate: 0.00439
2026-05-30 03:45:03.226603: train_loss -0.8268
2026-05-30 03:45:03.226908: val_loss -0.7782
2026-05-30 03:45:03.226995: Pseudo dice [np.float32(0.9356)]
2026-05-30 03:45:03.227120: Epoch time: 31.72 s
2026-05-30 03:45:06.355555: 
2026-05-30 03:45:06.355851: Epoch 600
2026-05-30 03:45:06.356011: Current learning rate: 0.00438
2026-05-30 03:45:38.104698: train_loss -0.815
2026-05-30 03:45:38.104927: val_loss -0.7996
2026-05-30 03:45:38.105036: Pseudo dice [np.float32(0.9403)]
2026-05-30 03:45:38.105157: Epoch time: 31.75 s
2026-05-30 03:45:39.440436: 
2026-05-30 03:45:39.440701: Epoch 601
2026-05-30 03:45:39.440824: Current learning rate: 0.00437
2026-05-30 03:46:11.316135: train_loss -0.7926
2026-05-30 03:46:11.316487: val_loss -0.8393
2026-05-30 03:46:11.316597: Pseudo dice [np.float32(0.9598)]
2026-05-30 03:46:11.316743: Epoch time: 31.88 s
2026-05-30 03:46:13.201495: 
2026-05-30 03:46:13.201838: Epoch 602
2026-05-30 03:46:13.202007: Current learning rate: 0.00436
2026-05-30 03:46:45.122001: train_loss -0.8347
2026-05-30 03:46:45.122328: val_loss -0.8211
2026-05-30 03:46:45.122497: Pseudo dice [np.float32(0.9456)]
2026-05-30 03:46:45.122612: Epoch time: 31.92 s
2026-05-30 03:46:46.475605: 
2026-05-30 03:46:46.475863: Epoch 603
2026-05-30 03:46:46.476018: Current learning rate: 0.00435
2026-05-30 03:47:18.302776: train_loss -0.8076
2026-05-30 03:47:18.303243: val_loss -0.7408
2026-05-30 03:47:18.303417: Pseudo dice [np.float32(0.919)]
2026-05-30 03:47:18.303617: Epoch time: 31.83 s
2026-05-30 03:47:19.683065: 
2026-05-30 03:47:19.683381: Epoch 604
2026-05-30 03:47:19.683509: Current learning rate: 0.00434
2026-05-30 03:47:51.532026: train_loss -0.7347
2026-05-30 03:47:51.532278: val_loss -0.8251
2026-05-30 03:47:51.532369: Pseudo dice [np.float32(0.9525)]
2026-05-30 03:47:51.532490: Epoch time: 31.85 s
2026-05-30 03:47:52.937240: 
2026-05-30 03:47:52.937615: Epoch 605
2026-05-30 03:47:52.937737: Current learning rate: 0.00433
2026-05-30 03:48:24.801471: train_loss -0.8108
2026-05-30 03:48:24.801719: val_loss -0.8212
2026-05-30 03:48:24.801807: Pseudo dice [np.float32(0.9442)]
2026-05-30 03:48:24.801918: Epoch time: 31.87 s
2026-05-30 03:48:26.187324: 
2026-05-30 03:48:26.187647: Epoch 606
2026-05-30 03:48:26.187825: Current learning rate: 0.00432
2026-05-30 03:48:57.968597: train_loss -0.828
2026-05-30 03:48:57.968957: val_loss -0.8295
2026-05-30 03:48:57.969138: Pseudo dice [np.float32(0.9499)]
2026-05-30 03:48:57.969280: Epoch time: 31.78 s
2026-05-30 03:48:59.362853: 
2026-05-30 03:48:59.363151: Epoch 607
2026-05-30 03:48:59.363273: Current learning rate: 0.00431
2026-05-30 03:49:31.194524: train_loss -0.8415
2026-05-30 03:49:31.194864: val_loss -0.7476
2026-05-30 03:49:31.194974: Pseudo dice [np.float32(0.9367)]
2026-05-30 03:49:31.195113: Epoch time: 31.83 s
2026-05-30 03:49:32.572171: 
2026-05-30 03:49:32.572492: Epoch 608
2026-05-30 03:49:32.572619: Current learning rate: 0.0043
2026-05-30 03:50:04.368443: train_loss -0.8149
2026-05-30 03:50:04.368732: val_loss -0.8241
2026-05-30 03:50:04.371889: Pseudo dice [np.float32(0.9501)]
2026-05-30 03:50:04.372042: Epoch time: 31.8 s
2026-05-30 03:50:05.744792: 
2026-05-30 03:50:05.745141: Epoch 609
2026-05-30 03:50:05.745381: Current learning rate: 0.00429
2026-05-30 03:50:37.646862: train_loss -0.8548
2026-05-30 03:50:37.647321: val_loss -0.7947
2026-05-30 03:50:37.647430: Pseudo dice [np.float32(0.9492)]
2026-05-30 03:50:37.647576: Epoch time: 31.9 s
2026-05-30 03:50:39.036704: 
2026-05-30 03:50:39.037006: Epoch 610
2026-05-30 03:50:39.037139: Current learning rate: 0.00429
2026-05-30 03:51:10.875954: train_loss -0.7856
2026-05-30 03:51:10.876353: val_loss -0.7659
2026-05-30 03:51:10.876464: Pseudo dice [np.float32(0.9346)]
2026-05-30 03:51:10.876600: Epoch time: 31.84 s
2026-05-30 03:51:12.272476: 
2026-05-30 03:51:12.272860: Epoch 611
2026-05-30 03:51:12.273081: Current learning rate: 0.00428
2026-05-30 03:51:44.110042: train_loss -0.8147
2026-05-30 03:51:44.110417: val_loss -0.7707
2026-05-30 03:51:44.110569: Pseudo dice [np.float32(0.9351)]
2026-05-30 03:51:44.110809: Epoch time: 31.84 s
2026-05-30 03:51:45.500562: 
2026-05-30 03:51:45.500809: Epoch 612
2026-05-30 03:51:45.500965: Current learning rate: 0.00427
2026-05-30 03:52:17.311359: train_loss -0.8149
2026-05-30 03:52:17.311723: val_loss -0.8041
2026-05-30 03:52:17.311842: Pseudo dice [np.float32(0.9364)]
2026-05-30 03:52:17.312010: Epoch time: 31.81 s
2026-05-30 03:52:18.706409: 
2026-05-30 03:52:18.706743: Epoch 613
2026-05-30 03:52:18.706910: Current learning rate: 0.00426
2026-05-30 03:52:50.525350: train_loss -0.8224
2026-05-30 03:52:50.525672: val_loss -0.8581
2026-05-30 03:52:50.525763: Pseudo dice [np.float32(0.9647)]
2026-05-30 03:52:50.525892: Epoch time: 31.82 s
2026-05-30 03:52:52.329126: 
2026-05-30 03:52:52.329438: Epoch 614
2026-05-30 03:52:52.329558: Current learning rate: 0.00425
2026-05-30 03:53:24.135343: train_loss -0.8214
2026-05-30 03:53:24.135713: val_loss -0.7964
2026-05-30 03:53:24.135806: Pseudo dice [np.float32(0.9418)]
2026-05-30 03:53:24.135953: Epoch time: 31.81 s
2026-05-30 03:53:25.529907: 
2026-05-30 03:53:25.530239: Epoch 615
2026-05-30 03:53:25.530383: Current learning rate: 0.00424
2026-05-30 03:53:57.348893: train_loss -0.8097
2026-05-30 03:53:57.349159: val_loss -0.7978
2026-05-30 03:53:57.349248: Pseudo dice [np.float32(0.9474)]
2026-05-30 03:53:57.349384: Epoch time: 31.82 s
2026-05-30 03:53:58.710266: 
2026-05-30 03:53:58.710582: Epoch 616
2026-05-30 03:53:58.710707: Current learning rate: 0.00423
2026-05-30 03:54:30.520126: train_loss -0.7912
2026-05-30 03:54:30.520359: val_loss -0.8063
2026-05-30 03:54:30.520456: Pseudo dice [np.float32(0.9468)]
2026-05-30 03:54:30.520582: Epoch time: 31.81 s
2026-05-30 03:54:31.896119: 
2026-05-30 03:54:31.896428: Epoch 617
2026-05-30 03:54:31.896547: Current learning rate: 0.00422
2026-05-30 03:55:03.754200: train_loss -0.8069
2026-05-30 03:55:03.754595: val_loss -0.8001
2026-05-30 03:55:03.754774: Pseudo dice [np.float32(0.9415)]
2026-05-30 03:55:03.754998: Epoch time: 31.86 s
2026-05-30 03:55:05.122434: 
2026-05-30 03:55:05.122746: Epoch 618
2026-05-30 03:55:05.122924: Current learning rate: 0.00421
2026-05-30 03:55:36.901058: train_loss -0.8093
2026-05-30 03:55:36.901406: val_loss -0.7567
2026-05-30 03:55:36.901524: Pseudo dice [np.float32(0.9408)]
2026-05-30 03:55:36.901644: Epoch time: 31.78 s
2026-05-30 03:55:38.272738: 
2026-05-30 03:55:38.273041: Epoch 619
2026-05-30 03:55:38.273198: Current learning rate: 0.0042
2026-05-30 03:56:10.101072: train_loss -0.8303
2026-05-30 03:56:10.101347: val_loss -0.7984
2026-05-30 03:56:10.101443: Pseudo dice [np.float32(0.9404)]
2026-05-30 03:56:10.101618: Epoch time: 31.83 s
2026-05-30 03:56:11.512469: 
2026-05-30 03:56:11.512799: Epoch 620
2026-05-30 03:56:11.512929: Current learning rate: 0.00419
2026-05-30 03:56:43.355303: train_loss -0.8602
2026-05-30 03:56:43.355606: val_loss -0.8025
2026-05-30 03:56:43.355716: Pseudo dice [np.float32(0.9466)]
2026-05-30 03:56:43.355881: Epoch time: 31.84 s
2026-05-30 03:56:44.736556: 
2026-05-30 03:56:44.736928: Epoch 621
2026-05-30 03:56:44.737087: Current learning rate: 0.00418
2026-05-30 03:57:16.593743: train_loss -0.8506
2026-05-30 03:57:16.594086: val_loss -0.856
2026-05-30 03:57:16.594183: Pseudo dice [np.float32(0.9637)]
2026-05-30 03:57:16.594297: Epoch time: 31.86 s
2026-05-30 03:57:17.988474: 
2026-05-30 03:57:17.988760: Epoch 622
2026-05-30 03:57:17.988872: Current learning rate: 0.00417
2026-05-30 03:57:49.761132: train_loss -0.8219
2026-05-30 03:57:49.761443: val_loss -0.7769
2026-05-30 03:57:49.761527: Pseudo dice [np.float32(0.9426)]
2026-05-30 03:57:49.761639: Epoch time: 31.77 s
2026-05-30 03:57:51.199470: 
2026-05-30 03:57:51.199751: Epoch 623
2026-05-30 03:57:51.199872: Current learning rate: 0.00416
2026-05-30 03:58:23.002506: train_loss -0.8426
2026-05-30 03:58:23.002805: val_loss -0.7749
2026-05-30 03:58:23.002895: Pseudo dice [np.float32(0.9314)]
2026-05-30 03:58:23.003085: Epoch time: 31.8 s
2026-05-30 03:58:24.401394: 
2026-05-30 03:58:24.401681: Epoch 624
2026-05-30 03:58:24.401837: Current learning rate: 0.00415
2026-05-30 03:58:56.276335: train_loss -0.8206
2026-05-30 03:58:56.276621: val_loss -0.7309
2026-05-30 03:58:56.276712: Pseudo dice [np.float32(0.9313)]
2026-05-30 03:58:56.276829: Epoch time: 31.88 s
2026-05-30 03:58:58.067567: 
2026-05-30 03:58:58.067882: Epoch 625
2026-05-30 03:58:58.068042: Current learning rate: 0.00414
2026-05-30 03:59:29.953955: train_loss -0.8242
2026-05-30 03:59:29.954189: val_loss -0.8141
2026-05-30 03:59:29.954275: Pseudo dice [np.float32(0.9481)]
2026-05-30 03:59:29.954391: Epoch time: 31.89 s
2026-05-30 03:59:31.321503: 
2026-05-30 03:59:31.321816: Epoch 626
2026-05-30 03:59:31.321933: Current learning rate: 0.00413
2026-05-30 04:00:03.137864: train_loss -0.815
2026-05-30 04:00:03.138187: val_loss -0.787
2026-05-30 04:00:03.138297: Pseudo dice [np.float32(0.9317)]
2026-05-30 04:00:03.138413: Epoch time: 31.82 s
2026-05-30 04:00:04.501895: 
2026-05-30 04:00:04.502215: Epoch 627
2026-05-30 04:00:04.502345: Current learning rate: 0.00412
2026-05-30 04:00:36.281369: train_loss -0.805
2026-05-30 04:00:36.281621: val_loss -0.7636
2026-05-30 04:00:36.281709: Pseudo dice [np.float32(0.9386)]
2026-05-30 04:00:36.281826: Epoch time: 31.78 s
2026-05-30 04:00:37.676370: 
2026-05-30 04:00:37.676687: Epoch 628
2026-05-30 04:00:37.676837: Current learning rate: 0.00411
2026-05-30 04:01:09.488247: train_loss -0.8303
2026-05-30 04:01:09.488651: val_loss -0.8152
2026-05-30 04:01:09.488855: Pseudo dice [np.float32(0.9552)]
2026-05-30 04:01:09.489145: Epoch time: 31.81 s
2026-05-30 04:01:10.896231: 
2026-05-30 04:01:10.896516: Epoch 629
2026-05-30 04:01:10.896670: Current learning rate: 0.0041
2026-05-30 04:01:42.681086: train_loss -0.7926
2026-05-30 04:01:42.681586: val_loss -0.8267
2026-05-30 04:01:42.681812: Pseudo dice [np.float32(0.9544)]
2026-05-30 04:01:42.681940: Epoch time: 31.79 s
2026-05-30 04:01:44.123907: 
2026-05-30 04:01:44.124211: Epoch 630
2026-05-30 04:01:44.124338: Current learning rate: 0.00409
2026-05-30 04:02:15.908556: train_loss -0.8086
2026-05-30 04:02:15.908934: val_loss -0.7956
2026-05-30 04:02:15.909072: Pseudo dice [np.float32(0.9406)]
2026-05-30 04:02:15.909195: Epoch time: 31.79 s
2026-05-30 04:02:17.312607: 
2026-05-30 04:02:17.312927: Epoch 631
2026-05-30 04:02:17.313063: Current learning rate: 0.00408
2026-05-30 04:02:49.098421: train_loss -0.8029
2026-05-30 04:02:49.098773: val_loss -0.7533
2026-05-30 04:02:49.098891: Pseudo dice [np.float32(0.9318)]
2026-05-30 04:02:49.099040: Epoch time: 31.79 s
2026-05-30 04:02:50.500034: 
2026-05-30 04:02:50.500289: Epoch 632
2026-05-30 04:02:50.500460: Current learning rate: 0.00407
2026-05-30 04:03:22.289987: train_loss -0.8263
2026-05-30 04:03:22.290289: val_loss -0.7926
2026-05-30 04:03:22.290384: Pseudo dice [np.float32(0.9385)]
2026-05-30 04:03:22.290502: Epoch time: 31.79 s
2026-05-30 04:03:23.732706: 
2026-05-30 04:03:23.732938: Epoch 633
2026-05-30 04:03:23.733116: Current learning rate: 0.00406
2026-05-30 04:03:55.597260: train_loss -0.7301
2026-05-30 04:03:55.597543: val_loss -0.6906
2026-05-30 04:03:55.597656: Pseudo dice [np.float32(0.9052)]
2026-05-30 04:03:55.597804: Epoch time: 31.87 s
2026-05-30 04:03:57.002617: 
2026-05-30 04:03:57.002905: Epoch 634
2026-05-30 04:03:57.003031: Current learning rate: 0.00405
2026-05-30 04:04:28.797540: train_loss -0.7765
2026-05-30 04:04:28.797901: val_loss -0.7631
2026-05-30 04:04:28.798037: Pseudo dice [np.float32(0.9291)]
2026-05-30 04:04:28.798165: Epoch time: 31.8 s
2026-05-30 04:04:30.181551: 
2026-05-30 04:04:30.181797: Epoch 635
2026-05-30 04:04:30.181953: Current learning rate: 0.00404
2026-05-30 04:05:02.019724: train_loss -0.7943
2026-05-30 04:05:02.020051: val_loss -0.8222
2026-05-30 04:05:02.020165: Pseudo dice [np.float32(0.9542)]
2026-05-30 04:05:02.020309: Epoch time: 31.84 s
2026-05-30 04:05:03.870683: 
2026-05-30 04:05:03.870986: Epoch 636
2026-05-30 04:05:03.871121: Current learning rate: 0.00403
2026-05-30 04:05:35.617005: train_loss -0.8021
2026-05-30 04:05:35.617315: val_loss -0.8278
2026-05-30 04:05:35.617443: Pseudo dice [np.float32(0.955)]
2026-05-30 04:05:35.617559: Epoch time: 31.75 s
2026-05-30 04:05:36.982063: 
2026-05-30 04:05:36.982326: Epoch 637
2026-05-30 04:05:36.982483: Current learning rate: 0.00402
2026-05-30 04:06:08.805395: train_loss -0.8117
2026-05-30 04:06:08.805688: val_loss -0.8217
2026-05-30 04:06:08.805789: Pseudo dice [np.float32(0.9547)]
2026-05-30 04:06:08.805991: Epoch time: 31.83 s
2026-05-30 04:06:10.166775: 
2026-05-30 04:06:10.167091: Epoch 638
2026-05-30 04:06:10.167223: Current learning rate: 0.00401
2026-05-30 04:06:41.969781: train_loss -0.8305
2026-05-30 04:06:41.970178: val_loss -0.8213
2026-05-30 04:06:41.970280: Pseudo dice [np.float32(0.9523)]
2026-05-30 04:06:41.970388: Epoch time: 31.8 s
2026-05-30 04:06:43.351430: 
2026-05-30 04:06:43.351761: Epoch 639
2026-05-30 04:06:43.351887: Current learning rate: 0.004
2026-05-30 04:07:15.157657: train_loss -0.8407
2026-05-30 04:07:15.157891: val_loss -0.8273
2026-05-30 04:07:15.157978: Pseudo dice [np.float32(0.9513)]
2026-05-30 04:07:15.158088: Epoch time: 31.81 s
2026-05-30 04:07:16.566949: 
2026-05-30 04:07:16.567260: Epoch 640
2026-05-30 04:07:16.567403: Current learning rate: 0.00399
2026-05-30 04:07:48.364481: train_loss -0.8356
2026-05-30 04:07:48.364747: val_loss -0.8344
2026-05-30 04:07:48.364829: Pseudo dice [np.float32(0.9579)]
2026-05-30 04:07:48.364953: Epoch time: 31.8 s
2026-05-30 04:07:49.725902: 
2026-05-30 04:07:49.726226: Epoch 641
2026-05-30 04:07:49.726382: Current learning rate: 0.00398
2026-05-30 04:08:21.506161: train_loss -0.8358
2026-05-30 04:08:21.506442: val_loss -0.8557
2026-05-30 04:08:21.506592: Pseudo dice [np.float32(0.9561)]
2026-05-30 04:08:21.506793: Epoch time: 31.78 s
2026-05-30 04:08:22.869633: 
2026-05-30 04:08:22.869946: Epoch 642
2026-05-30 04:08:22.870070: Current learning rate: 0.00397
2026-05-30 04:08:54.703393: train_loss -0.8331
2026-05-30 04:08:54.703725: val_loss -0.8081
2026-05-30 04:08:54.703816: Pseudo dice [np.float32(0.9435)]
2026-05-30 04:08:54.703957: Epoch time: 31.84 s
2026-05-30 04:08:56.084912: 
2026-05-30 04:08:56.085238: Epoch 643
2026-05-30 04:08:56.085373: Current learning rate: 0.00396
2026-05-30 04:09:27.946718: train_loss -0.8168
2026-05-30 04:09:27.946953: val_loss -0.7672
2026-05-30 04:09:27.947042: Pseudo dice [np.float32(0.9369)]
2026-05-30 04:09:27.947165: Epoch time: 31.86 s
2026-05-30 04:09:29.335856: 
2026-05-30 04:09:29.336200: Epoch 644
2026-05-30 04:09:29.336326: Current learning rate: 0.00395
2026-05-30 04:10:01.192101: train_loss -0.8042
2026-05-30 04:10:01.192336: val_loss -0.8404
2026-05-30 04:10:01.192423: Pseudo dice [np.float32(0.9509)]
2026-05-30 04:10:01.192531: Epoch time: 31.86 s
2026-05-30 04:10:02.569920: 
2026-05-30 04:10:02.570221: Epoch 645
2026-05-30 04:10:02.570379: Current learning rate: 0.00394
2026-05-30 04:10:34.380780: train_loss -0.825
2026-05-30 04:10:34.381122: val_loss -0.7788
2026-05-30 04:10:34.381304: Pseudo dice [np.float32(0.9309)]
2026-05-30 04:10:34.381612: Epoch time: 31.81 s
2026-05-30 04:10:35.761217: 
2026-05-30 04:10:35.761501: Epoch 646
2026-05-30 04:10:35.761646: Current learning rate: 0.00393
2026-05-30 04:11:07.597570: train_loss -0.8245
2026-05-30 04:11:07.597881: val_loss -0.7701
2026-05-30 04:11:07.597991: Pseudo dice [np.float32(0.9331)]
2026-05-30 04:11:07.598104: Epoch time: 31.84 s
2026-05-30 04:11:08.988467: 
2026-05-30 04:11:08.988770: Epoch 647
2026-05-30 04:11:08.988912: Current learning rate: 0.00392
2026-05-30 04:11:40.779532: train_loss -0.7746
2026-05-30 04:11:40.779863: val_loss -0.8057
2026-05-30 04:11:40.779972: Pseudo dice [np.float32(0.9471)]
2026-05-30 04:11:40.780089: Epoch time: 31.79 s
2026-05-30 04:11:42.560521: 
2026-05-30 04:11:42.560839: Epoch 648
2026-05-30 04:11:42.561011: Current learning rate: 0.00391
2026-05-30 04:12:14.338652: train_loss -0.8388
2026-05-30 04:12:14.338957: val_loss -0.8161
2026-05-30 04:12:14.339126: Pseudo dice [np.float32(0.9504)]
2026-05-30 04:12:14.339250: Epoch time: 31.78 s
2026-05-30 04:12:15.714650: 
2026-05-30 04:12:15.714990: Epoch 649
2026-05-30 04:12:15.715116: Current learning rate: 0.0039
2026-05-30 04:12:47.513334: train_loss -0.8644
2026-05-30 04:12:47.513666: val_loss -0.7471
2026-05-30 04:12:47.513772: Pseudo dice [np.float32(0.9292)]
2026-05-30 04:12:47.513915: Epoch time: 31.8 s
2026-05-30 04:12:50.536347: 
2026-05-30 04:12:50.536646: Epoch 650
2026-05-30 04:12:50.536834: Current learning rate: 0.00389
2026-05-30 04:13:22.381483: train_loss -0.851
2026-05-30 04:13:22.381757: val_loss -0.8233
2026-05-30 04:13:22.381854: Pseudo dice [np.float32(0.954)]
2026-05-30 04:13:22.381978: Epoch time: 31.85 s
2026-05-30 04:13:23.777476: 
2026-05-30 04:13:23.777782: Epoch 651
2026-05-30 04:13:23.777925: Current learning rate: 0.00388
2026-05-30 04:13:55.569210: train_loss -0.7981
2026-05-30 04:13:55.569578: val_loss -0.7842
2026-05-30 04:13:55.569760: Pseudo dice [np.float32(0.9382)]
2026-05-30 04:13:55.569905: Epoch time: 31.79 s
2026-05-30 04:13:56.942120: 
2026-05-30 04:13:56.942416: Epoch 652
2026-05-30 04:13:56.942570: Current learning rate: 0.00387
2026-05-30 04:14:28.750930: train_loss -0.8069
2026-05-30 04:14:28.751199: val_loss -0.8434
2026-05-30 04:14:28.751291: Pseudo dice [np.float32(0.96)]
2026-05-30 04:14:28.751469: Epoch time: 31.81 s
2026-05-30 04:14:30.111227: 
2026-05-30 04:14:30.111504: Epoch 653
2026-05-30 04:14:30.111634: Current learning rate: 0.00386
2026-05-30 04:15:01.895176: train_loss -0.8413
2026-05-30 04:15:01.895445: val_loss -0.8203
2026-05-30 04:15:01.895615: Pseudo dice [np.float32(0.955)]
2026-05-30 04:15:01.895746: Epoch time: 31.79 s
2026-05-30 04:15:03.280073: 
2026-05-30 04:15:03.280339: Epoch 654
2026-05-30 04:15:03.280497: Current learning rate: 0.00385
2026-05-30 04:15:35.083672: train_loss -0.8096
2026-05-30 04:15:35.084008: val_loss -0.8429
2026-05-30 04:15:35.084195: Pseudo dice [np.float32(0.9569)]
2026-05-30 04:15:35.084337: Epoch time: 31.81 s
2026-05-30 04:15:36.486602: 
2026-05-30 04:15:36.486865: Epoch 655
2026-05-30 04:15:36.487019: Current learning rate: 0.00384
2026-05-30 04:16:08.450154: train_loss -0.8261
2026-05-30 04:16:08.450444: val_loss -0.8014
2026-05-30 04:16:08.450534: Pseudo dice [np.float32(0.9474)]
2026-05-30 04:16:08.450733: Epoch time: 31.97 s
2026-05-30 04:16:09.839746: 
2026-05-30 04:16:09.840053: Epoch 656
2026-05-30 04:16:09.840186: Current learning rate: 0.00383
2026-05-30 04:16:41.647130: train_loss -0.7954
2026-05-30 04:16:41.647434: val_loss -0.8013
2026-05-30 04:16:41.647554: Pseudo dice [np.float32(0.9486)]
2026-05-30 04:16:41.647677: Epoch time: 31.81 s
2026-05-30 04:16:41.647761: Yayy! New best EMA pseudo Dice: 0.9473000168800354
2026-05-30 04:16:44.693732: 
2026-05-30 04:16:44.694066: Epoch 657
2026-05-30 04:16:44.694211: Current learning rate: 0.00382
2026-05-30 04:17:16.558546: train_loss -0.8069
2026-05-30 04:17:16.558869: val_loss -0.7424
2026-05-30 04:17:16.559062: Pseudo dice [np.float32(0.9244)]
2026-05-30 04:17:16.559183: Epoch time: 31.87 s
2026-05-30 04:17:17.962770: 
2026-05-30 04:17:17.963028: Epoch 658
2026-05-30 04:17:17.963153: Current learning rate: 0.00381
2026-05-30 04:17:49.796230: train_loss -0.8416
2026-05-30 04:17:49.796620: val_loss -0.8487
2026-05-30 04:17:49.796726: Pseudo dice [np.float32(0.9599)]
2026-05-30 04:17:49.796867: Epoch time: 31.84 s
2026-05-30 04:17:51.588227: 
2026-05-30 04:17:51.588551: Epoch 659
2026-05-30 04:17:51.588704: Current learning rate: 0.0038
2026-05-30 04:18:23.425653: train_loss -0.7733
2026-05-30 04:18:23.425890: val_loss -0.7229
2026-05-30 04:18:23.425980: Pseudo dice [np.float32(0.9257)]
2026-05-30 04:18:23.426093: Epoch time: 31.84 s
2026-05-30 04:18:24.794467: 
2026-05-30 04:18:24.794785: Epoch 660
2026-05-30 04:18:24.794962: Current learning rate: 0.00379
2026-05-30 04:18:56.574871: train_loss -0.8087
2026-05-30 04:18:56.575364: val_loss -0.7959
2026-05-30 04:18:56.575464: Pseudo dice [np.float32(0.9452)]
2026-05-30 04:18:56.575573: Epoch time: 31.78 s
2026-05-30 04:18:57.947334: 
2026-05-30 04:18:57.947605: Epoch 661
2026-05-30 04:18:57.947723: Current learning rate: 0.00378
2026-05-30 04:19:29.742701: train_loss -0.7839
2026-05-30 04:19:29.743079: val_loss -0.6066
2026-05-30 04:19:29.743177: Pseudo dice [np.float32(0.8918)]
2026-05-30 04:19:29.743321: Epoch time: 31.8 s
2026-05-30 04:19:31.102736: 
2026-05-30 04:19:31.102996: Epoch 662
2026-05-30 04:19:31.103474: Current learning rate: 0.00377
2026-05-30 04:20:02.973942: train_loss -0.7704
2026-05-30 04:20:02.974328: val_loss -0.8168
2026-05-30 04:20:02.974503: Pseudo dice [np.float32(0.946)]
2026-05-30 04:20:02.974641: Epoch time: 31.87 s
2026-05-30 04:20:04.392788: 
2026-05-30 04:20:04.393127: Epoch 663
2026-05-30 04:20:04.393259: Current learning rate: 0.00376
2026-05-30 04:20:36.317466: train_loss -0.8044
2026-05-30 04:20:36.317772: val_loss -0.8291
2026-05-30 04:20:36.317861: Pseudo dice [np.float32(0.9549)]
2026-05-30 04:20:36.317995: Epoch time: 31.93 s
2026-05-30 04:20:37.707826: 
2026-05-30 04:20:37.708140: Epoch 664
2026-05-30 04:20:37.708300: Current learning rate: 0.00375
2026-05-30 04:21:09.591139: train_loss -0.8481
2026-05-30 04:21:09.591508: val_loss -0.8653
2026-05-30 04:21:09.591625: Pseudo dice [np.float32(0.9578)]
2026-05-30 04:21:09.591826: Epoch time: 31.89 s
2026-05-30 04:21:10.946982: 
2026-05-30 04:21:10.947313: Epoch 665
2026-05-30 04:21:10.947433: Current learning rate: 0.00374
2026-05-30 04:21:42.751229: train_loss -0.8156
2026-05-30 04:21:42.751537: val_loss -0.6971
2026-05-30 04:21:42.751622: Pseudo dice [np.float32(0.9103)]
2026-05-30 04:21:42.751736: Epoch time: 31.81 s
2026-05-30 04:21:44.148407: 
2026-05-30 04:21:44.148679: Epoch 666
2026-05-30 04:21:44.148794: Current learning rate: 0.00373
2026-05-30 04:22:16.008873: train_loss -0.798
2026-05-30 04:22:16.009245: val_loss -0.8153
2026-05-30 04:22:16.009349: Pseudo dice [np.float32(0.9444)]
2026-05-30 04:22:16.009488: Epoch time: 31.86 s
2026-05-30 04:22:17.402420: 
2026-05-30 04:22:17.402674: Epoch 667
2026-05-30 04:22:17.402843: Current learning rate: 0.00372
2026-05-30 04:22:49.226620: train_loss -0.8222
2026-05-30 04:22:49.226960: val_loss -0.7911
2026-05-30 04:22:49.227072: Pseudo dice [np.float32(0.947)]
2026-05-30 04:22:49.227196: Epoch time: 31.83 s
2026-05-30 04:22:50.662095: 
2026-05-30 04:22:50.662414: Epoch 668
2026-05-30 04:22:50.662547: Current learning rate: 0.00371
2026-05-30 04:23:22.452036: train_loss -0.8261
2026-05-30 04:23:22.452434: val_loss -0.7658
2026-05-30 04:23:22.452550: Pseudo dice [np.float32(0.9374)]
2026-05-30 04:23:22.452691: Epoch time: 31.79 s
2026-05-30 04:23:23.837049: 
2026-05-30 04:23:23.837309: Epoch 669
2026-05-30 04:23:23.837481: Current learning rate: 0.0037
2026-05-30 04:23:55.616768: train_loss -0.789
2026-05-30 04:23:55.617123: val_loss -0.8171
2026-05-30 04:23:55.617217: Pseudo dice [np.float32(0.9415)]
2026-05-30 04:23:55.617359: Epoch time: 31.78 s
2026-05-30 04:23:57.377481: 
2026-05-30 04:23:57.377771: Epoch 670
2026-05-30 04:23:57.377925: Current learning rate: 0.00369
2026-05-30 04:24:29.185159: train_loss -0.8226
2026-05-30 04:24:29.185492: val_loss -0.7914
2026-05-30 04:24:29.185576: Pseudo dice [np.float32(0.9434)]
2026-05-30 04:24:29.185690: Epoch time: 31.81 s
2026-05-30 04:24:30.545343: 
2026-05-30 04:24:30.545653: Epoch 671
2026-05-30 04:24:30.545773: Current learning rate: 0.00368
2026-05-30 04:25:02.375592: train_loss -0.8343
2026-05-30 04:25:02.375954: val_loss -0.8174
2026-05-30 04:25:02.376078: Pseudo dice [np.float32(0.9466)]
2026-05-30 04:25:02.376207: Epoch time: 31.83 s
2026-05-30 04:25:03.772377: 
2026-05-30 04:25:03.772671: Epoch 672
2026-05-30 04:25:03.772838: Current learning rate: 0.00367
2026-05-30 04:25:35.618194: train_loss -0.8207
2026-05-30 04:25:35.618493: val_loss -0.8654
2026-05-30 04:25:35.618575: Pseudo dice [np.float32(0.9629)]
2026-05-30 04:25:35.618713: Epoch time: 31.85 s
2026-05-30 04:25:37.018685: 
2026-05-30 04:25:37.018978: Epoch 673
2026-05-30 04:25:37.019142: Current learning rate: 0.00366
2026-05-30 04:26:08.824461: train_loss -0.8279
2026-05-30 04:26:08.824849: val_loss -0.7999
2026-05-30 04:26:08.824953: Pseudo dice [np.float32(0.9443)]
2026-05-30 04:26:08.825102: Epoch time: 31.81 s
2026-05-30 04:26:10.196562: 
2026-05-30 04:26:10.196924: Epoch 674
2026-05-30 04:26:10.197172: Current learning rate: 0.00365
2026-05-30 04:26:41.961077: train_loss -0.8386
2026-05-30 04:26:41.961444: val_loss -0.7908
2026-05-30 04:26:41.961556: Pseudo dice [np.float32(0.9386)]
2026-05-30 04:26:41.961666: Epoch time: 31.77 s
2026-05-30 04:26:43.352435: 
2026-05-30 04:26:43.352716: Epoch 675
2026-05-30 04:26:43.352871: Current learning rate: 0.00364
2026-05-30 04:27:15.174108: train_loss -0.84
2026-05-30 04:27:15.174432: val_loss -0.8097
2026-05-30 04:27:15.174534: Pseudo dice [np.float32(0.949)]
2026-05-30 04:27:15.174641: Epoch time: 31.82 s
2026-05-30 04:27:16.570512: 
2026-05-30 04:27:16.570816: Epoch 676
2026-05-30 04:27:16.570934: Current learning rate: 0.00363
2026-05-30 04:27:48.358041: train_loss -0.84
2026-05-30 04:27:48.358356: val_loss -0.7932
2026-05-30 04:27:48.358457: Pseudo dice [np.float32(0.9372)]
2026-05-30 04:27:48.358575: Epoch time: 31.79 s
2026-05-30 04:27:49.746520: 
2026-05-30 04:27:49.746826: Epoch 677
2026-05-30 04:27:49.746986: Current learning rate: 0.00362
2026-05-30 04:28:21.600634: train_loss -0.8202
2026-05-30 04:28:21.600931: val_loss -0.7774
2026-05-30 04:28:21.601052: Pseudo dice [np.float32(0.9425)]
2026-05-30 04:28:21.601173: Epoch time: 31.86 s
2026-05-30 04:28:22.960438: 
2026-05-30 04:28:22.960767: Epoch 678
2026-05-30 04:28:22.960884: Current learning rate: 0.00361
2026-05-30 04:28:54.764912: train_loss -0.8079
2026-05-30 04:28:54.765190: val_loss -0.8309
2026-05-30 04:28:54.765287: Pseudo dice [np.float32(0.9486)]
2026-05-30 04:28:54.765468: Epoch time: 31.81 s
2026-05-30 04:28:56.193154: 
2026-05-30 04:28:56.193457: Epoch 679
2026-05-30 04:28:56.193591: Current learning rate: 0.0036
2026-05-30 04:29:27.981844: train_loss -0.8402
2026-05-30 04:29:27.982080: val_loss -0.8044
2026-05-30 04:29:27.982165: Pseudo dice [np.float32(0.9517)]
2026-05-30 04:29:27.982275: Epoch time: 31.79 s
2026-05-30 04:29:29.359345: 
2026-05-30 04:29:29.359682: Epoch 680
2026-05-30 04:29:29.359802: Current learning rate: 0.00359
2026-05-30 04:30:01.117856: train_loss -0.8363
2026-05-30 04:30:01.118162: val_loss -0.7894
2026-05-30 04:30:01.118249: Pseudo dice [np.float32(0.9449)]
2026-05-30 04:30:01.118362: Epoch time: 31.76 s
2026-05-30 04:30:02.912924: 
2026-05-30 04:30:02.913252: Epoch 681
2026-05-30 04:30:02.913377: Current learning rate: 0.00358
2026-05-30 04:30:34.733253: train_loss -0.7937
2026-05-30 04:30:34.733534: val_loss -0.8152
2026-05-30 04:30:34.733617: Pseudo dice [np.float32(0.9524)]
2026-05-30 04:30:34.733727: Epoch time: 31.82 s
2026-05-30 04:30:36.123796: 
2026-05-30 04:30:36.124114: Epoch 682
2026-05-30 04:30:36.124233: Current learning rate: 0.00357
2026-05-30 04:31:07.946295: train_loss -0.8193
2026-05-30 04:31:07.946608: val_loss -0.7961
2026-05-30 04:31:07.946772: Pseudo dice [np.float32(0.9402)]
2026-05-30 04:31:07.946906: Epoch time: 31.82 s
2026-05-30 04:31:09.341552: 
2026-05-30 04:31:09.341845: Epoch 683
2026-05-30 04:31:09.341996: Current learning rate: 0.00356
2026-05-30 04:31:41.109851: train_loss -0.8532
2026-05-30 04:31:41.110140: val_loss -0.847
2026-05-30 04:31:41.110233: Pseudo dice [np.float32(0.9565)]
2026-05-30 04:31:41.110350: Epoch time: 31.77 s
2026-05-30 04:31:42.482979: 
2026-05-30 04:31:42.483257: Epoch 684
2026-05-30 04:31:42.483421: Current learning rate: 0.00355
2026-05-30 04:32:14.276736: train_loss -0.8147
2026-05-30 04:32:14.277073: val_loss -0.7526
2026-05-30 04:32:14.277175: Pseudo dice [np.float32(0.9365)]
2026-05-30 04:32:14.277334: Epoch time: 31.8 s
2026-05-30 04:32:15.660260: 
2026-05-30 04:32:15.660651: Epoch 685
2026-05-30 04:32:15.660778: Current learning rate: 0.00354
2026-05-30 04:32:47.514754: train_loss -0.846
2026-05-30 04:32:47.514991: val_loss -0.7382
2026-05-30 04:32:47.515075: Pseudo dice [np.float32(0.9321)]
2026-05-30 04:32:47.515186: Epoch time: 31.86 s
2026-05-30 04:32:48.959733: 
2026-05-30 04:32:48.959972: Epoch 686
2026-05-30 04:32:48.960163: Current learning rate: 0.00353
2026-05-30 04:33:20.779183: train_loss -0.8495
2026-05-30 04:33:20.779577: val_loss -0.8669
2026-05-30 04:33:20.779689: Pseudo dice [np.float32(0.9617)]
2026-05-30 04:33:20.779860: Epoch time: 31.82 s
2026-05-30 04:33:22.199773: 
2026-05-30 04:33:22.200071: Epoch 687
2026-05-30 04:33:22.200579: Current learning rate: 0.00352
2026-05-30 04:33:54.034008: train_loss -0.8283
2026-05-30 04:33:54.034339: val_loss -0.8197
2026-05-30 04:33:54.034437: Pseudo dice [np.float32(0.9477)]
2026-05-30 04:33:54.034556: Epoch time: 31.84 s
2026-05-30 04:33:55.446681: 
2026-05-30 04:33:55.446989: Epoch 688
2026-05-30 04:33:55.447114: Current learning rate: 0.00351
2026-05-30 04:34:27.277607: train_loss -0.8088
2026-05-30 04:34:27.277989: val_loss -0.7661
2026-05-30 04:34:27.278090: Pseudo dice [np.float32(0.941)]
2026-05-30 04:34:27.278255: Epoch time: 31.83 s
2026-05-30 04:34:28.675053: 
2026-05-30 04:34:28.675287: Epoch 689
2026-05-30 04:34:28.675443: Current learning rate: 0.0035
2026-05-30 04:35:00.501951: train_loss -0.8356
2026-05-30 04:35:00.502331: val_loss -0.8222
2026-05-30 04:35:00.502501: Pseudo dice [np.float32(0.9471)]
2026-05-30 04:35:00.502648: Epoch time: 31.83 s
2026-05-30 04:35:01.915581: 
2026-05-30 04:35:01.915867: Epoch 690
2026-05-30 04:35:01.915986: Current learning rate: 0.00349
2026-05-30 04:35:33.752644: train_loss -0.8321
2026-05-30 04:35:33.752932: val_loss -0.8525
2026-05-30 04:35:33.753077: Pseudo dice [np.float32(0.9619)]
2026-05-30 04:35:33.753204: Epoch time: 31.84 s
2026-05-30 04:35:35.147016: 
2026-05-30 04:35:35.147313: Epoch 691
2026-05-30 04:35:35.147465: Current learning rate: 0.00348
2026-05-30 04:36:06.992263: train_loss -0.8288
2026-05-30 04:36:06.992578: val_loss -0.7609
2026-05-30 04:36:06.992748: Pseudo dice [np.float32(0.9334)]
2026-05-30 04:36:06.992877: Epoch time: 31.85 s
2026-05-30 04:36:08.796360: 
2026-05-30 04:36:08.796681: Epoch 692
2026-05-30 04:36:08.796866: Current learning rate: 0.00346
2026-05-30 04:36:40.594366: train_loss -0.8267
2026-05-30 04:36:40.594654: val_loss -0.8316
2026-05-30 04:36:40.594816: Pseudo dice [np.float32(0.9478)]
2026-05-30 04:36:40.595023: Epoch time: 31.8 s
2026-05-30 04:36:42.009221: 
2026-05-30 04:36:42.009558: Epoch 693
2026-05-30 04:36:42.009716: Current learning rate: 0.00345
2026-05-30 04:37:13.872355: train_loss -0.8122
2026-05-30 04:37:13.872741: val_loss -0.7818
2026-05-30 04:37:13.872833: Pseudo dice [np.float32(0.944)]
2026-05-30 04:37:13.872953: Epoch time: 31.87 s
2026-05-30 04:37:15.260236: 
2026-05-30 04:37:15.260560: Epoch 694
2026-05-30 04:37:15.260715: Current learning rate: 0.00344
2026-05-30 04:37:47.117299: train_loss -0.8569
2026-05-30 04:37:47.117581: val_loss -0.7657
2026-05-30 04:37:47.117666: Pseudo dice [np.float32(0.9438)]
2026-05-30 04:37:47.117780: Epoch time: 31.86 s
2026-05-30 04:37:48.501108: 
2026-05-30 04:37:48.501407: Epoch 695
2026-05-30 04:37:48.501541: Current learning rate: 0.00343
2026-05-30 04:38:20.329888: train_loss -0.8773
2026-05-30 04:38:20.330224: val_loss -0.7851
2026-05-30 04:38:20.330321: Pseudo dice [np.float32(0.936)]
2026-05-30 04:38:20.330475: Epoch time: 31.83 s
2026-05-30 04:38:21.728937: 
2026-05-30 04:38:21.729271: Epoch 696
2026-05-30 04:38:21.729404: Current learning rate: 0.00342
2026-05-30 04:38:53.558127: train_loss -0.8414
2026-05-30 04:38:53.558443: val_loss -0.8551
2026-05-30 04:38:53.558530: Pseudo dice [np.float32(0.9589)]
2026-05-30 04:38:53.558672: Epoch time: 31.83 s
2026-05-30 04:38:54.954791: 
2026-05-30 04:38:54.955106: Epoch 697
2026-05-30 04:38:54.955259: Current learning rate: 0.00341
2026-05-30 04:39:26.786580: train_loss -0.83
2026-05-30 04:39:26.786979: val_loss -0.7659
2026-05-30 04:39:26.787087: Pseudo dice [np.float32(0.9372)]
2026-05-30 04:39:26.787225: Epoch time: 31.83 s
2026-05-30 04:39:28.180401: 
2026-05-30 04:39:28.180687: Epoch 698
2026-05-30 04:39:28.181022: Current learning rate: 0.0034
2026-05-30 04:39:59.947649: train_loss -0.8052
2026-05-30 04:39:59.948012: val_loss -0.7833
2026-05-30 04:39:59.948099: Pseudo dice [np.float32(0.9409)]
2026-05-30 04:39:59.948226: Epoch time: 31.77 s
2026-05-30 04:40:01.319967: 
2026-05-30 04:40:01.320275: Epoch 699
2026-05-30 04:40:01.320397: Current learning rate: 0.00339
2026-05-30 04:40:33.158789: train_loss -0.8505
2026-05-30 04:40:33.159183: val_loss -0.8747
2026-05-30 04:40:33.159284: Pseudo dice [np.float32(0.9619)]
2026-05-30 04:40:33.159408: Epoch time: 31.84 s
2026-05-30 04:40:36.380283: 
2026-05-30 04:40:36.380576: Epoch 700
2026-05-30 04:40:36.380718: Current learning rate: 0.00338
2026-05-30 04:41:08.153131: train_loss -0.8709
2026-05-30 04:41:08.153410: val_loss -0.8892
2026-05-30 04:41:08.153505: Pseudo dice [np.float32(0.9685)]
2026-05-30 04:41:08.153621: Epoch time: 31.77 s
2026-05-30 04:41:08.153701: Yayy! New best EMA pseudo Dice: 0.9485999941825867
2026-05-30 04:41:11.223110: 
2026-05-30 04:41:11.223341: Epoch 701
2026-05-30 04:41:11.223495: Current learning rate: 0.00337
2026-05-30 04:41:43.023966: train_loss -0.8467
2026-05-30 04:41:43.024203: val_loss -0.8422
2026-05-30 04:41:43.024297: Pseudo dice [np.float32(0.9573)]
2026-05-30 04:41:43.024486: Epoch time: 31.8 s
2026-05-30 04:41:43.024599: Yayy! New best EMA pseudo Dice: 0.9495000243186951
2026-05-30 04:41:46.079235: 
2026-05-30 04:41:46.079581: Epoch 702
2026-05-30 04:41:46.079717: Current learning rate: 0.00336
2026-05-30 04:42:17.913815: train_loss -0.836
2026-05-30 04:42:17.914077: val_loss -0.8376
2026-05-30 04:42:17.914181: Pseudo dice [np.float32(0.9507)]
2026-05-30 04:42:17.914358: Epoch time: 31.84 s
2026-05-30 04:42:17.914442: Yayy! New best EMA pseudo Dice: 0.9495999813079834
2026-05-30 04:42:21.319603: 
2026-05-30 04:42:21.319903: Epoch 703
2026-05-30 04:42:21.320059: Current learning rate: 0.00335
2026-05-30 04:42:53.208365: train_loss -0.8094
2026-05-30 04:42:53.208750: val_loss -0.7533
2026-05-30 04:42:53.208893: Pseudo dice [np.float32(0.9324)]
2026-05-30 04:42:53.209038: Epoch time: 31.89 s
2026-05-30 04:42:54.606536: 
2026-05-30 04:42:54.606840: Epoch 704
2026-05-30 04:42:54.606975: Current learning rate: 0.00334
2026-05-30 04:43:26.433870: train_loss -0.8418
2026-05-30 04:43:26.434209: val_loss -0.7788
2026-05-30 04:43:26.434369: Pseudo dice [np.float32(0.9365)]
2026-05-30 04:43:26.434500: Epoch time: 31.83 s
2026-05-30 04:43:27.834273: 
2026-05-30 04:43:27.834562: Epoch 705
2026-05-30 04:43:27.834717: Current learning rate: 0.00333
2026-05-30 04:43:59.719934: train_loss -0.8262
2026-05-30 04:43:59.720188: val_loss -0.8192
2026-05-30 04:43:59.720276: Pseudo dice [np.float32(0.9461)]
2026-05-30 04:43:59.720417: Epoch time: 31.89 s
2026-05-30 04:44:01.130877: 
2026-05-30 04:44:01.131193: Epoch 706
2026-05-30 04:44:01.131315: Current learning rate: 0.00332
2026-05-30 04:44:32.982334: train_loss -0.8302
2026-05-30 04:44:32.982780: val_loss -0.8225
2026-05-30 04:44:32.982894: Pseudo dice [np.float32(0.9466)]
2026-05-30 04:44:32.983038: Epoch time: 31.85 s
2026-05-30 04:44:34.401122: 
2026-05-30 04:44:34.401424: Epoch 707
2026-05-30 04:44:34.401568: Current learning rate: 0.00331
2026-05-30 04:45:06.218109: train_loss -0.8434
2026-05-30 04:45:06.218410: val_loss -0.7807
2026-05-30 04:45:06.218497: Pseudo dice [np.float32(0.9432)]
2026-05-30 04:45:06.218611: Epoch time: 31.82 s
2026-05-30 04:45:07.586962: 
2026-05-30 04:45:07.587300: Epoch 708
2026-05-30 04:45:07.587424: Current learning rate: 0.0033
2026-05-30 04:45:39.474269: train_loss -0.8189
2026-05-30 04:45:39.474612: val_loss -0.8525
2026-05-30 04:45:39.474722: Pseudo dice [np.float32(0.958)]
2026-05-30 04:45:39.474859: Epoch time: 31.89 s
2026-05-30 04:45:40.912868: 
2026-05-30 04:45:40.913341: Epoch 709
2026-05-30 04:45:40.913601: Current learning rate: 0.00329
2026-05-30 04:46:12.932332: train_loss -0.8314
2026-05-30 04:46:12.932679: val_loss -0.8463
2026-05-30 04:46:12.932911: Pseudo dice [np.float32(0.9527)]
2026-05-30 04:46:12.933246: Epoch time: 32.02 s
2026-05-30 04:46:14.384927: 
2026-05-30 04:46:14.385178: Epoch 710
2026-05-30 04:46:14.385371: Current learning rate: 0.00328
2026-05-30 04:46:46.143217: train_loss -0.8497
2026-05-30 04:46:46.143608: val_loss -0.7542
2026-05-30 04:46:46.143711: Pseudo dice [np.float32(0.9278)]
2026-05-30 04:46:46.143831: Epoch time: 31.76 s
2026-05-30 04:46:47.525257: 
2026-05-30 04:46:47.525593: Epoch 711
2026-05-30 04:46:47.525758: Current learning rate: 0.00327
2026-05-30 04:47:19.356814: train_loss -0.8451
2026-05-30 04:47:19.357163: val_loss -0.8564
2026-05-30 04:47:19.357664: Pseudo dice [np.float32(0.9634)]
2026-05-30 04:47:19.357804: Epoch time: 31.83 s
2026-05-30 04:47:20.789638: 
2026-05-30 04:47:20.789884: Epoch 712
2026-05-30 04:47:20.790055: Current learning rate: 0.00326
2026-05-30 04:47:52.594079: train_loss -0.8541
2026-05-30 04:47:52.594356: val_loss -0.8218
2026-05-30 04:47:52.594450: Pseudo dice [np.float32(0.9537)]
2026-05-30 04:47:52.594562: Epoch time: 31.81 s
2026-05-30 04:47:54.403142: 
2026-05-30 04:47:54.403465: Epoch 713
2026-05-30 04:47:54.403650: Current learning rate: 0.00325
2026-05-30 04:48:26.274995: train_loss -0.8452
2026-05-30 04:48:26.275312: val_loss -0.8009
2026-05-30 04:48:26.275404: Pseudo dice [np.float32(0.9442)]
2026-05-30 04:48:26.275545: Epoch time: 31.87 s
2026-05-30 04:48:27.639227: 
2026-05-30 04:48:27.639557: Epoch 714
2026-05-30 04:48:27.639676: Current learning rate: 0.00324
2026-05-30 04:48:59.433426: train_loss -0.8501
2026-05-30 04:48:59.433663: val_loss -0.7535
2026-05-30 04:48:59.433753: Pseudo dice [np.float32(0.9343)]
2026-05-30 04:48:59.433883: Epoch time: 31.8 s
2026-05-30 04:49:00.829527: 
2026-05-30 04:49:00.829825: Epoch 715
2026-05-30 04:49:00.829989: Current learning rate: 0.00323
2026-05-30 04:49:32.686959: train_loss -0.8374
2026-05-30 04:49:32.687374: val_loss -0.7918
2026-05-30 04:49:32.687512: Pseudo dice [np.float32(0.9354)]
2026-05-30 04:49:32.687649: Epoch time: 31.86 s
2026-05-30 04:49:34.114708: 
2026-05-30 04:49:34.115024: Epoch 716
2026-05-30 04:49:34.115171: Current learning rate: 0.00322
2026-05-30 04:50:05.930376: train_loss -0.8383
2026-05-30 04:50:05.930680: val_loss -0.7331
2026-05-30 04:50:05.930791: Pseudo dice [np.float32(0.9228)]
2026-05-30 04:50:05.930908: Epoch time: 31.82 s
2026-05-30 04:50:07.324130: 
2026-05-30 04:50:07.324434: Epoch 717
2026-05-30 04:50:07.324591: Current learning rate: 0.00321
2026-05-30 04:50:39.186542: train_loss -0.8115
2026-05-30 04:50:39.186944: val_loss -0.8256
2026-05-30 04:50:39.187065: Pseudo dice [np.float32(0.9466)]
2026-05-30 04:50:39.187204: Epoch time: 31.86 s
2026-05-30 04:50:40.576901: 
2026-05-30 04:50:40.577203: Epoch 718
2026-05-30 04:50:40.577358: Current learning rate: 0.0032
2026-05-30 04:51:12.391050: train_loss -0.8405
2026-05-30 04:51:12.391344: val_loss -0.8698
2026-05-30 04:51:12.391427: Pseudo dice [np.float32(0.9611)]
2026-05-30 04:51:12.391542: Epoch time: 31.82 s
2026-05-30 04:51:13.791431: 
2026-05-30 04:51:13.791714: Epoch 719
2026-05-30 04:51:13.791873: Current learning rate: 0.00319
2026-05-30 04:51:45.578338: train_loss -0.843
2026-05-30 04:51:45.578579: val_loss -0.7966
2026-05-30 04:51:45.578705: Pseudo dice [np.float32(0.9482)]
2026-05-30 04:51:45.578848: Epoch time: 31.79 s
2026-05-30 04:51:46.966415: 
2026-05-30 04:51:46.966698: Epoch 720
2026-05-30 04:51:46.966814: Current learning rate: 0.00318
2026-05-30 04:52:18.764666: train_loss -0.8383
2026-05-30 04:52:18.764998: val_loss -0.8291
2026-05-30 04:52:18.765091: Pseudo dice [np.float32(0.9513)]
2026-05-30 04:52:18.765219: Epoch time: 31.8 s
2026-05-30 04:52:20.141767: 
2026-05-30 04:52:20.142051: Epoch 721
2026-05-30 04:52:20.142217: Current learning rate: 0.00317
2026-05-30 04:52:51.957870: train_loss -0.8625
2026-05-30 04:52:51.958251: val_loss -0.8186
2026-05-30 04:52:51.958340: Pseudo dice [np.float32(0.9545)]
2026-05-30 04:52:51.958455: Epoch time: 31.82 s
2026-05-30 04:52:53.343168: 
2026-05-30 04:52:53.343429: Epoch 722
2026-05-30 04:52:53.343559: Current learning rate: 0.00316
2026-05-30 04:53:25.100529: train_loss -0.8456
2026-05-30 04:53:25.100852: val_loss -0.8378
2026-05-30 04:53:25.101032: Pseudo dice [np.float32(0.9585)]
2026-05-30 04:53:25.101166: Epoch time: 31.76 s
2026-05-30 04:53:26.502806: 
2026-05-30 04:53:26.503100: Epoch 723
2026-05-30 04:53:26.503231: Current learning rate: 0.00315
2026-05-30 04:53:58.322508: train_loss -0.803
2026-05-30 04:53:58.322935: val_loss -0.7924
2026-05-30 04:53:58.323054: Pseudo dice [np.float32(0.9403)]
2026-05-30 04:53:58.323186: Epoch time: 31.82 s
2026-05-30 04:53:59.738807: 
2026-05-30 04:53:59.739097: Epoch 724
2026-05-30 04:53:59.739252: Current learning rate: 0.00314
2026-05-30 04:54:31.961303: train_loss -0.8196
2026-05-30 04:54:31.961530: val_loss -0.8015
2026-05-30 04:54:31.961675: Pseudo dice [np.float32(0.9468)]
2026-05-30 04:54:31.961795: Epoch time: 32.22 s
2026-05-30 04:54:33.399094: 
2026-05-30 04:54:33.399425: Epoch 725
2026-05-30 04:54:33.399588: Current learning rate: 0.00313
2026-05-30 04:55:05.208714: train_loss -0.8194
2026-05-30 04:55:05.209135: val_loss -0.7716
2026-05-30 04:55:05.209233: Pseudo dice [np.float32(0.9275)]
2026-05-30 04:55:05.209391: Epoch time: 31.81 s
2026-05-30 04:55:06.609623: 
2026-05-30 04:55:06.609945: Epoch 726
2026-05-30 04:55:06.610103: Current learning rate: 0.00312
2026-05-30 04:55:38.469771: train_loss -0.8382
2026-05-30 04:55:38.470226: val_loss -0.6348
2026-05-30 04:55:38.470351: Pseudo dice [np.float32(0.914)]
2026-05-30 04:55:38.470475: Epoch time: 31.86 s
2026-05-30 04:55:39.880885: 
2026-05-30 04:55:39.881210: Epoch 727
2026-05-30 04:55:39.881362: Current learning rate: 0.00311
2026-05-30 04:56:11.660323: train_loss -0.8376
2026-05-30 04:56:11.660789: val_loss -0.8415
2026-05-30 04:56:11.660891: Pseudo dice [np.float32(0.957)]
2026-05-30 04:56:11.661039: Epoch time: 31.78 s
2026-05-30 04:56:13.054043: 
2026-05-30 04:56:13.054317: Epoch 728
2026-05-30 04:56:13.054482: Current learning rate: 0.0031
2026-05-30 04:56:44.867861: train_loss -0.8151
2026-05-30 04:56:44.868159: val_loss -0.7976
2026-05-30 04:56:44.868257: Pseudo dice [np.float32(0.9371)]
2026-05-30 04:56:44.868374: Epoch time: 31.82 s
2026-05-30 04:56:46.293095: 
2026-05-30 04:56:46.293400: Epoch 729
2026-05-30 04:56:46.293532: Current learning rate: 0.00309
2026-05-30 04:57:18.158087: train_loss -0.8026
2026-05-30 04:57:18.158441: val_loss -0.7947
2026-05-30 04:57:18.158550: Pseudo dice [np.float32(0.9369)]
2026-05-30 04:57:18.158683: Epoch time: 31.87 s
2026-05-30 04:57:19.561196: 
2026-05-30 04:57:19.561503: Epoch 730
2026-05-30 04:57:19.561641: Current learning rate: 0.00308
2026-05-30 04:57:51.374202: train_loss -0.8596
2026-05-30 04:57:51.374539: val_loss -0.7675
2026-05-30 04:57:51.374631: Pseudo dice [np.float32(0.9284)]
2026-05-30 04:57:51.374812: Epoch time: 31.81 s
2026-05-30 04:57:52.770357: 
2026-05-30 04:57:52.770672: Epoch 731
2026-05-30 04:57:52.770796: Current learning rate: 0.00307
2026-05-30 04:58:24.569971: train_loss -0.8327
2026-05-30 04:58:24.570201: val_loss -0.848
2026-05-30 04:58:24.570296: Pseudo dice [np.float32(0.9583)]
2026-05-30 04:58:24.570502: Epoch time: 31.8 s
2026-05-30 04:58:25.996617: 
2026-05-30 04:58:25.996930: Epoch 732
2026-05-30 04:58:25.997084: Current learning rate: 0.00306
2026-05-30 04:58:57.803252: train_loss -0.8323
2026-05-30 04:58:57.803534: val_loss -0.8201
2026-05-30 04:58:57.803647: Pseudo dice [np.float32(0.9528)]
2026-05-30 04:58:57.803769: Epoch time: 31.81 s
2026-05-30 04:58:59.195593: 
2026-05-30 04:58:59.195802: Epoch 733
2026-05-30 04:58:59.196023: Current learning rate: 0.00305
2026-05-30 04:59:31.000916: train_loss -0.8496
2026-05-30 04:59:31.001200: val_loss -0.8708
2026-05-30 04:59:31.001290: Pseudo dice [np.float32(0.9643)]
2026-05-30 04:59:31.001430: Epoch time: 31.81 s
2026-05-30 04:59:32.412486: 
2026-05-30 04:59:32.412769: Epoch 734
2026-05-30 04:59:32.412921: Current learning rate: 0.00304
2026-05-30 05:00:04.253388: train_loss -0.8702
2026-05-30 05:00:04.253731: val_loss -0.8604
2026-05-30 05:00:04.253826: Pseudo dice [np.float32(0.9598)]
2026-05-30 05:00:04.253981: Epoch time: 31.84 s
2026-05-30 05:00:06.116796: 
2026-05-30 05:00:06.117117: Epoch 735
2026-05-30 05:00:06.117243: Current learning rate: 0.00303
2026-05-30 05:00:37.952113: train_loss -0.8167
2026-05-30 05:00:37.952482: val_loss -0.792
2026-05-30 05:00:37.952613: Pseudo dice [np.float32(0.9387)]
2026-05-30 05:00:37.952747: Epoch time: 31.84 s
2026-05-30 05:00:39.366771: 
2026-05-30 05:00:39.367052: Epoch 736
2026-05-30 05:00:39.367175: Current learning rate: 0.00302
2026-05-30 05:01:11.121936: train_loss -0.8603
2026-05-30 05:01:11.122384: val_loss -0.8363
2026-05-30 05:01:11.123010: Pseudo dice [np.float32(0.9556)]
2026-05-30 05:01:11.123170: Epoch time: 31.76 s
2026-05-30 05:01:12.501587: 
2026-05-30 05:01:12.501885: Epoch 737
2026-05-30 05:01:12.502017: Current learning rate: 0.00301
2026-05-30 05:01:44.290656: train_loss -0.8661
2026-05-30 05:01:44.290998: val_loss -0.8451
2026-05-30 05:01:44.291183: Pseudo dice [np.float32(0.9598)]
2026-05-30 05:01:44.291327: Epoch time: 31.79 s
2026-05-30 05:01:45.698886: 
2026-05-30 05:01:45.699223: Epoch 738
2026-05-30 05:01:45.699345: Current learning rate: 0.003
2026-05-30 05:02:17.558824: train_loss -0.8541
2026-05-30 05:02:17.559110: val_loss -0.7989
2026-05-30 05:02:17.559225: Pseudo dice [np.float32(0.9401)]
2026-05-30 05:02:17.559436: Epoch time: 31.86 s
2026-05-30 05:02:18.988209: 
2026-05-30 05:02:18.988562: Epoch 739
2026-05-30 05:02:18.988703: Current learning rate: 0.00299
2026-05-30 05:02:50.833088: train_loss -0.8299
2026-05-30 05:02:50.833388: val_loss -0.8444
2026-05-30 05:02:50.833487: Pseudo dice [np.float32(0.9552)]
2026-05-30 05:02:50.833616: Epoch time: 31.85 s
2026-05-30 05:02:52.249432: 
2026-05-30 05:02:52.249704: Epoch 740
2026-05-30 05:02:52.249860: Current learning rate: 0.00297
2026-05-30 05:03:24.058355: train_loss -0.8649
2026-05-30 05:03:24.058680: val_loss -0.8244
2026-05-30 05:03:24.058784: Pseudo dice [np.float32(0.9563)]
2026-05-30 05:03:24.058921: Epoch time: 31.81 s
2026-05-30 05:03:25.485594: 
2026-05-30 05:03:25.485947: Epoch 741
2026-05-30 05:03:25.486080: Current learning rate: 0.00296
2026-05-30 05:03:57.313439: train_loss -0.8724
2026-05-30 05:03:57.313820: val_loss -0.7994
2026-05-30 05:03:57.313936: Pseudo dice [np.float32(0.9551)]
2026-05-30 05:03:57.314050: Epoch time: 31.83 s
2026-05-30 05:03:57.314133: Yayy! New best EMA pseudo Dice: 0.9498000144958496
2026-05-30 05:04:00.342860: 
2026-05-30 05:04:00.343111: Epoch 742
2026-05-30 05:04:00.343292: Current learning rate: 0.00295
2026-05-30 05:04:32.196352: train_loss -0.8565
2026-05-30 05:04:32.196678: val_loss -0.7882
2026-05-30 05:04:32.196789: Pseudo dice [np.float32(0.9365)]
2026-05-30 05:04:32.196902: Epoch time: 31.86 s
2026-05-30 05:04:33.590472: 
2026-05-30 05:04:33.590757: Epoch 743
2026-05-30 05:04:33.590924: Current learning rate: 0.00294
2026-05-30 05:05:05.439618: train_loss -0.8543
2026-05-30 05:05:05.439942: val_loss -0.7212
2026-05-30 05:05:05.440031: Pseudo dice [np.float32(0.9245)]
2026-05-30 05:05:05.440150: Epoch time: 31.85 s
2026-05-30 05:05:06.844467: 
2026-05-30 05:05:06.844698: Epoch 744
2026-05-30 05:05:06.844849: Current learning rate: 0.00293
2026-05-30 05:05:38.739877: train_loss -0.8407
2026-05-30 05:05:38.740136: val_loss -0.7988
2026-05-30 05:05:38.740218: Pseudo dice [np.float32(0.9434)]
2026-05-30 05:05:38.740328: Epoch time: 31.9 s
2026-05-30 05:05:40.151126: 
2026-05-30 05:05:40.151421: Epoch 745
2026-05-30 05:05:40.151552: Current learning rate: 0.00292
2026-05-30 05:06:12.089767: train_loss -0.8611
2026-05-30 05:06:12.090074: val_loss -0.8207
2026-05-30 05:06:12.090162: Pseudo dice [np.float32(0.9561)]
2026-05-30 05:06:12.090289: Epoch time: 31.94 s
2026-05-30 05:06:13.915982: 
2026-05-30 05:06:13.916255: Epoch 746
2026-05-30 05:06:13.916420: Current learning rate: 0.00291
2026-05-30 05:06:45.730290: train_loss -0.8656
2026-05-30 05:06:45.730700: val_loss -0.7811
2026-05-30 05:06:45.730788: Pseudo dice [np.float32(0.9425)]
2026-05-30 05:06:45.730912: Epoch time: 31.82 s
2026-05-30 05:06:47.136570: 
2026-05-30 05:06:47.136874: Epoch 747
2026-05-30 05:06:47.137024: Current learning rate: 0.0029
2026-05-30 05:07:18.962313: train_loss -0.8491
2026-05-30 05:07:18.962670: val_loss -0.8882
2026-05-30 05:07:18.962759: Pseudo dice [np.float32(0.9695)]
2026-05-30 05:07:18.962888: Epoch time: 31.83 s
2026-05-30 05:07:20.354759: 
2026-05-30 05:07:20.355073: Epoch 748
2026-05-30 05:07:20.355220: Current learning rate: 0.00289
2026-05-30 05:07:52.200382: train_loss -0.8555
2026-05-30 05:07:52.200815: val_loss -0.849
2026-05-30 05:07:52.200909: Pseudo dice [np.float32(0.961)]
2026-05-30 05:07:52.201081: Epoch time: 31.85 s
2026-05-30 05:07:52.201173: Yayy! New best EMA pseudo Dice: 0.9498999714851379
2026-05-30 05:07:55.261598: 
2026-05-30 05:07:55.261865: Epoch 749
2026-05-30 05:07:55.262019: Current learning rate: 0.00288
2026-05-30 05:08:27.150586: train_loss -0.8594
2026-05-30 05:08:27.150985: val_loss -0.8498
2026-05-30 05:08:27.151108: Pseudo dice [np.float32(0.9559)]
2026-05-30 05:08:27.151277: Epoch time: 31.89 s
2026-05-30 05:08:28.778815: Yayy! New best EMA pseudo Dice: 0.9505000114440918
2026-05-30 05:08:31.860599: 
2026-05-30 05:08:31.860875: Epoch 750
2026-05-30 05:08:31.861017: Current learning rate: 0.00287
2026-05-30 05:09:03.680482: train_loss -0.8525
2026-05-30 05:09:03.680799: val_loss -0.8498
2026-05-30 05:09:03.680885: Pseudo dice [np.float32(0.9555)]
2026-05-30 05:09:03.681030: Epoch time: 31.82 s
2026-05-30 05:09:03.681123: Yayy! New best EMA pseudo Dice: 0.9509999752044678
2026-05-30 05:09:06.201913: 
2026-05-30 05:09:06.202250: Epoch 751
2026-05-30 05:09:06.202372: Current learning rate: 0.00286
2026-05-30 05:09:38.071892: train_loss -0.863
2026-05-30 05:09:38.072175: val_loss -0.8001
2026-05-30 05:09:38.072265: Pseudo dice [np.float32(0.9502)]
2026-05-30 05:09:38.072493: Epoch time: 31.87 s
2026-05-30 05:09:39.461217: 
2026-05-30 05:09:39.461522: Epoch 752
2026-05-30 05:09:39.461663: Current learning rate: 0.00285
2026-05-30 05:10:11.254660: train_loss -0.8492
2026-05-30 05:10:11.254906: val_loss -0.8227
2026-05-30 05:10:11.254990: Pseudo dice [np.float32(0.9503)]
2026-05-30 05:10:11.255108: Epoch time: 31.8 s
2026-05-30 05:10:12.671328: 
2026-05-30 05:10:12.671613: Epoch 753
2026-05-30 05:10:12.671735: Current learning rate: 0.00284
2026-05-30 05:10:44.526862: train_loss -0.8475
2026-05-30 05:10:44.527286: val_loss -0.8476
2026-05-30 05:10:44.527390: Pseudo dice [np.float32(0.9582)]
2026-05-30 05:10:44.527510: Epoch time: 31.86 s
2026-05-30 05:10:44.527594: Yayy! New best EMA pseudo Dice: 0.9516000151634216
2026-05-30 05:10:47.707261: 
2026-05-30 05:10:47.707570: Epoch 754
2026-05-30 05:10:47.707702: Current learning rate: 0.00283
2026-05-30 05:11:19.528310: train_loss -0.8457
2026-05-30 05:11:19.528549: val_loss -0.7519
2026-05-30 05:11:19.528634: Pseudo dice [np.float32(0.9351)]
2026-05-30 05:11:19.528752: Epoch time: 31.82 s
2026-05-30 05:11:20.936769: 
2026-05-30 05:11:20.937087: Epoch 755
2026-05-30 05:11:20.937236: Current learning rate: 0.00282
2026-05-30 05:11:52.754659: train_loss -0.8601
2026-05-30 05:11:52.755057: val_loss -0.8087
2026-05-30 05:11:52.755173: Pseudo dice [np.float32(0.9465)]
2026-05-30 05:11:52.755305: Epoch time: 31.82 s
2026-05-30 05:11:54.618850: 
2026-05-30 05:11:54.619135: Epoch 756
2026-05-30 05:11:54.619281: Current learning rate: 0.00281
2026-05-30 05:12:26.551432: train_loss -0.8875
2026-05-30 05:12:26.551758: val_loss -0.8744
2026-05-30 05:12:26.551842: Pseudo dice [np.float32(0.963)]
2026-05-30 05:12:26.551950: Epoch time: 31.93 s
2026-05-30 05:12:27.937056: 
2026-05-30 05:12:27.937324: Epoch 757
2026-05-30 05:12:27.937466: Current learning rate: 0.0028
2026-05-30 05:12:59.814464: train_loss -0.8611
2026-05-30 05:12:59.814793: val_loss -0.866
2026-05-30 05:12:59.814885: Pseudo dice [np.float32(0.9617)]
2026-05-30 05:12:59.815016: Epoch time: 31.88 s
2026-05-30 05:12:59.815122: Yayy! New best EMA pseudo Dice: 0.9520000219345093
2026-05-30 05:13:02.849970: 
2026-05-30 05:13:02.850302: Epoch 758
2026-05-30 05:13:02.850429: Current learning rate: 0.00279
2026-05-30 05:13:34.696735: train_loss -0.8659
2026-05-30 05:13:34.697091: val_loss -0.7822
2026-05-30 05:13:34.697198: Pseudo dice [np.float32(0.9457)]
2026-05-30 05:13:34.697404: Epoch time: 31.85 s
2026-05-30 05:13:36.100237: 
2026-05-30 05:13:36.100586: Epoch 759
2026-05-30 05:13:36.100728: Current learning rate: 0.00278
2026-05-30 05:14:07.961231: train_loss -0.8443
2026-05-30 05:14:07.961545: val_loss -0.804
2026-05-30 05:14:07.961736: Pseudo dice [np.float32(0.9394)]
2026-05-30 05:14:07.961879: Epoch time: 31.86 s
2026-05-30 05:14:09.405022: 
2026-05-30 05:14:09.405292: Epoch 760
2026-05-30 05:14:09.405413: Current learning rate: 0.00277
2026-05-30 05:14:41.172820: train_loss -0.8309
2026-05-30 05:14:41.173100: val_loss -0.8529
2026-05-30 05:14:41.173272: Pseudo dice [np.float32(0.9589)]
2026-05-30 05:14:41.173410: Epoch time: 31.77 s
2026-05-30 05:14:42.575798: 
2026-05-30 05:14:42.576124: Epoch 761
2026-05-30 05:14:42.576284: Current learning rate: 0.00276
2026-05-30 05:15:14.469720: train_loss -0.8472
2026-05-30 05:15:14.470057: val_loss -0.8197
2026-05-30 05:15:14.470319: Pseudo dice [np.float32(0.9506)]
2026-05-30 05:15:14.470450: Epoch time: 31.9 s
2026-05-30 05:15:15.900492: 
2026-05-30 05:15:15.900803: Epoch 762
2026-05-30 05:15:15.900919: Current learning rate: 0.00275
2026-05-30 05:15:48.005382: train_loss -0.8087
2026-05-30 05:15:48.005637: val_loss -0.8309
2026-05-30 05:15:48.005790: Pseudo dice [np.float32(0.9478)]
2026-05-30 05:15:48.005935: Epoch time: 32.11 s
2026-05-30 05:15:49.398798: 
2026-05-30 05:15:49.399050: Epoch 763
2026-05-30 05:15:49.399197: Current learning rate: 0.00274
2026-05-30 05:16:21.239205: train_loss -0.8475
2026-05-30 05:16:21.239439: val_loss -0.8251
2026-05-30 05:16:21.239520: Pseudo dice [np.float32(0.9476)]
2026-05-30 05:16:21.239631: Epoch time: 31.84 s
2026-05-30 05:16:22.620718: 
2026-05-30 05:16:22.620969: Epoch 764
2026-05-30 05:16:22.621173: Current learning rate: 0.00273
2026-05-30 05:16:54.459857: train_loss -0.8376
2026-05-30 05:16:54.460192: val_loss -0.7989
2026-05-30 05:16:54.460285: Pseudo dice [np.float32(0.945)]
2026-05-30 05:16:54.460429: Epoch time: 31.84 s
2026-05-30 05:16:55.872298: 
2026-05-30 05:16:55.872617: Epoch 765
2026-05-30 05:16:55.872750: Current learning rate: 0.00272
2026-05-30 05:17:27.710225: train_loss -0.8523
2026-05-30 05:17:27.710559: val_loss -0.8338
2026-05-30 05:17:27.710677: Pseudo dice [np.float32(0.9481)]
2026-05-30 05:17:27.710813: Epoch time: 31.84 s
2026-05-30 05:17:29.133333: 
2026-05-30 05:17:29.133638: Epoch 766
2026-05-30 05:17:29.133782: Current learning rate: 0.00271
2026-05-30 05:18:00.953337: train_loss -0.8567
2026-05-30 05:18:00.953702: val_loss -0.8592
2026-05-30 05:18:00.953811: Pseudo dice [np.float32(0.9607)]
2026-05-30 05:18:00.953931: Epoch time: 31.82 s
2026-05-30 05:18:02.818478: 
2026-05-30 05:18:02.818799: Epoch 767
2026-05-30 05:18:02.818919: Current learning rate: 0.0027
2026-05-30 05:18:34.640624: train_loss -0.8208
2026-05-30 05:18:34.640906: val_loss -0.8081
2026-05-30 05:18:34.641011: Pseudo dice [np.float32(0.9387)]
2026-05-30 05:18:34.641138: Epoch time: 31.82 s
2026-05-30 05:18:36.051074: 
2026-05-30 05:18:36.051376: Epoch 768
2026-05-30 05:18:36.051500: Current learning rate: 0.00268
2026-05-30 05:19:07.848539: train_loss -0.8613
2026-05-30 05:19:07.848838: val_loss -0.7495
2026-05-30 05:19:07.848932: Pseudo dice [np.float32(0.9374)]
2026-05-30 05:19:07.849176: Epoch time: 31.8 s
2026-05-30 05:19:09.250137: 
2026-05-30 05:19:09.250442: Epoch 769
2026-05-30 05:19:09.250611: Current learning rate: 0.00267
2026-05-30 05:19:41.083502: train_loss -0.8317
2026-05-30 05:19:41.083915: val_loss -0.7806
2026-05-30 05:19:41.084012: Pseudo dice [np.float32(0.9317)]
2026-05-30 05:19:41.084159: Epoch time: 31.84 s
2026-05-30 05:19:42.476144: 
2026-05-30 05:19:42.476461: Epoch 770
2026-05-30 05:19:42.476653: Current learning rate: 0.00266
2026-05-30 05:20:14.315697: train_loss -0.8259
2026-05-30 05:20:14.316100: val_loss -0.8132
2026-05-30 05:20:14.316215: Pseudo dice [np.float32(0.9461)]
2026-05-30 05:20:14.316353: Epoch time: 31.84 s
2026-05-30 05:20:15.763105: 
2026-05-30 05:20:15.763412: Epoch 771
2026-05-30 05:20:15.763546: Current learning rate: 0.00265
2026-05-30 05:20:47.580403: train_loss -0.8226
2026-05-30 05:20:47.580777: val_loss -0.8687
2026-05-30 05:20:47.580868: Pseudo dice [np.float32(0.9629)]
2026-05-30 05:20:47.581029: Epoch time: 31.82 s
2026-05-30 05:20:48.992452: 
2026-05-30 05:20:48.992749: Epoch 772
2026-05-30 05:20:48.992911: Current learning rate: 0.00264
2026-05-30 05:21:20.755507: train_loss -0.8515
2026-05-30 05:21:20.755739: val_loss -0.7126
2026-05-30 05:21:20.755821: Pseudo dice [np.float32(0.9239)]
2026-05-30 05:21:20.755933: Epoch time: 31.77 s
2026-05-30 05:21:22.150967: 
2026-05-30 05:21:22.151267: Epoch 773
2026-05-30 05:21:22.151422: Current learning rate: 0.00263
2026-05-30 05:21:53.945515: train_loss -0.8359
2026-05-30 05:21:53.945811: val_loss -0.8619
2026-05-30 05:21:53.945915: Pseudo dice [np.float32(0.9644)]
2026-05-30 05:21:53.946032: Epoch time: 31.8 s
2026-05-30 05:21:55.356270: 
2026-05-30 05:21:55.356577: Epoch 774
2026-05-30 05:21:55.356745: Current learning rate: 0.00262
2026-05-30 05:22:27.159255: train_loss -0.8348
2026-05-30 05:22:27.159670: val_loss -0.7869
2026-05-30 05:22:27.159769: Pseudo dice [np.float32(0.9409)]
2026-05-30 05:22:27.159906: Epoch time: 31.8 s
2026-05-30 05:22:28.592537: 
2026-05-30 05:22:28.592819: Epoch 775
2026-05-30 05:22:28.592960: Current learning rate: 0.00261
2026-05-30 05:23:00.366041: train_loss -0.8323
2026-05-30 05:23:00.366333: val_loss -0.7606
2026-05-30 05:23:00.366422: Pseudo dice [np.float32(0.9309)]
2026-05-30 05:23:00.366546: Epoch time: 31.78 s
2026-05-30 05:23:01.775213: 
2026-05-30 05:23:01.775407: Epoch 776
2026-05-30 05:23:01.775606: Current learning rate: 0.0026
2026-05-30 05:23:33.657857: train_loss -0.8601
2026-05-30 05:23:33.658263: val_loss -0.8132
2026-05-30 05:23:33.658368: Pseudo dice [np.float32(0.9535)]
2026-05-30 05:23:33.658510: Epoch time: 31.88 s
2026-05-30 05:23:35.126427: 
2026-05-30 05:23:35.126710: Epoch 777
2026-05-30 05:23:35.126844: Current learning rate: 0.00259
2026-05-30 05:24:07.023688: train_loss -0.8518
2026-05-30 05:24:07.023987: val_loss -0.8816
2026-05-30 05:24:07.024079: Pseudo dice [np.float32(0.9652)]
2026-05-30 05:24:07.024232: Epoch time: 31.9 s
2026-05-30 05:24:09.069760: 
2026-05-30 05:24:09.070049: Epoch 778
2026-05-30 05:24:09.070213: Current learning rate: 0.00258
2026-05-30 05:24:40.810947: train_loss -0.835
2026-05-30 05:24:40.811212: val_loss -0.8835
2026-05-30 05:24:40.811301: Pseudo dice [np.float32(0.9672)]
2026-05-30 05:24:40.811412: Epoch time: 31.74 s
2026-05-30 05:24:42.208425: 
2026-05-30 05:24:42.208770: Epoch 779
2026-05-30 05:24:42.208906: Current learning rate: 0.00257
2026-05-30 05:25:13.961490: train_loss -0.8695
2026-05-30 05:25:13.961800: val_loss -0.8393
2026-05-30 05:25:13.961895: Pseudo dice [np.float32(0.9609)]
2026-05-30 05:25:13.962008: Epoch time: 31.75 s
2026-05-30 05:25:15.347628: 
2026-05-30 05:25:15.347973: Epoch 780
2026-05-30 05:25:15.348104: Current learning rate: 0.00256
2026-05-30 05:25:47.181564: train_loss -0.8632
2026-05-30 05:25:47.181922: val_loss -0.8595
2026-05-30 05:25:47.182036: Pseudo dice [np.float32(0.9603)]
2026-05-30 05:25:47.182161: Epoch time: 31.84 s
2026-05-30 05:25:48.596845: 
2026-05-30 05:25:48.597176: Epoch 781
2026-05-30 05:25:48.597312: Current learning rate: 0.00255
2026-05-30 05:26:20.409998: train_loss -0.8468
2026-05-30 05:26:20.410252: val_loss -0.7935
2026-05-30 05:26:20.410356: Pseudo dice [np.float32(0.9418)]
2026-05-30 05:26:20.410486: Epoch time: 31.82 s
2026-05-30 05:26:21.835234: 
2026-05-30 05:26:21.835550: Epoch 782
2026-05-30 05:26:21.835669: Current learning rate: 0.00254
2026-05-30 05:26:53.662465: train_loss -0.8619
2026-05-30 05:26:53.662777: val_loss -0.8591
2026-05-30 05:26:53.662927: Pseudo dice [np.float32(0.9596)]
2026-05-30 05:26:53.663059: Epoch time: 31.83 s
2026-05-30 05:26:55.082184: 
2026-05-30 05:26:55.082451: Epoch 783
2026-05-30 05:26:55.082604: Current learning rate: 0.00253
2026-05-30 05:27:26.900103: train_loss -0.8572
2026-05-30 05:27:26.900355: val_loss -0.8606
2026-05-30 05:27:26.900486: Pseudo dice [np.float32(0.9599)]
2026-05-30 05:27:26.900724: Epoch time: 31.82 s
2026-05-30 05:27:26.900817: Yayy! New best EMA pseudo Dice: 0.9527000188827515
2026-05-30 05:27:29.971586: 
2026-05-30 05:27:29.971846: Epoch 784
2026-05-30 05:27:29.972022: Current learning rate: 0.00252
2026-05-30 05:28:01.791312: train_loss -0.8411
2026-05-30 05:28:01.791615: val_loss -0.8594
2026-05-30 05:28:01.791778: Pseudo dice [np.float32(0.9628)]
2026-05-30 05:28:01.791905: Epoch time: 31.82 s
2026-05-30 05:28:01.792002: Yayy! New best EMA pseudo Dice: 0.9537000060081482
2026-05-30 05:28:04.967645: 
2026-05-30 05:28:04.967956: Epoch 785
2026-05-30 05:28:04.968103: Current learning rate: 0.00251
2026-05-30 05:28:36.782689: train_loss -0.8288
2026-05-30 05:28:36.783020: val_loss -0.8617
2026-05-30 05:28:36.783122: Pseudo dice [np.float32(0.956)]
2026-05-30 05:28:36.783237: Epoch time: 31.82 s
2026-05-30 05:28:36.783319: Yayy! New best EMA pseudo Dice: 0.9538999795913696
2026-05-30 05:28:39.861185: 
2026-05-30 05:28:39.861450: Epoch 786
2026-05-30 05:28:39.861588: Current learning rate: 0.0025
2026-05-30 05:29:11.703799: train_loss -0.8567
2026-05-30 05:29:11.704165: val_loss -0.8635
2026-05-30 05:29:11.704308: Pseudo dice [np.float32(0.9601)]
2026-05-30 05:29:11.704443: Epoch time: 31.84 s
2026-05-30 05:29:11.704531: Yayy! New best EMA pseudo Dice: 0.9545000195503235
2026-05-30 05:29:14.753153: 
2026-05-30 05:29:14.753435: Epoch 787
2026-05-30 05:29:14.753555: Current learning rate: 0.00249
2026-05-30 05:29:46.546252: train_loss -0.864
2026-05-30 05:29:46.546512: val_loss -0.8302
2026-05-30 05:29:46.546596: Pseudo dice [np.float32(0.9492)]
2026-05-30 05:29:46.546721: Epoch time: 31.8 s
2026-05-30 05:29:48.368788: 
2026-05-30 05:29:48.369095: Epoch 788
2026-05-30 05:29:48.369230: Current learning rate: 0.00248
2026-05-30 05:30:20.170333: train_loss -0.8739
2026-05-30 05:30:20.170691: val_loss -0.8431
2026-05-30 05:30:20.170796: Pseudo dice [np.float32(0.9465)]
2026-05-30 05:30:20.170932: Epoch time: 31.8 s
2026-05-30 05:30:21.567521: 
2026-05-30 05:30:21.567824: Epoch 789
2026-05-30 05:30:21.567953: Current learning rate: 0.00247
2026-05-30 05:30:53.372899: train_loss -0.8564
2026-05-30 05:30:53.373258: val_loss -0.8638
2026-05-30 05:30:53.373374: Pseudo dice [np.float32(0.9657)]
2026-05-30 05:30:53.373516: Epoch time: 31.81 s
2026-05-30 05:30:54.851735: 
2026-05-30 05:30:54.852032: Epoch 790
2026-05-30 05:30:54.852165: Current learning rate: 0.00245
2026-05-30 05:31:26.695599: train_loss -0.868
2026-05-30 05:31:26.695832: val_loss -0.8449
2026-05-30 05:31:26.695992: Pseudo dice [np.float32(0.9636)]
2026-05-30 05:31:26.696107: Epoch time: 31.85 s
2026-05-30 05:31:26.696199: Yayy! New best EMA pseudo Dice: 0.9553999900817871
2026-05-30 05:31:29.714381: 
2026-05-30 05:31:29.714652: Epoch 791
2026-05-30 05:31:29.714804: Current learning rate: 0.00244
2026-05-30 05:32:01.591921: train_loss -0.8354
2026-05-30 05:32:01.592235: val_loss -0.8703
2026-05-30 05:32:01.592348: Pseudo dice [np.float32(0.9611)]
2026-05-30 05:32:01.592468: Epoch time: 31.88 s
2026-05-30 05:32:01.592573: Yayy! New best EMA pseudo Dice: 0.9559999704360962
2026-05-30 05:32:04.685944: 
2026-05-30 05:32:04.686291: Epoch 792
2026-05-30 05:32:04.686419: Current learning rate: 0.00243
2026-05-30 05:32:36.478414: train_loss -0.8332
2026-05-30 05:32:36.478750: val_loss -0.8069
2026-05-30 05:32:36.478848: Pseudo dice [np.float32(0.9437)]
2026-05-30 05:32:36.478962: Epoch time: 31.79 s
2026-05-30 05:32:37.865896: 
2026-05-30 05:32:37.866196: Epoch 793
2026-05-30 05:32:37.866340: Current learning rate: 0.00242
2026-05-30 05:33:09.666109: train_loss -0.8662
2026-05-30 05:33:09.666440: val_loss -0.8513
2026-05-30 05:33:09.666529: Pseudo dice [np.float32(0.9614)]
2026-05-30 05:33:09.666648: Epoch time: 31.8 s
2026-05-30 05:33:11.085275: 
2026-05-30 05:33:11.085615: Epoch 794
2026-05-30 05:33:11.085739: Current learning rate: 0.00241
2026-05-30 05:33:42.901472: train_loss -0.8544
2026-05-30 05:33:42.901786: val_loss -0.8743
2026-05-30 05:33:42.901880: Pseudo dice [np.float32(0.9622)]
2026-05-30 05:33:42.902033: Epoch time: 31.82 s
2026-05-30 05:33:42.902189: Yayy! New best EMA pseudo Dice: 0.9560999870300293
2026-05-30 05:33:46.108685: 
2026-05-30 05:33:46.109014: Epoch 795
2026-05-30 05:33:46.109141: Current learning rate: 0.0024
2026-05-30 05:34:17.938549: train_loss -0.869
2026-05-30 05:34:17.938978: val_loss -0.8909
2026-05-30 05:34:17.939217: Pseudo dice [np.float32(0.9686)]
2026-05-30 05:34:17.939477: Epoch time: 31.83 s
2026-05-30 05:34:17.939728: Yayy! New best EMA pseudo Dice: 0.9573000073432922
2026-05-30 05:34:21.046957: 
2026-05-30 05:34:21.047267: Epoch 796
2026-05-30 05:34:21.047411: Current learning rate: 0.00239
2026-05-30 05:34:52.800555: train_loss -0.8447
2026-05-30 05:34:52.800847: val_loss -0.8203
2026-05-30 05:34:52.800944: Pseudo dice [np.float32(0.9517)]
2026-05-30 05:34:52.801107: Epoch time: 31.76 s
2026-05-30 05:34:54.453506: 
2026-05-30 05:34:54.453794: Epoch 797
2026-05-30 05:34:54.453940: Current learning rate: 0.00238
2026-05-30 05:35:26.281456: train_loss -0.8646
2026-05-30 05:35:26.281868: val_loss -0.8447
2026-05-30 05:35:26.281969: Pseudo dice [np.float32(0.9614)]
2026-05-30 05:35:26.282085: Epoch time: 31.83 s
2026-05-30 05:35:28.113070: 
2026-05-30 05:35:28.113340: Epoch 798
2026-05-30 05:35:28.113475: Current learning rate: 0.00237
2026-05-30 05:35:59.918915: train_loss -0.866
2026-05-30 05:35:59.919186: val_loss -0.8857
2026-05-30 05:35:59.919287: Pseudo dice [np.float32(0.9693)]
2026-05-30 05:35:59.919403: Epoch time: 31.81 s
2026-05-30 05:35:59.919509: Yayy! New best EMA pseudo Dice: 0.9584000110626221
2026-05-30 05:36:03.004085: 
2026-05-30 05:36:03.004374: Epoch 799
2026-05-30 05:36:03.004541: Current learning rate: 0.00236
2026-05-30 05:36:34.853125: train_loss -0.8627
2026-05-30 05:36:34.853522: val_loss -0.8559
2026-05-30 05:36:34.853613: Pseudo dice [np.float32(0.9639)]
2026-05-30 05:36:34.853749: Epoch time: 31.85 s
2026-05-30 05:36:36.476209: Yayy! New best EMA pseudo Dice: 0.9589999914169312
2026-05-30 05:36:39.549039: 
2026-05-30 05:36:39.549373: Epoch 800
2026-05-30 05:36:39.549516: Current learning rate: 0.00235
2026-05-30 05:37:11.396723: train_loss -0.8516
2026-05-30 05:37:11.397119: val_loss -0.8231
2026-05-30 05:37:11.397216: Pseudo dice [np.float32(0.9499)]
2026-05-30 05:37:11.397337: Epoch time: 31.85 s
2026-05-30 05:37:12.810231: 
2026-05-30 05:37:12.810531: Epoch 801
2026-05-30 05:37:12.810685: Current learning rate: 0.00234
2026-05-30 05:37:44.622058: train_loss -0.8713
2026-05-30 05:37:44.622341: val_loss -0.7667
2026-05-30 05:37:44.622425: Pseudo dice [np.float32(0.94)]
2026-05-30 05:37:44.622549: Epoch time: 31.81 s
2026-05-30 05:37:46.081173: 
2026-05-30 05:37:46.081453: Epoch 802
2026-05-30 05:37:46.081602: Current learning rate: 0.00233
2026-05-30 05:38:17.937192: train_loss -0.8733
2026-05-30 05:38:17.937567: val_loss -0.8221
2026-05-30 05:38:17.937671: Pseudo dice [np.float32(0.946)]
2026-05-30 05:38:17.937816: Epoch time: 31.86 s
2026-05-30 05:38:19.373414: 
2026-05-30 05:38:19.373716: Epoch 803
2026-05-30 05:38:19.373843: Current learning rate: 0.00232
2026-05-30 05:38:51.227633: train_loss -0.8454
2026-05-30 05:38:51.228010: val_loss -0.8677
2026-05-30 05:38:51.228118: Pseudo dice [np.float32(0.9606)]
2026-05-30 05:38:51.228249: Epoch time: 31.86 s
2026-05-30 05:38:52.685182: 
2026-05-30 05:38:52.685453: Epoch 804
2026-05-30 05:38:52.685599: Current learning rate: 0.00231
2026-05-30 05:39:24.480678: train_loss -0.867
2026-05-30 05:39:24.481140: val_loss -0.8681
2026-05-30 05:39:24.481274: Pseudo dice [np.float32(0.9624)]
2026-05-30 05:39:24.481416: Epoch time: 31.8 s
2026-05-30 05:39:25.917342: 
2026-05-30 05:39:25.917591: Epoch 805
2026-05-30 05:39:25.917714: Current learning rate: 0.0023
2026-05-30 05:39:57.713831: train_loss -0.8428
2026-05-30 05:39:57.714170: val_loss -0.71
2026-05-30 05:39:57.714261: Pseudo dice [np.float32(0.9239)]
2026-05-30 05:39:57.714408: Epoch time: 31.8 s
2026-05-30 05:39:59.152103: 
2026-05-30 05:39:59.152355: Epoch 806
2026-05-30 05:39:59.152476: Current learning rate: 0.00229
2026-05-30 05:40:30.955377: train_loss -0.8675
2026-05-30 05:40:30.955745: val_loss -0.7505
2026-05-30 05:40:30.955915: Pseudo dice [np.float32(0.9266)]
2026-05-30 05:40:30.956059: Epoch time: 31.81 s
2026-05-30 05:40:32.401186: 
2026-05-30 05:40:32.401454: Epoch 807
2026-05-30 05:40:32.401609: Current learning rate: 0.00228
2026-05-30 05:41:04.164425: train_loss -0.8836
2026-05-30 05:41:04.164753: val_loss -0.8613
2026-05-30 05:41:04.164837: Pseudo dice [np.float32(0.9606)]
2026-05-30 05:41:04.164946: Epoch time: 31.77 s
2026-05-30 05:41:05.978306: 
2026-05-30 05:41:05.978616: Epoch 808
2026-05-30 05:41:05.978753: Current learning rate: 0.00226
2026-05-30 05:41:37.736902: train_loss -0.8755
2026-05-30 05:41:37.737220: val_loss -0.8737
2026-05-30 05:41:37.737314: Pseudo dice [np.float32(0.9647)]
2026-05-30 05:41:37.737461: Epoch time: 31.76 s
2026-05-30 05:41:39.171191: 
2026-05-30 05:41:39.171523: Epoch 809
2026-05-30 05:41:39.171655: Current learning rate: 0.00225
2026-05-30 05:42:10.968631: train_loss -0.8832
2026-05-30 05:42:10.968925: val_loss -0.8438
2026-05-30 05:42:10.969045: Pseudo dice [np.float32(0.9584)]
2026-05-30 05:42:10.969167: Epoch time: 31.8 s
2026-05-30 05:42:12.361076: 
2026-05-30 05:42:12.361383: Epoch 810
2026-05-30 05:42:12.361533: Current learning rate: 0.00224
2026-05-30 05:42:44.169452: train_loss -0.8959
2026-05-30 05:42:44.169697: val_loss -0.7998
2026-05-30 05:42:44.169867: Pseudo dice [np.float32(0.9473)]
2026-05-30 05:42:44.169982: Epoch time: 31.81 s
2026-05-30 05:42:45.593725: 
2026-05-30 05:42:45.593990: Epoch 811
2026-05-30 05:42:45.594111: Current learning rate: 0.00223
2026-05-30 05:43:17.441715: train_loss -0.8878
2026-05-30 05:43:17.442034: val_loss -0.9039
2026-05-30 05:43:17.442136: Pseudo dice [np.float32(0.9703)]
2026-05-30 05:43:17.442254: Epoch time: 31.85 s
2026-05-30 05:43:18.893932: 
2026-05-30 05:43:18.894249: Epoch 812
2026-05-30 05:43:18.894388: Current learning rate: 0.00222
2026-05-30 05:43:50.682745: train_loss -0.8769
2026-05-30 05:43:50.683056: val_loss -0.8801
2026-05-30 05:43:50.683141: Pseudo dice [np.float32(0.966)]
2026-05-30 05:43:50.683266: Epoch time: 31.79 s
2026-05-30 05:43:52.097455: 
2026-05-30 05:43:52.097775: Epoch 813
2026-05-30 05:43:52.097891: Current learning rate: 0.00221
2026-05-30 05:44:23.919562: train_loss -0.8758
2026-05-30 05:44:23.919842: val_loss -0.8352
2026-05-30 05:44:23.919927: Pseudo dice [np.float32(0.9498)]
2026-05-30 05:44:23.920042: Epoch time: 31.82 s
2026-05-30 05:44:25.330927: 
2026-05-30 05:44:25.331243: Epoch 814
2026-05-30 05:44:25.331399: Current learning rate: 0.0022
2026-05-30 05:44:57.175482: train_loss -0.8789
2026-05-30 05:44:57.175807: val_loss -0.8557
2026-05-30 05:44:57.175909: Pseudo dice [np.float32(0.964)]
2026-05-30 05:44:57.176041: Epoch time: 31.85 s
2026-05-30 05:44:58.594305: 
2026-05-30 05:44:58.594617: Epoch 815
2026-05-30 05:44:58.594764: Current learning rate: 0.00219
2026-05-30 05:45:30.397803: train_loss -0.8557
2026-05-30 05:45:30.398052: val_loss -0.8038
2026-05-30 05:45:30.398164: Pseudo dice [np.float32(0.945)]
2026-05-30 05:45:30.398307: Epoch time: 31.81 s
2026-05-30 05:45:31.836188: 
2026-05-30 05:45:31.836432: Epoch 816
2026-05-30 05:45:31.836670: Current learning rate: 0.00218
2026-05-30 05:46:03.611490: train_loss -0.8466
2026-05-30 05:46:03.611881: val_loss -0.8589
2026-05-30 05:46:03.612055: Pseudo dice [np.float32(0.9624)]
2026-05-30 05:46:03.612184: Epoch time: 31.78 s
2026-05-30 05:46:05.040147: 
2026-05-30 05:46:05.040453: Epoch 817
2026-05-30 05:46:05.040624: Current learning rate: 0.00217
2026-05-30 05:46:36.821923: train_loss -0.8837
2026-05-30 05:46:36.822159: val_loss -0.8207
2026-05-30 05:46:36.822242: Pseudo dice [np.float32(0.9497)]
2026-05-30 05:46:36.822358: Epoch time: 31.78 s
2026-05-30 05:46:38.243773: 
2026-05-30 05:46:38.244047: Epoch 818
2026-05-30 05:46:38.244207: Current learning rate: 0.00216
2026-05-30 05:47:10.032449: train_loss -0.8875
2026-05-30 05:47:10.032674: val_loss -0.8397
2026-05-30 05:47:10.032755: Pseudo dice [np.float32(0.953)]
2026-05-30 05:47:10.032866: Epoch time: 31.79 s
2026-05-30 05:47:11.851677: 
2026-05-30 05:47:11.851973: Epoch 819
2026-05-30 05:47:11.852096: Current learning rate: 0.00215
2026-05-30 05:47:43.658289: train_loss -0.8725
2026-05-30 05:47:43.658586: val_loss -0.8276
2026-05-30 05:47:43.662090: Pseudo dice [np.float32(0.9533)]
2026-05-30 05:47:43.662319: Epoch time: 31.81 s
2026-05-30 05:47:45.016583: 
2026-05-30 05:47:45.016894: Epoch 820
2026-05-30 05:47:45.017073: Current learning rate: 0.00214
2026-05-30 05:48:16.811473: train_loss -0.854
2026-05-30 05:48:16.811775: val_loss -0.8374
2026-05-30 05:48:16.811871: Pseudo dice [np.float32(0.9512)]
2026-05-30 05:48:16.811985: Epoch time: 31.8 s
2026-05-30 05:48:18.175339: 
2026-05-30 05:48:18.175624: Epoch 821
2026-05-30 05:48:18.175869: Current learning rate: 0.00213
2026-05-30 05:48:49.949206: train_loss -0.8837
2026-05-30 05:48:49.949535: val_loss -0.8692
2026-05-30 05:48:49.949630: Pseudo dice [np.float32(0.9659)]
2026-05-30 05:48:49.949746: Epoch time: 31.78 s
2026-05-30 05:48:51.314068: 
2026-05-30 05:48:51.314400: Epoch 822
2026-05-30 05:48:51.314536: Current learning rate: 0.00212
2026-05-30 05:49:23.104486: train_loss -0.8661
2026-05-30 05:49:23.104969: val_loss -0.8126
2026-05-30 05:49:23.105263: Pseudo dice [np.float32(0.9478)]
2026-05-30 05:49:23.105525: Epoch time: 31.79 s
2026-05-30 05:49:24.526151: 
2026-05-30 05:49:24.526422: Epoch 823
2026-05-30 05:49:24.526594: Current learning rate: 0.0021
2026-05-30 05:49:56.361172: train_loss -0.8659
2026-05-30 05:49:56.361600: val_loss -0.7991
2026-05-30 05:49:56.361694: Pseudo dice [np.float32(0.9447)]
2026-05-30 05:49:56.361826: Epoch time: 31.84 s
2026-05-30 05:49:57.767508: 
2026-05-30 05:49:57.767808: Epoch 824
2026-05-30 05:49:57.767935: Current learning rate: 0.00209
2026-05-30 05:50:29.546705: train_loss -0.8537
2026-05-30 05:50:29.547027: val_loss -0.87
2026-05-30 05:50:29.547121: Pseudo dice [np.float32(0.9647)]
2026-05-30 05:50:29.547235: Epoch time: 31.78 s
2026-05-30 05:50:30.944431: 
2026-05-30 05:50:30.944751: Epoch 825
2026-05-30 05:50:30.944875: Current learning rate: 0.00208
2026-05-30 05:51:02.737969: train_loss -0.8688
2026-05-30 05:51:02.738387: val_loss -0.818
2026-05-30 05:51:02.738485: Pseudo dice [np.float32(0.9523)]
2026-05-30 05:51:02.738601: Epoch time: 31.8 s
2026-05-30 05:51:04.091045: 
2026-05-30 05:51:04.091343: Epoch 826
2026-05-30 05:51:04.091508: Current learning rate: 0.00207
2026-05-30 05:51:35.831246: train_loss -0.8811
2026-05-30 05:51:35.831623: val_loss -0.8521
2026-05-30 05:51:35.831711: Pseudo dice [np.float32(0.9562)]
2026-05-30 05:51:35.831838: Epoch time: 31.74 s
2026-05-30 05:51:37.215324: 
2026-05-30 05:51:37.215622: Epoch 827
2026-05-30 05:51:37.215741: Current learning rate: 0.00206
2026-05-30 05:52:08.976131: train_loss -0.8544
2026-05-30 05:52:08.976427: val_loss -0.8324
2026-05-30 05:52:08.976515: Pseudo dice [np.float32(0.9584)]
2026-05-30 05:52:08.976629: Epoch time: 31.76 s
2026-05-30 05:52:10.320590: 
2026-05-30 05:52:10.320883: Epoch 828
2026-05-30 05:52:10.321052: Current learning rate: 0.00205
2026-05-30 05:52:42.124418: train_loss -0.869
2026-05-30 05:52:42.124724: val_loss -0.8268
2026-05-30 05:52:42.124851: Pseudo dice [np.float32(0.9532)]
2026-05-30 05:52:42.124973: Epoch time: 31.81 s
2026-05-30 05:52:43.506784: 
2026-05-30 05:52:43.507031: Epoch 829
2026-05-30 05:52:43.507187: Current learning rate: 0.00204
2026-05-30 05:53:15.300930: train_loss -0.8984
2026-05-30 05:53:15.301273: val_loss -0.8596
2026-05-30 05:53:15.301397: Pseudo dice [np.float32(0.9635)]
2026-05-30 05:53:15.301582: Epoch time: 31.8 s
2026-05-30 05:53:16.680399: 
2026-05-30 05:53:16.680643: Epoch 830
2026-05-30 05:53:16.680807: Current learning rate: 0.00203
2026-05-30 05:53:48.496257: train_loss -0.8669
2026-05-30 05:53:48.496519: val_loss -0.898
2026-05-30 05:53:48.496606: Pseudo dice [np.float32(0.9665)]
2026-05-30 05:53:48.496754: Epoch time: 31.82 s
2026-05-30 05:53:50.278052: 
2026-05-30 05:53:50.278337: Epoch 831
2026-05-30 05:53:50.278479: Current learning rate: 0.00202
2026-05-30 05:54:22.166737: train_loss -0.8722
2026-05-30 05:54:22.167018: val_loss -0.8571
2026-05-30 05:54:22.167103: Pseudo dice [np.float32(0.9596)]
2026-05-30 05:54:22.167213: Epoch time: 31.89 s
2026-05-30 05:54:23.528957: 
2026-05-30 05:54:23.529259: Epoch 832
2026-05-30 05:54:23.529405: Current learning rate: 0.00201
2026-05-30 05:54:55.278576: train_loss -0.8721
2026-05-30 05:54:55.279001: val_loss -0.8389
2026-05-30 05:54:55.279156: Pseudo dice [np.float32(0.9479)]
2026-05-30 05:54:55.279306: Epoch time: 31.75 s
2026-05-30 05:54:56.672754: 
2026-05-30 05:54:56.673681: Epoch 833
2026-05-30 05:54:56.673881: Current learning rate: 0.002
2026-05-30 05:55:28.517785: train_loss -0.8507
2026-05-30 05:55:28.518209: val_loss -0.6971
2026-05-30 05:55:28.518318: Pseudo dice [np.float32(0.9259)]
2026-05-30 05:55:28.518456: Epoch time: 31.85 s
2026-05-30 05:55:29.914054: 
2026-05-30 05:55:29.914368: Epoch 834
2026-05-30 05:55:29.914493: Current learning rate: 0.00199
2026-05-30 05:56:01.713615: train_loss -0.8523
2026-05-30 05:56:01.713942: val_loss -0.8219
2026-05-30 05:56:01.714066: Pseudo dice [np.float32(0.957)]
2026-05-30 05:56:01.714274: Epoch time: 31.8 s
2026-05-30 05:56:03.123019: 
2026-05-30 05:56:03.123363: Epoch 835
2026-05-30 05:56:03.123493: Current learning rate: 0.00198
2026-05-30 05:56:34.916395: train_loss -0.8538
2026-05-30 05:56:34.916740: val_loss -0.7895
2026-05-30 05:56:34.916915: Pseudo dice [np.float32(0.9416)]
2026-05-30 05:56:34.917055: Epoch time: 31.8 s
2026-05-30 05:56:36.285532: 
2026-05-30 05:56:36.285817: Epoch 836
2026-05-30 05:56:36.285976: Current learning rate: 0.00196
2026-05-30 05:57:08.053711: train_loss -0.8563
2026-05-30 05:57:08.054036: val_loss -0.846
2026-05-30 05:57:08.054137: Pseudo dice [np.float32(0.9574)]
2026-05-30 05:57:08.054278: Epoch time: 31.77 s
2026-05-30 05:57:09.470951: 
2026-05-30 05:57:09.471239: Epoch 837
2026-05-30 05:57:09.471383: Current learning rate: 0.00195
2026-05-30 05:57:41.268936: train_loss -0.8657
2026-05-30 05:57:41.269240: val_loss -0.8203
2026-05-30 05:57:41.269343: Pseudo dice [np.float32(0.9532)]
2026-05-30 05:57:41.269483: Epoch time: 31.8 s
2026-05-30 05:57:42.678761: 
2026-05-30 05:57:42.679065: Epoch 838
2026-05-30 05:57:42.679217: Current learning rate: 0.00194
2026-05-30 05:58:14.466004: train_loss -0.8822
2026-05-30 05:58:14.466283: val_loss -0.8126
2026-05-30 05:58:14.466455: Pseudo dice [np.float32(0.9526)]
2026-05-30 05:58:14.466612: Epoch time: 31.79 s
2026-05-30 05:58:15.954508: 
2026-05-30 05:58:15.954756: Epoch 839
2026-05-30 05:58:15.954904: Current learning rate: 0.00193
2026-05-30 05:58:47.752518: train_loss -0.875
2026-05-30 05:58:47.752784: val_loss -0.8732
2026-05-30 05:58:47.752884: Pseudo dice [np.float32(0.9589)]
2026-05-30 05:58:47.753042: Epoch time: 31.8 s
2026-05-30 05:58:49.097576: 
2026-05-30 05:58:49.097847: Epoch 840
2026-05-30 05:58:49.097974: Current learning rate: 0.00192
2026-05-30 05:59:20.854726: train_loss -0.8931
2026-05-30 05:59:20.855070: val_loss -0.8387
2026-05-30 05:59:20.855192: Pseudo dice [np.float32(0.9493)]
2026-05-30 05:59:20.855345: Epoch time: 31.76 s
2026-05-30 05:59:22.212520: 
2026-05-30 05:59:22.212804: Epoch 841
2026-05-30 05:59:22.212949: Current learning rate: 0.00191
2026-05-30 05:59:53.960224: train_loss -0.8463
2026-05-30 05:59:53.960641: val_loss -0.8005
2026-05-30 05:59:53.960745: Pseudo dice [np.float32(0.9443)]
2026-05-30 05:59:53.960882: Epoch time: 31.75 s
2026-05-30 05:59:55.320282: 
2026-05-30 05:59:55.320539: Epoch 842
2026-05-30 05:59:55.320659: Current learning rate: 0.0019
2026-05-30 06:00:27.085298: train_loss -0.8834
2026-05-30 06:00:27.085602: val_loss -0.8785
2026-05-30 06:00:27.085713: Pseudo dice [np.float32(0.964)]
2026-05-30 06:00:27.085849: Epoch time: 31.77 s
2026-05-30 06:00:28.879591: 
2026-05-30 06:00:28.879855: Epoch 843
2026-05-30 06:00:28.880009: Current learning rate: 0.00189
2026-05-30 06:01:00.658867: train_loss -0.8857
2026-05-30 06:01:00.659207: val_loss -0.8032
2026-05-30 06:01:00.659395: Pseudo dice [np.float32(0.9471)]
2026-05-30 06:01:00.659520: Epoch time: 31.78 s
2026-05-30 06:01:01.993454: 
2026-05-30 06:01:01.993768: Epoch 844
2026-05-30 06:01:01.993893: Current learning rate: 0.00188
2026-05-30 06:01:33.792523: train_loss -0.8617
2026-05-30 06:01:33.792766: val_loss -0.8324
2026-05-30 06:01:33.792851: Pseudo dice [np.float32(0.9512)]
2026-05-30 06:01:33.792965: Epoch time: 31.8 s
2026-05-30 06:01:35.156175: 
2026-05-30 06:01:35.156465: Epoch 845
2026-05-30 06:01:35.156602: Current learning rate: 0.00187
2026-05-30 06:02:06.988526: train_loss -0.8774
2026-05-30 06:02:06.988831: val_loss -0.8698
2026-05-30 06:02:06.988917: Pseudo dice [np.float32(0.9676)]
2026-05-30 06:02:06.989057: Epoch time: 31.83 s
2026-05-30 06:02:08.383922: 
2026-05-30 06:02:08.384272: Epoch 846
2026-05-30 06:02:08.384396: Current learning rate: 0.00186
2026-05-30 06:02:40.214912: train_loss -0.8654
2026-05-30 06:02:40.215325: val_loss -0.8743
2026-05-30 06:02:40.215419: Pseudo dice [np.float32(0.9628)]
2026-05-30 06:02:40.215573: Epoch time: 31.83 s
2026-05-30 06:02:41.576810: 
2026-05-30 06:02:41.577128: Epoch 847
2026-05-30 06:02:41.577254: Current learning rate: 0.00185
2026-05-30 06:03:13.375687: train_loss -0.8799
2026-05-30 06:03:13.376001: val_loss -0.8611
2026-05-30 06:03:13.376112: Pseudo dice [np.float32(0.9608)]
2026-05-30 06:03:13.376238: Epoch time: 31.8 s
2026-05-30 06:03:14.748302: 
2026-05-30 06:03:14.748609: Epoch 848
2026-05-30 06:03:14.748744: Current learning rate: 0.00184
2026-05-30 06:03:46.555193: train_loss -0.8925
2026-05-30 06:03:46.555652: val_loss -0.8776
2026-05-30 06:03:46.555760: Pseudo dice [np.float32(0.9685)]
2026-05-30 06:03:46.555876: Epoch time: 31.81 s
2026-05-30 06:03:47.973369: 
2026-05-30 06:03:47.973637: Epoch 849
2026-05-30 06:03:47.973794: Current learning rate: 0.00182
2026-05-30 06:04:19.789197: train_loss -0.8737
2026-05-30 06:04:19.789519: val_loss -0.7793
2026-05-30 06:04:19.789616: Pseudo dice [np.float32(0.9419)]
2026-05-30 06:04:19.789756: Epoch time: 31.82 s
2026-05-30 06:04:22.812504: 
2026-05-30 06:04:22.812822: Epoch 850
2026-05-30 06:04:22.812941: Current learning rate: 0.00181
2026-05-30 06:04:54.613228: train_loss -0.8906
2026-05-30 06:04:54.613563: val_loss -0.8233
2026-05-30 06:04:54.613660: Pseudo dice [np.float32(0.9542)]
2026-05-30 06:04:54.613819: Epoch time: 31.8 s
2026-05-30 06:04:55.971355: 
2026-05-30 06:04:55.971644: Epoch 851
2026-05-30 06:04:55.971793: Current learning rate: 0.0018
2026-05-30 06:05:27.792958: train_loss -0.8759
2026-05-30 06:05:27.793315: val_loss -0.8804
2026-05-30 06:05:27.793415: Pseudo dice [np.float32(0.9656)]
2026-05-30 06:05:27.793526: Epoch time: 31.82 s
2026-05-30 06:05:29.137343: 
2026-05-30 06:05:29.137632: Epoch 852
2026-05-30 06:05:29.137752: Current learning rate: 0.00179
2026-05-30 06:06:00.897732: train_loss -0.8797
2026-05-30 06:06:00.898116: val_loss -0.8544
2026-05-30 06:06:00.898205: Pseudo dice [np.float32(0.9591)]
2026-05-30 06:06:00.898345: Epoch time: 31.76 s
2026-05-30 06:06:02.255107: 
2026-05-30 06:06:02.255422: Epoch 853
2026-05-30 06:06:02.255552: Current learning rate: 0.00178
2026-05-30 06:06:34.095341: train_loss -0.8755
2026-05-30 06:06:34.095609: val_loss -0.8764
2026-05-30 06:06:34.095708: Pseudo dice [np.float32(0.9637)]
2026-05-30 06:06:34.095840: Epoch time: 31.84 s
2026-05-30 06:06:35.440876: 
2026-05-30 06:06:35.441216: Epoch 854
2026-05-30 06:06:35.441375: Current learning rate: 0.00177
2026-05-30 06:07:07.296915: train_loss -0.8754
2026-05-30 06:07:07.297237: val_loss -0.8403
2026-05-30 06:07:07.297428: Pseudo dice [np.float32(0.9551)]
2026-05-30 06:07:07.297574: Epoch time: 31.86 s
2026-05-30 06:07:09.077604: 
2026-05-30 06:07:09.077935: Epoch 855
2026-05-30 06:07:09.078062: Current learning rate: 0.00176
2026-05-30 06:07:41.013276: train_loss -0.8925
2026-05-30 06:07:41.013733: val_loss -0.7236
2026-05-30 06:07:41.013842: Pseudo dice [np.float32(0.927)]
2026-05-30 06:07:41.013956: Epoch time: 31.94 s
2026-05-30 06:07:42.342188: 
2026-05-30 06:07:42.342479: Epoch 856
2026-05-30 06:07:42.342599: Current learning rate: 0.00175
2026-05-30 06:08:14.146171: train_loss -0.895
2026-05-30 06:08:14.146547: val_loss -0.8867
2026-05-30 06:08:14.146673: Pseudo dice [np.float32(0.9692)]
2026-05-30 06:08:14.146801: Epoch time: 31.81 s
2026-05-30 06:08:15.495719: 
2026-05-30 06:08:15.496040: Epoch 857
2026-05-30 06:08:15.496227: Current learning rate: 0.00174
2026-05-30 06:08:47.323886: train_loss -0.8887
2026-05-30 06:08:47.324303: val_loss -0.8695
2026-05-30 06:08:47.324409: Pseudo dice [np.float32(0.9565)]
2026-05-30 06:08:47.324549: Epoch time: 31.83 s
2026-05-30 06:08:48.703628: 
2026-05-30 06:08:48.703936: Epoch 858
2026-05-30 06:08:48.704499: Current learning rate: 0.00173
2026-05-30 06:09:20.500933: train_loss -0.8677
2026-05-30 06:09:20.501275: val_loss -0.8704
2026-05-30 06:09:20.501381: Pseudo dice [np.float32(0.9648)]
2026-05-30 06:09:20.501566: Epoch time: 31.8 s
2026-05-30 06:09:21.874846: 
2026-05-30 06:09:21.875165: Epoch 859
2026-05-30 06:09:21.875297: Current learning rate: 0.00172
2026-05-30 06:09:53.687035: train_loss -0.8882
2026-05-30 06:09:53.687346: val_loss -0.8617
2026-05-30 06:09:53.687435: Pseudo dice [np.float32(0.9586)]
2026-05-30 06:09:53.687622: Epoch time: 31.81 s
2026-05-30 06:09:55.068836: 
2026-05-30 06:09:55.069151: Epoch 860
2026-05-30 06:09:55.069277: Current learning rate: 0.0017
2026-05-30 06:10:26.892626: train_loss -0.8929
2026-05-30 06:10:26.893028: val_loss -0.8635
2026-05-30 06:10:26.893121: Pseudo dice [np.float32(0.9656)]
2026-05-30 06:10:26.893240: Epoch time: 31.83 s
2026-05-30 06:10:28.234963: 
2026-05-30 06:10:28.235244: Epoch 861
2026-05-30 06:10:28.235400: Current learning rate: 0.00169
2026-05-30 06:11:00.074522: train_loss -0.8917
2026-05-30 06:11:00.074900: val_loss -0.7709
2026-05-30 06:11:00.074992: Pseudo dice [np.float32(0.9427)]
2026-05-30 06:11:00.075155: Epoch time: 31.84 s
2026-05-30 06:11:01.422429: 
2026-05-30 06:11:01.422710: Epoch 862
2026-05-30 06:11:01.422833: Current learning rate: 0.00168
2026-05-30 06:11:33.215792: train_loss -0.8907
2026-05-30 06:11:33.216066: val_loss -0.8781
2026-05-30 06:11:33.216173: Pseudo dice [np.float32(0.9643)]
2026-05-30 06:11:33.216391: Epoch time: 31.8 s
2026-05-30 06:11:34.561120: 
2026-05-30 06:11:34.561412: Epoch 863
2026-05-30 06:11:34.561541: Current learning rate: 0.00167
2026-05-30 06:12:06.383414: train_loss -0.9038
2026-05-30 06:12:06.383710: val_loss -0.8091
2026-05-30 06:12:06.383833: Pseudo dice [np.float32(0.9472)]
2026-05-30 06:12:06.384009: Epoch time: 31.82 s
2026-05-30 06:12:07.750187: 
2026-05-30 06:12:07.750458: Epoch 864
2026-05-30 06:12:07.750592: Current learning rate: 0.00166
2026-05-30 06:12:39.566976: train_loss -0.8962
2026-05-30 06:12:39.567244: val_loss -0.8515
2026-05-30 06:12:39.567331: Pseudo dice [np.float32(0.9667)]
2026-05-30 06:12:39.567451: Epoch time: 31.82 s
2026-05-30 06:12:40.921540: 
2026-05-30 06:12:40.921825: Epoch 865
2026-05-30 06:12:40.922000: Current learning rate: 0.00165
2026-05-30 06:13:12.775382: train_loss -0.887
2026-05-30 06:13:12.775666: val_loss -0.8738
2026-05-30 06:13:12.775751: Pseudo dice [np.float32(0.965)]
2026-05-30 06:13:12.775862: Epoch time: 31.86 s
2026-05-30 06:13:14.136252: 
2026-05-30 06:13:14.136540: Epoch 866
2026-05-30 06:13:14.136660: Current learning rate: 0.00164
2026-05-30 06:13:45.930972: train_loss -0.8894
2026-05-30 06:13:45.931321: val_loss -0.9002
2026-05-30 06:13:45.931494: Pseudo dice [np.float32(0.9707)]
2026-05-30 06:13:45.931630: Epoch time: 31.8 s
2026-05-30 06:13:45.931731: Yayy! New best EMA pseudo Dice: 0.9591000080108643
2026-05-30 06:13:49.389219: 
2026-05-30 06:13:49.389497: Epoch 867
2026-05-30 06:13:49.389647: Current learning rate: 0.00163
2026-05-30 06:14:21.211019: train_loss -0.8917
2026-05-30 06:14:21.211366: val_loss -0.866
2026-05-30 06:14:21.211459: Pseudo dice [np.float32(0.9635)]
2026-05-30 06:14:21.211600: Epoch time: 31.82 s
2026-05-30 06:14:21.211697: Yayy! New best EMA pseudo Dice: 0.9595999717712402
2026-05-30 06:14:24.308081: 
2026-05-30 06:14:24.308369: Epoch 868
2026-05-30 06:14:24.308542: Current learning rate: 0.00162
2026-05-30 06:14:56.151081: train_loss -0.9001
2026-05-30 06:14:56.151333: val_loss -0.8251
2026-05-30 06:14:56.151419: Pseudo dice [np.float32(0.9515)]
2026-05-30 06:14:56.151531: Epoch time: 31.84 s
2026-05-30 06:14:57.517754: 
2026-05-30 06:14:57.518074: Epoch 869
2026-05-30 06:14:57.518197: Current learning rate: 0.00161
2026-05-30 06:15:29.405057: train_loss -0.8979
2026-05-30 06:15:29.405388: val_loss -0.8411
2026-05-30 06:15:29.405510: Pseudo dice [np.float32(0.9563)]
2026-05-30 06:15:29.405642: Epoch time: 31.89 s
2026-05-30 06:15:30.777629: 
2026-05-30 06:15:30.777915: Epoch 870
2026-05-30 06:15:30.778138: Current learning rate: 0.00159
2026-05-30 06:16:02.637909: train_loss -0.8585
2026-05-30 06:16:02.638189: val_loss -0.8671
2026-05-30 06:16:02.638273: Pseudo dice [np.float32(0.9637)]
2026-05-30 06:16:02.638391: Epoch time: 31.86 s
2026-05-30 06:16:03.976189: 
2026-05-30 06:16:03.976508: Epoch 871
2026-05-30 06:16:03.976632: Current learning rate: 0.00158
2026-05-30 06:16:35.754866: train_loss -0.8608
2026-05-30 06:16:35.755183: val_loss -0.824
2026-05-30 06:16:35.755269: Pseudo dice [np.float32(0.9572)]
2026-05-30 06:16:35.755382: Epoch time: 31.78 s
2026-05-30 06:16:37.106380: 
2026-05-30 06:16:37.106664: Epoch 872
2026-05-30 06:16:37.106798: Current learning rate: 0.00157
2026-05-30 06:17:08.979115: train_loss -0.8813
2026-05-30 06:17:08.979444: val_loss -0.8781
2026-05-30 06:17:08.979532: Pseudo dice [np.float32(0.9665)]
2026-05-30 06:17:08.979646: Epoch time: 31.87 s
2026-05-30 06:17:08.979802: Yayy! New best EMA pseudo Dice: 0.9595999717712402
2026-05-30 06:17:12.177585: 
2026-05-30 06:17:12.177880: Epoch 873
2026-05-30 06:17:12.177999: Current learning rate: 0.00156
2026-05-30 06:17:44.072997: train_loss -0.8719
2026-05-30 06:17:44.073307: val_loss -0.8888
2026-05-30 06:17:44.073401: Pseudo dice [np.float32(0.971)]
2026-05-30 06:17:44.073527: Epoch time: 31.9 s
2026-05-30 06:17:44.073612: Yayy! New best EMA pseudo Dice: 0.9607999920845032
2026-05-30 06:17:47.160130: 
2026-05-30 06:17:47.160440: Epoch 874
2026-05-30 06:17:47.160605: Current learning rate: 0.00155
2026-05-30 06:18:19.027037: train_loss -0.893
2026-05-30 06:18:19.027333: val_loss -0.839
2026-05-30 06:18:19.027430: Pseudo dice [np.float32(0.9432)]
2026-05-30 06:18:19.027544: Epoch time: 31.87 s
2026-05-30 06:18:20.362970: 
2026-05-30 06:18:20.363324: Epoch 875
2026-05-30 06:18:20.363449: Current learning rate: 0.00154
2026-05-30 06:18:52.180310: train_loss -0.9098
2026-05-30 06:18:52.180722: val_loss -0.8349
2026-05-30 06:18:52.180810: Pseudo dice [np.float32(0.9581)]
2026-05-30 06:18:52.180925: Epoch time: 31.82 s
2026-05-30 06:18:53.507266: 
2026-05-30 06:18:53.507551: Epoch 876
2026-05-30 06:18:53.507687: Current learning rate: 0.00153
2026-05-30 06:19:25.343604: train_loss -0.8908
2026-05-30 06:19:25.343956: val_loss -0.8385
2026-05-30 06:19:25.344054: Pseudo dice [np.float32(0.9558)]
2026-05-30 06:19:25.344188: Epoch time: 31.84 s
2026-05-30 06:19:26.717168: 
2026-05-30 06:19:26.717445: Epoch 877
2026-05-30 06:19:26.717564: Current learning rate: 0.00152
2026-05-30 06:19:58.799633: train_loss -0.8904
2026-05-30 06:19:58.799974: val_loss -0.8252
2026-05-30 06:19:58.800143: Pseudo dice [np.float32(0.9533)]
2026-05-30 06:19:58.800238: Epoch time: 32.08 s
2026-05-30 06:20:00.122239: 
2026-05-30 06:20:00.122551: Epoch 878
2026-05-30 06:20:00.122675: Current learning rate: 0.00151
2026-05-30 06:20:31.949795: train_loss -0.8683
2026-05-30 06:20:31.950156: val_loss -0.7198
2026-05-30 06:20:31.950266: Pseudo dice [np.float32(0.9246)]
2026-05-30 06:20:31.950401: Epoch time: 31.83 s
2026-05-30 06:20:33.323343: 
2026-05-30 06:20:33.323637: Epoch 879
2026-05-30 06:20:33.323761: Current learning rate: 0.00149
2026-05-30 06:21:05.345017: train_loss -0.8783
2026-05-30 06:21:05.345338: val_loss -0.8433
2026-05-30 06:21:05.345424: Pseudo dice [np.float32(0.9514)]
2026-05-30 06:21:05.345536: Epoch time: 32.02 s
2026-05-30 06:21:06.652037: 
2026-05-30 06:21:06.652328: Epoch 880
2026-05-30 06:21:06.652488: Current learning rate: 0.00148
2026-05-30 06:21:38.422480: train_loss -0.8756
2026-05-30 06:21:38.422756: val_loss -0.8965
2026-05-30 06:21:38.422840: Pseudo dice [np.float32(0.9695)]
2026-05-30 06:21:38.423021: Epoch time: 31.77 s
2026-05-30 06:21:39.739274: 
2026-05-30 06:21:39.739549: Epoch 881
2026-05-30 06:21:39.739754: Current learning rate: 0.00147
2026-05-30 06:22:11.503817: train_loss -0.8829
2026-05-30 06:22:11.504053: val_loss -0.8149
2026-05-30 06:22:11.504140: Pseudo dice [np.float32(0.9499)]
2026-05-30 06:22:11.504275: Epoch time: 31.77 s
2026-05-30 06:22:12.830416: 
2026-05-30 06:22:12.830729: Epoch 882
2026-05-30 06:22:12.830858: Current learning rate: 0.00146
2026-05-30 06:22:44.527227: train_loss -0.8958
2026-05-30 06:22:44.527474: val_loss -0.8735
2026-05-30 06:22:44.527555: Pseudo dice [np.float32(0.9632)]
2026-05-30 06:22:44.527753: Epoch time: 31.7 s
2026-05-30 06:22:45.822231: 
2026-05-30 06:22:45.822593: Epoch 883
2026-05-30 06:22:45.822723: Current learning rate: 0.00145
2026-05-30 06:23:17.547609: train_loss -0.8853
2026-05-30 06:23:17.547846: val_loss -0.8722
2026-05-30 06:23:17.547927: Pseudo dice [np.float32(0.963)]
2026-05-30 06:23:17.548032: Epoch time: 31.73 s
2026-05-30 06:23:18.815719: 
2026-05-30 06:23:18.815992: Epoch 884
2026-05-30 06:23:18.816108: Current learning rate: 0.00144
2026-05-30 06:23:50.543981: train_loss -0.8813
2026-05-30 06:23:50.544293: val_loss -0.8936
2026-05-30 06:23:50.544379: Pseudo dice [np.float32(0.9692)]
2026-05-30 06:23:50.544495: Epoch time: 31.73 s
2026-05-30 06:23:51.832195: 
2026-05-30 06:23:51.832454: Epoch 885
2026-05-30 06:23:51.832607: Current learning rate: 0.00143
2026-05-30 06:24:23.627585: train_loss -0.8976
2026-05-30 06:24:23.627836: val_loss -0.8613
2026-05-30 06:24:23.627920: Pseudo dice [np.float32(0.9613)]
2026-05-30 06:24:23.628031: Epoch time: 31.8 s
2026-05-30 06:24:24.918066: 
2026-05-30 06:24:24.918386: Epoch 886
2026-05-30 06:24:24.918536: Current learning rate: 0.00142
2026-05-30 06:24:56.695742: train_loss -0.9087
2026-05-30 06:24:56.696119: val_loss -0.8157
2026-05-30 06:24:56.696230: Pseudo dice [np.float32(0.9525)]
2026-05-30 06:24:56.696347: Epoch time: 31.78 s
2026-05-30 06:24:57.991367: 
2026-05-30 06:24:57.991682: Epoch 887
2026-05-30 06:24:57.991824: Current learning rate: 0.00141
2026-05-30 06:25:29.719470: train_loss -0.9045
2026-05-30 06:25:29.719708: val_loss -0.8862
2026-05-30 06:25:29.719791: Pseudo dice [np.float32(0.9691)]
2026-05-30 06:25:29.719904: Epoch time: 31.73 s
2026-05-30 06:25:31.008871: 
2026-05-30 06:25:31.009170: Epoch 888
2026-05-30 06:25:31.009297: Current learning rate: 0.00139
2026-05-30 06:26:02.774222: train_loss -0.8878
2026-05-30 06:26:02.774484: val_loss -0.8506
2026-05-30 06:26:02.774569: Pseudo dice [np.float32(0.9567)]
2026-05-30 06:26:02.774685: Epoch time: 31.77 s
2026-05-30 06:26:04.546206: 
2026-05-30 06:26:04.546496: Epoch 889
2026-05-30 06:26:04.546631: Current learning rate: 0.00138
2026-05-30 06:26:36.403666: train_loss -0.8991
2026-05-30 06:26:36.403925: val_loss -0.8946
2026-05-30 06:26:36.404013: Pseudo dice [np.float32(0.9719)]
2026-05-30 06:26:36.404138: Epoch time: 31.86 s
2026-05-30 06:26:37.688905: 
2026-05-30 06:26:37.689176: Epoch 890
2026-05-30 06:26:37.689337: Current learning rate: 0.00137
2026-05-30 06:27:09.469381: train_loss -0.8967
2026-05-30 06:27:09.469711: val_loss -0.7888
2026-05-30 06:27:09.469815: Pseudo dice [np.float32(0.9453)]
2026-05-30 06:27:09.469931: Epoch time: 31.78 s
2026-05-30 06:27:10.755961: 
2026-05-30 06:27:10.756271: Epoch 891
2026-05-30 06:27:10.756402: Current learning rate: 0.00136
2026-05-30 06:27:42.430055: train_loss -0.9026
2026-05-30 06:27:42.430529: val_loss -0.8966
2026-05-30 06:27:42.430625: Pseudo dice [np.float32(0.9731)]
2026-05-30 06:27:42.430736: Epoch time: 31.68 s
2026-05-30 06:27:43.718188: 
2026-05-30 06:27:43.718516: Epoch 892
2026-05-30 06:27:43.718645: Current learning rate: 0.00135
2026-05-30 06:28:15.542625: train_loss -0.8974
2026-05-30 06:28:15.542959: val_loss -0.8713
2026-05-30 06:28:15.543053: Pseudo dice [np.float32(0.9651)]
2026-05-30 06:28:15.543206: Epoch time: 31.83 s
2026-05-30 06:28:16.966260: 
2026-05-30 06:28:16.966549: Epoch 893
2026-05-30 06:28:16.966691: Current learning rate: 0.00134
2026-05-30 06:28:48.822315: train_loss -0.9014
2026-05-30 06:28:48.822950: val_loss -0.7799
2026-05-30 06:28:48.823139: Pseudo dice [np.float32(0.9518)]
2026-05-30 06:28:48.823307: Epoch time: 31.86 s
2026-05-30 06:28:50.148517: 
2026-05-30 06:28:50.148753: Epoch 894
2026-05-30 06:28:50.148997: Current learning rate: 0.00133
2026-05-30 06:29:21.890798: train_loss -0.9119
2026-05-30 06:29:21.891145: val_loss -0.8598
2026-05-30 06:29:21.891253: Pseudo dice [np.float32(0.9665)]
2026-05-30 06:29:21.891422: Epoch time: 31.74 s
2026-05-30 06:29:23.240864: 
2026-05-30 06:29:23.241135: Epoch 895
2026-05-30 06:29:23.241260: Current learning rate: 0.00132
2026-05-30 06:29:55.087352: train_loss -0.8971
2026-05-30 06:29:55.087665: val_loss -0.8183
2026-05-30 06:29:55.087848: Pseudo dice [np.float32(0.9468)]
2026-05-30 06:29:55.087972: Epoch time: 31.85 s
2026-05-30 06:29:56.456703: 
2026-05-30 06:29:56.457032: Epoch 896
2026-05-30 06:29:56.457156: Current learning rate: 0.0013
2026-05-30 06:30:28.271721: train_loss -0.8879
2026-05-30 06:30:28.272016: val_loss -0.8192
2026-05-30 06:30:28.272105: Pseudo dice [np.float32(0.9502)]
2026-05-30 06:30:28.272221: Epoch time: 31.82 s
2026-05-30 06:30:29.606048: 
2026-05-30 06:30:29.606348: Epoch 897
2026-05-30 06:30:29.606490: Current learning rate: 0.00129
2026-05-30 06:31:01.353419: train_loss -0.9137
2026-05-30 06:31:01.353796: val_loss -0.9046
2026-05-30 06:31:01.353885: Pseudo dice [np.float32(0.9739)]
2026-05-30 06:31:01.353999: Epoch time: 31.75 s
2026-05-30 06:31:02.692914: 
2026-05-30 06:31:02.693213: Epoch 898
2026-05-30 06:31:02.693371: Current learning rate: 0.00128
2026-05-30 06:31:34.467615: train_loss -0.9062
2026-05-30 06:31:34.468007: val_loss -0.8792
2026-05-30 06:31:34.468149: Pseudo dice [np.float32(0.9674)]
2026-05-30 06:31:34.468288: Epoch time: 31.78 s
2026-05-30 06:31:35.822454: 
2026-05-30 06:31:35.822759: Epoch 899
2026-05-30 06:31:35.822886: Current learning rate: 0.00127
2026-05-30 06:32:07.617395: train_loss -0.895
2026-05-30 06:32:07.617717: val_loss -0.8734
2026-05-30 06:32:07.617869: Pseudo dice [np.float32(0.9622)]
2026-05-30 06:32:07.618000: Epoch time: 31.8 s
2026-05-30 06:32:10.652826: 
2026-05-30 06:32:10.653083: Epoch 900
2026-05-30 06:32:10.653244: Current learning rate: 0.00126
2026-05-30 06:32:42.506748: train_loss -0.915
2026-05-30 06:32:42.506977: val_loss -0.9075
2026-05-30 06:32:42.507077: Pseudo dice [np.float32(0.974)]
2026-05-30 06:32:42.507213: Epoch time: 31.86 s
2026-05-30 06:32:42.507371: Yayy! New best EMA pseudo Dice: 0.9620000123977661
2026-05-30 06:32:45.959309: 
2026-05-30 06:32:45.959606: Epoch 901
2026-05-30 06:32:45.959734: Current learning rate: 0.00125
2026-05-30 06:33:17.734428: train_loss -0.9016
2026-05-30 06:33:17.734725: val_loss -0.888
2026-05-30 06:33:17.734814: Pseudo dice [np.float32(0.9687)]
2026-05-30 06:33:17.734932: Epoch time: 31.78 s
2026-05-30 06:33:17.735099: Yayy! New best EMA pseudo Dice: 0.9625999927520752
2026-05-30 06:33:20.730815: 
2026-05-30 06:33:20.731081: Epoch 902
2026-05-30 06:33:20.731198: Current learning rate: 0.00124
2026-05-30 06:33:52.587816: train_loss -0.8914
2026-05-30 06:33:52.588230: val_loss -0.8837
2026-05-30 06:33:52.588328: Pseudo dice [np.float32(0.9675)]
2026-05-30 06:33:52.588439: Epoch time: 31.86 s
2026-05-30 06:33:52.588528: Yayy! New best EMA pseudo Dice: 0.963100016117096
2026-05-30 06:33:55.631982: 
2026-05-30 06:33:55.632278: Epoch 903
2026-05-30 06:33:55.632476: Current learning rate: 0.00122
2026-05-30 06:34:27.466722: train_loss -0.8544
2026-05-30 06:34:27.467075: val_loss -0.8361
2026-05-30 06:34:27.467194: Pseudo dice [np.float32(0.9552)]
2026-05-30 06:34:27.467336: Epoch time: 31.84 s
2026-05-30 06:34:28.850443: 
2026-05-30 06:34:28.850736: Epoch 904
2026-05-30 06:34:28.850885: Current learning rate: 0.00121
2026-05-30 06:35:00.659870: train_loss -0.8883
2026-05-30 06:35:00.660172: val_loss -0.8122
2026-05-30 06:35:00.660322: Pseudo dice [np.float32(0.9508)]
2026-05-30 06:35:00.660433: Epoch time: 31.81 s
2026-05-30 06:35:02.009296: 
2026-05-30 06:35:02.009637: Epoch 905
2026-05-30 06:35:02.009791: Current learning rate: 0.0012
2026-05-30 06:35:33.756265: train_loss -0.8953
2026-05-30 06:35:33.756616: val_loss -0.8298
2026-05-30 06:35:33.756720: Pseudo dice [np.float32(0.9558)]
2026-05-30 06:35:33.756863: Epoch time: 31.75 s
2026-05-30 06:35:35.110679: 
2026-05-30 06:35:35.110975: Epoch 906
2026-05-30 06:35:35.111110: Current learning rate: 0.00119
2026-05-30 06:36:06.948592: train_loss -0.8987
2026-05-30 06:36:06.949029: val_loss -0.8845
2026-05-30 06:36:06.949617: Pseudo dice [np.float32(0.9679)]
2026-05-30 06:36:06.949775: Epoch time: 31.84 s
2026-05-30 06:36:08.339343: 
2026-05-30 06:36:08.339698: Epoch 907
2026-05-30 06:36:08.339880: Current learning rate: 0.00118
2026-05-30 06:36:40.108640: train_loss -0.8986
2026-05-30 06:36:40.108932: val_loss -0.8492
2026-05-30 06:36:40.109099: Pseudo dice [np.float32(0.959)]
2026-05-30 06:36:40.109285: Epoch time: 31.77 s
2026-05-30 06:36:41.555176: 
2026-05-30 06:36:41.555458: Epoch 908
2026-05-30 06:36:41.555603: Current learning rate: 0.00117
2026-05-30 06:37:13.404400: train_loss -0.8842
2026-05-30 06:37:13.404796: val_loss -0.8512
2026-05-30 06:37:13.404899: Pseudo dice [np.float32(0.9644)]
2026-05-30 06:37:13.405052: Epoch time: 31.85 s
2026-05-30 06:37:14.791362: 
2026-05-30 06:37:14.791658: Epoch 909
2026-05-30 06:37:14.791780: Current learning rate: 0.00116
2026-05-30 06:37:46.595035: train_loss -0.8976
2026-05-30 06:37:46.595375: val_loss -0.9051
2026-05-30 06:37:46.595499: Pseudo dice [np.float32(0.9764)]
2026-05-30 06:37:46.595624: Epoch time: 31.81 s
2026-05-30 06:37:47.935630: 
2026-05-30 06:37:47.935949: Epoch 910
2026-05-30 06:37:47.936070: Current learning rate: 0.00115
2026-05-30 06:38:19.739872: train_loss -0.9001
2026-05-30 06:38:19.740249: val_loss -0.8118
2026-05-30 06:38:19.740387: Pseudo dice [np.float32(0.9535)]
2026-05-30 06:38:19.740515: Epoch time: 31.81 s
2026-05-30 06:38:21.106498: 
2026-05-30 06:38:21.106761: Epoch 911
2026-05-30 06:38:21.106913: Current learning rate: 0.00113
2026-05-30 06:38:52.945028: train_loss -0.8886
2026-05-30 06:38:52.945398: val_loss -0.8719
2026-05-30 06:38:52.945500: Pseudo dice [np.float32(0.9641)]
2026-05-30 06:38:52.945618: Epoch time: 31.84 s
2026-05-30 06:38:54.304470: 
2026-05-30 06:38:54.304798: Epoch 912
2026-05-30 06:38:54.304956: Current learning rate: 0.00112
2026-05-30 06:39:26.121197: train_loss -0.8776
2026-05-30 06:39:26.121540: val_loss -0.7776
2026-05-30 06:39:26.121648: Pseudo dice [np.float32(0.949)]
2026-05-30 06:39:26.121769: Epoch time: 31.82 s
2026-05-30 06:39:27.945230: 
2026-05-30 06:39:27.945524: Epoch 913
2026-05-30 06:39:27.945662: Current learning rate: 0.00111
2026-05-30 06:39:59.782563: train_loss -0.9
2026-05-30 06:39:59.782867: val_loss -0.8889
2026-05-30 06:39:59.782958: Pseudo dice [np.float32(0.9712)]
2026-05-30 06:39:59.783089: Epoch time: 31.84 s
2026-05-30 06:40:01.136466: 
2026-05-30 06:40:01.136779: Epoch 914
2026-05-30 06:40:01.136904: Current learning rate: 0.0011
2026-05-30 06:40:32.959674: train_loss -0.9052
2026-05-30 06:40:32.960035: val_loss -0.8549
2026-05-30 06:40:32.960173: Pseudo dice [np.float32(0.9531)]
2026-05-30 06:40:32.960305: Epoch time: 31.83 s
2026-05-30 06:40:34.294766: 
2026-05-30 06:40:34.294992: Epoch 915
2026-05-30 06:40:34.295209: Current learning rate: 0.00109
2026-05-30 06:41:06.118128: train_loss -0.8999
2026-05-30 06:41:06.118360: val_loss -0.8928
2026-05-30 06:41:06.118445: Pseudo dice [np.float32(0.9688)]
2026-05-30 06:41:06.118560: Epoch time: 31.83 s
2026-05-30 06:41:07.474910: 
2026-05-30 06:41:07.475249: Epoch 916
2026-05-30 06:41:07.475373: Current learning rate: 0.00108
2026-05-30 06:41:39.335626: train_loss -0.8997
2026-05-30 06:41:39.335977: val_loss -0.906
2026-05-30 06:41:39.336140: Pseudo dice [np.float32(0.9718)]
2026-05-30 06:41:39.336253: Epoch time: 31.86 s
2026-05-30 06:41:40.701886: 
2026-05-30 06:41:40.702143: Epoch 917
2026-05-30 06:41:40.702317: Current learning rate: 0.00106
2026-05-30 06:42:12.511470: train_loss -0.8802
2026-05-30 06:42:12.511828: val_loss -0.8003
2026-05-30 06:42:12.511944: Pseudo dice [np.float32(0.9505)]
2026-05-30 06:42:12.512050: Epoch time: 31.81 s
2026-05-30 06:42:13.868885: 
2026-05-30 06:42:13.869153: Epoch 918
2026-05-30 06:42:13.869274: Current learning rate: 0.00105
2026-05-30 06:42:45.649076: train_loss -0.8888
2026-05-30 06:42:45.649401: val_loss -0.8976
2026-05-30 06:42:45.649505: Pseudo dice [np.float32(0.9678)]
2026-05-30 06:42:45.649636: Epoch time: 31.78 s
2026-05-30 06:42:47.017548: 
2026-05-30 06:42:47.017868: Epoch 919
2026-05-30 06:42:47.017990: Current learning rate: 0.00104
2026-05-30 06:43:18.853735: train_loss -0.9083
2026-05-30 06:43:18.854052: val_loss -0.8813
2026-05-30 06:43:18.854149: Pseudo dice [np.float32(0.9641)]
2026-05-30 06:43:18.854338: Epoch time: 31.84 s
2026-05-30 06:43:20.215786: 
2026-05-30 06:43:20.216067: Epoch 920
2026-05-30 06:43:20.216223: Current learning rate: 0.00103
2026-05-30 06:43:52.011589: train_loss -0.8834
2026-05-30 06:43:52.011927: val_loss -0.8354
2026-05-30 06:43:52.012123: Pseudo dice [np.float32(0.959)]
2026-05-30 06:43:52.012245: Epoch time: 31.8 s
2026-05-30 06:43:53.369534: 
2026-05-30 06:43:53.369834: Epoch 921
2026-05-30 06:43:53.369953: Current learning rate: 0.00102
2026-05-30 06:44:25.217856: train_loss -0.8972
2026-05-30 06:44:25.218125: val_loss -0.8238
2026-05-30 06:44:25.218212: Pseudo dice [np.float32(0.9479)]
2026-05-30 06:44:25.218384: Epoch time: 31.85 s
2026-05-30 06:44:26.647412: 
2026-05-30 06:44:26.647701: Epoch 922
2026-05-30 06:44:26.647827: Current learning rate: 0.00101
2026-05-30 06:44:58.505668: train_loss -0.8986
2026-05-30 06:44:58.506008: val_loss -0.8483
2026-05-30 06:44:58.506125: Pseudo dice [np.float32(0.9646)]
2026-05-30 06:44:58.506251: Epoch time: 31.86 s
2026-05-30 06:44:59.880280: 
2026-05-30 06:44:59.880580: Epoch 923
2026-05-30 06:44:59.880724: Current learning rate: 0.001
2026-05-30 06:45:31.658561: train_loss -0.9049
2026-05-30 06:45:31.658901: val_loss -0.8211
2026-05-30 06:45:31.658991: Pseudo dice [np.float32(0.9458)]
2026-05-30 06:45:31.659114: Epoch time: 31.78 s
2026-05-30 06:45:33.010150: 
2026-05-30 06:45:33.010457: Epoch 924
2026-05-30 06:45:33.010604: Current learning rate: 0.00098
2026-05-30 06:46:04.857393: train_loss -0.9116
2026-05-30 06:46:04.857769: val_loss -0.8777
2026-05-30 06:46:04.857893: Pseudo dice [np.float32(0.9678)]
2026-05-30 06:46:04.858014: Epoch time: 31.85 s
2026-05-30 06:46:06.633791: 
2026-05-30 06:46:06.634061: Epoch 925
2026-05-30 06:46:06.634257: Current learning rate: 0.00097
2026-05-30 06:46:38.493878: train_loss -0.9108
2026-05-30 06:46:38.494208: val_loss -0.8237
2026-05-30 06:46:38.494299: Pseudo dice [np.float32(0.9497)]
2026-05-30 06:46:38.494449: Epoch time: 31.86 s
2026-05-30 06:46:39.839964: 
2026-05-30 06:46:39.840222: Epoch 926
2026-05-30 06:46:39.840373: Current learning rate: 0.00096
2026-05-30 06:47:11.636876: train_loss -0.9103
2026-05-30 06:47:11.637225: val_loss -0.8597
2026-05-30 06:47:11.637318: Pseudo dice [np.float32(0.9592)]
2026-05-30 06:47:11.637450: Epoch time: 31.8 s
2026-05-30 06:47:12.980837: 
2026-05-30 06:47:12.981145: Epoch 927
2026-05-30 06:47:12.981315: Current learning rate: 0.00095
2026-05-30 06:47:44.831458: train_loss -0.9034
2026-05-30 06:47:44.831694: val_loss -0.8828
2026-05-30 06:47:44.831776: Pseudo dice [np.float32(0.9695)]
2026-05-30 06:47:44.831908: Epoch time: 31.85 s
2026-05-30 06:47:46.195902: 
2026-05-30 06:47:46.196188: Epoch 928
2026-05-30 06:47:46.196343: Current learning rate: 0.00094
2026-05-30 06:48:17.998350: train_loss -0.9162
2026-05-30 06:48:17.998738: val_loss -0.8767
2026-05-30 06:48:17.998852: Pseudo dice [np.float32(0.966)]
2026-05-30 06:48:17.998961: Epoch time: 31.8 s
2026-05-30 06:48:19.356398: 
2026-05-30 06:48:19.356647: Epoch 929
2026-05-30 06:48:19.356805: Current learning rate: 0.00092
2026-05-30 06:48:51.138310: train_loss -0.9129
2026-05-30 06:48:51.138702: val_loss -0.8686
2026-05-30 06:48:51.138791: Pseudo dice [np.float32(0.9617)]
2026-05-30 06:48:51.138905: Epoch time: 31.78 s
2026-05-30 06:48:52.492093: 
2026-05-30 06:48:52.492393: Epoch 930
2026-05-30 06:48:52.492516: Current learning rate: 0.00091
2026-05-30 06:49:24.314476: train_loss -0.8964
2026-05-30 06:49:24.314889: val_loss -0.8249
2026-05-30 06:49:24.314997: Pseudo dice [np.float32(0.9496)]
2026-05-30 06:49:24.315146: Epoch time: 31.82 s
2026-05-30 06:49:25.667171: 
2026-05-30 06:49:25.667464: Epoch 931
2026-05-30 06:49:25.667622: Current learning rate: 0.0009
2026-05-30 06:49:57.489548: train_loss -0.9109
2026-05-30 06:49:57.489848: val_loss -0.8826
2026-05-30 06:49:57.490306: Pseudo dice [np.float32(0.9665)]
2026-05-30 06:49:57.490480: Epoch time: 31.82 s
2026-05-30 06:49:58.855180: 
2026-05-30 06:49:58.855462: Epoch 932
2026-05-30 06:49:58.855627: Current learning rate: 0.00089
2026-05-30 06:50:30.655742: train_loss -0.8951
2026-05-30 06:50:30.656141: val_loss -0.8739
2026-05-30 06:50:30.656275: Pseudo dice [np.float32(0.9672)]
2026-05-30 06:50:30.656397: Epoch time: 31.8 s
2026-05-30 06:50:31.991846: 
2026-05-30 06:50:31.992129: Epoch 933
2026-05-30 06:50:31.992248: Current learning rate: 0.00088
2026-05-30 06:51:03.805690: train_loss -0.9116
2026-05-30 06:51:03.805985: val_loss -0.8801
2026-05-30 06:51:03.806071: Pseudo dice [np.float32(0.9676)]
2026-05-30 06:51:03.806201: Epoch time: 31.82 s
2026-05-30 06:51:05.167671: 
2026-05-30 06:51:05.167899: Epoch 934
2026-05-30 06:51:05.168052: Current learning rate: 0.00087
2026-05-30 06:51:36.978416: train_loss -0.9112
2026-05-30 06:51:36.978798: val_loss -0.8544
2026-05-30 06:51:36.978924: Pseudo dice [np.float32(0.9589)]
2026-05-30 06:51:36.979052: Epoch time: 31.81 s
2026-05-30 06:51:38.331992: 
2026-05-30 06:51:38.332276: Epoch 935
2026-05-30 06:51:38.332400: Current learning rate: 0.00085
2026-05-30 06:52:10.131164: train_loss -0.9114
2026-05-30 06:52:10.131466: val_loss -0.8441
2026-05-30 06:52:10.131563: Pseudo dice [np.float32(0.9596)]
2026-05-30 06:52:10.131677: Epoch time: 31.8 s
2026-05-30 06:52:11.518839: 
2026-05-30 06:52:11.519149: Epoch 936
2026-05-30 06:52:11.519322: Current learning rate: 0.00084
2026-05-30 06:52:43.368039: train_loss -0.9006
2026-05-30 06:52:43.368495: val_loss -0.835
2026-05-30 06:52:43.368612: Pseudo dice [np.float32(0.9598)]
2026-05-30 06:52:43.368758: Epoch time: 31.85 s
2026-05-30 06:52:44.736650: 
2026-05-30 06:52:44.736973: Epoch 937
2026-05-30 06:52:44.737135: Current learning rate: 0.00083
2026-05-30 06:53:16.993062: train_loss -0.9086
2026-05-30 06:53:16.993409: val_loss -0.8943
2026-05-30 06:53:16.993505: Pseudo dice [np.float32(0.9702)]
2026-05-30 06:53:16.993624: Epoch time: 32.26 s
2026-05-30 06:53:18.334711: 
2026-05-30 06:53:18.335007: Epoch 938
2026-05-30 06:53:18.335130: Current learning rate: 0.00082
2026-05-30 06:53:50.127202: train_loss -0.9118
2026-05-30 06:53:50.127547: val_loss -0.8941
2026-05-30 06:53:50.127652: Pseudo dice [np.float32(0.97)]
2026-05-30 06:53:50.127790: Epoch time: 31.79 s
2026-05-30 06:53:51.491939: 
2026-05-30 06:53:51.492226: Epoch 939
2026-05-30 06:53:51.492367: Current learning rate: 0.00081
2026-05-30 06:54:23.259684: train_loss -0.8912
2026-05-30 06:54:23.260089: val_loss -0.9001
2026-05-30 06:54:23.260180: Pseudo dice [np.float32(0.9749)]
2026-05-30 06:54:23.260298: Epoch time: 31.77 s
2026-05-30 06:54:23.260417: Yayy! New best EMA pseudo Dice: 0.9641000032424927
2026-05-30 06:54:26.280550: 
2026-05-30 06:54:26.280879: Epoch 940
2026-05-30 06:54:26.281025: Current learning rate: 0.00079
2026-05-30 06:54:58.076873: train_loss -0.8989
2026-05-30 06:54:58.077201: val_loss -0.8732
2026-05-30 06:54:58.077302: Pseudo dice [np.float32(0.9622)]
2026-05-30 06:54:58.077517: Epoch time: 31.8 s
2026-05-30 06:54:59.419382: 
2026-05-30 06:54:59.419662: Epoch 941
2026-05-30 06:54:59.419780: Current learning rate: 0.00078
2026-05-30 06:55:31.205464: train_loss -0.9052
2026-05-30 06:55:31.205794: val_loss -0.8352
2026-05-30 06:55:31.205884: Pseudo dice [np.float32(0.9575)]
2026-05-30 06:55:31.206013: Epoch time: 31.79 s
2026-05-30 06:55:32.568561: 
2026-05-30 06:55:32.568850: Epoch 942
2026-05-30 06:55:32.568992: Current learning rate: 0.00077
2026-05-30 06:56:04.351420: train_loss -0.9081
2026-05-30 06:56:04.351745: val_loss -0.8718
2026-05-30 06:56:04.351827: Pseudo dice [np.float32(0.9675)]
2026-05-30 06:56:04.351934: Epoch time: 31.78 s
2026-05-30 06:56:05.681469: 
2026-05-30 06:56:05.681775: Epoch 943
2026-05-30 06:56:05.681924: Current learning rate: 0.00076
2026-05-30 06:56:37.478025: train_loss -0.9082
2026-05-30 06:56:37.478457: val_loss -0.8808
2026-05-30 06:56:37.478548: Pseudo dice [np.float32(0.9637)]
2026-05-30 06:56:37.478699: Epoch time: 31.8 s
2026-05-30 06:56:38.833517: 
2026-05-30 06:56:38.833847: Epoch 944
2026-05-30 06:56:38.834051: Current learning rate: 0.00075
2026-05-30 06:57:10.596598: train_loss -0.9225
2026-05-30 06:57:10.597039: val_loss -0.9048
2026-05-30 06:57:10.597134: Pseudo dice [np.float32(0.9738)]
2026-05-30 06:57:10.597256: Epoch time: 31.77 s
2026-05-30 06:57:10.597382: Yayy! New best EMA pseudo Dice: 0.9646999835968018
2026-05-30 06:57:13.682856: 
2026-05-30 06:57:13.683168: Epoch 945
2026-05-30 06:57:13.683316: Current learning rate: 0.00074
2026-05-30 06:57:45.532228: train_loss -0.9141
2026-05-30 06:57:45.532490: val_loss -0.8936
2026-05-30 06:57:45.532645: Pseudo dice [np.float32(0.9695)]
2026-05-30 06:57:45.532801: Epoch time: 31.85 s
2026-05-30 06:57:45.533015: Yayy! New best EMA pseudo Dice: 0.9652000069618225
2026-05-30 06:57:48.601945: 
2026-05-30 06:57:48.602239: Epoch 946
2026-05-30 06:57:48.602401: Current learning rate: 0.00072
2026-05-30 06:58:20.447786: train_loss -0.9144
2026-05-30 06:58:20.448083: val_loss -0.7951
2026-05-30 06:58:20.448179: Pseudo dice [np.float32(0.9484)]
2026-05-30 06:58:20.448304: Epoch time: 31.85 s
2026-05-30 06:58:21.786064: 
2026-05-30 06:58:21.786342: Epoch 947
2026-05-30 06:58:21.786464: Current learning rate: 0.00071
2026-05-30 06:58:53.669374: train_loss -0.9183
2026-05-30 06:58:53.669689: val_loss -0.9026
2026-05-30 06:58:53.669780: Pseudo dice [np.float32(0.9697)]
2026-05-30 06:58:53.669903: Epoch time: 31.89 s
2026-05-30 06:58:55.015705: 
2026-05-30 06:58:55.015993: Epoch 948
2026-05-30 06:58:55.016115: Current learning rate: 0.0007
2026-05-30 06:59:26.815607: train_loss -0.9161
2026-05-30 06:59:26.815918: val_loss -0.8617
2026-05-30 06:59:26.816013: Pseudo dice [np.float32(0.9657)]
2026-05-30 06:59:26.816136: Epoch time: 31.8 s
2026-05-30 06:59:28.598687: 
2026-05-30 06:59:28.599004: Epoch 949
2026-05-30 06:59:28.599135: Current learning rate: 0.00069
2026-05-30 07:00:00.418442: train_loss -0.9163
2026-05-30 07:00:00.418683: val_loss -0.9108
2026-05-30 07:00:00.418767: Pseudo dice [np.float32(0.9734)]
2026-05-30 07:00:00.418877: Epoch time: 31.82 s
2026-05-30 07:00:02.064221: Yayy! New best EMA pseudo Dice: 0.9652000069618225
2026-05-30 07:00:05.156906: 
2026-05-30 07:00:05.157264: Epoch 950
2026-05-30 07:00:05.157417: Current learning rate: 0.00067
2026-05-30 07:00:37.032205: train_loss -0.92
2026-05-30 07:00:37.032834: val_loss -0.9159
2026-05-30 07:00:37.033067: Pseudo dice [np.float32(0.9774)]
2026-05-30 07:00:37.033320: Epoch time: 31.88 s
2026-05-30 07:00:37.033526: Yayy! New best EMA pseudo Dice: 0.9664000272750854
2026-05-30 07:00:40.113096: 
2026-05-30 07:00:40.113378: Epoch 951
2026-05-30 07:00:40.113510: Current learning rate: 0.00066
2026-05-30 07:01:11.919094: train_loss -0.9109
2026-05-30 07:01:11.919328: val_loss -0.8814
2026-05-30 07:01:11.919411: Pseudo dice [np.float32(0.9611)]
2026-05-30 07:01:11.919517: Epoch time: 31.81 s
2026-05-30 07:01:13.541322: 
2026-05-30 07:01:13.541655: Epoch 952
2026-05-30 07:01:13.541776: Current learning rate: 0.00065
2026-05-30 07:01:45.340583: train_loss -0.9072
2026-05-30 07:01:45.340912: val_loss -0.8723
2026-05-30 07:01:45.341037: Pseudo dice [np.float32(0.961)]
2026-05-30 07:01:45.341165: Epoch time: 31.8 s
2026-05-30 07:01:46.703285: 
2026-05-30 07:01:46.703609: Epoch 953
2026-05-30 07:01:46.703757: Current learning rate: 0.00064
2026-05-30 07:02:18.517583: train_loss -0.9064
2026-05-30 07:02:18.517862: val_loss -0.9047
2026-05-30 07:02:18.517950: Pseudo dice [np.float32(0.9719)]
2026-05-30 07:02:18.518099: Epoch time: 31.82 s
2026-05-30 07:02:19.881399: 
2026-05-30 07:02:19.881707: Epoch 954
2026-05-30 07:02:19.881868: Current learning rate: 0.00063
2026-05-30 07:02:51.704463: train_loss -0.9126
2026-05-30 07:02:51.704814: val_loss -0.873
2026-05-30 07:02:51.705005: Pseudo dice [np.float32(0.9639)]
2026-05-30 07:02:51.705132: Epoch time: 31.83 s
2026-05-30 07:02:53.090210: 
2026-05-30 07:02:53.090518: Epoch 955
2026-05-30 07:02:53.090667: Current learning rate: 0.00061
2026-05-30 07:03:24.923149: train_loss -0.9144
2026-05-30 07:03:24.924031: val_loss -0.8237
2026-05-30 07:03:24.924203: Pseudo dice [np.float32(0.9535)]
2026-05-30 07:03:24.924326: Epoch time: 31.84 s
2026-05-30 07:03:26.317490: 
2026-05-30 07:03:26.317802: Epoch 956
2026-05-30 07:03:26.317954: Current learning rate: 0.0006
2026-05-30 07:03:58.146767: train_loss -0.908
2026-05-30 07:03:58.147047: val_loss -0.8746
2026-05-30 07:03:58.147154: Pseudo dice [np.float32(0.9623)]
2026-05-30 07:03:58.147276: Epoch time: 31.83 s
2026-05-30 07:03:59.510037: 
2026-05-30 07:03:59.510307: Epoch 957
2026-05-30 07:03:59.510428: Current learning rate: 0.00059
2026-05-30 07:04:31.315766: train_loss -0.8937
2026-05-30 07:04:31.316064: val_loss -0.8596
2026-05-30 07:04:31.316157: Pseudo dice [np.float32(0.9596)]
2026-05-30 07:04:31.316270: Epoch time: 31.81 s
2026-05-30 07:04:32.664510: 
2026-05-30 07:04:32.664762: Epoch 958
2026-05-30 07:04:32.664906: Current learning rate: 0.00058
2026-05-30 07:05:04.473579: train_loss -0.9156
2026-05-30 07:05:04.473804: val_loss -0.8333
2026-05-30 07:05:04.473898: Pseudo dice [np.float32(0.9503)]
2026-05-30 07:05:04.474004: Epoch time: 31.81 s
2026-05-30 07:05:05.854719: 
2026-05-30 07:05:05.855010: Epoch 959
2026-05-30 07:05:05.855143: Current learning rate: 0.00056
2026-05-30 07:05:37.694604: train_loss -0.9109
2026-05-30 07:05:37.694921: val_loss -0.9288
2026-05-30 07:05:37.695026: Pseudo dice [np.float32(0.9789)]
2026-05-30 07:05:37.695192: Epoch time: 31.84 s
2026-05-30 07:05:39.464409: 
2026-05-30 07:05:39.464731: Epoch 960
2026-05-30 07:05:39.464865: Current learning rate: 0.00055
2026-05-30 07:06:11.290583: train_loss -0.9101
2026-05-30 07:06:11.290860: val_loss -0.8136
2026-05-30 07:06:11.290947: Pseudo dice [np.float32(0.948)]
2026-05-30 07:06:11.291052: Epoch time: 31.83 s
2026-05-30 07:06:12.631176: 
2026-05-30 07:06:12.631506: Epoch 961
2026-05-30 07:06:12.631783: Current learning rate: 0.00054
2026-05-30 07:06:44.418512: train_loss -0.9177
2026-05-30 07:06:44.418744: val_loss -0.9231
2026-05-30 07:06:44.418826: Pseudo dice [np.float32(0.9789)]
2026-05-30 07:06:44.418936: Epoch time: 31.79 s
2026-05-30 07:06:45.806499: 
2026-05-30 07:06:45.806817: Epoch 962
2026-05-30 07:06:45.806939: Current learning rate: 0.00053
2026-05-30 07:07:17.596903: train_loss -0.9212
2026-05-30 07:07:17.597224: val_loss -0.8607
2026-05-30 07:07:17.597321: Pseudo dice [np.float32(0.9641)]
2026-05-30 07:07:17.597466: Epoch time: 31.79 s
2026-05-30 07:07:18.974908: 
2026-05-30 07:07:18.975189: Epoch 963
2026-05-30 07:07:18.975341: Current learning rate: 0.00051
2026-05-30 07:07:50.758308: train_loss -0.9009
2026-05-30 07:07:50.758618: val_loss -0.8675
2026-05-30 07:07:50.758756: Pseudo dice [np.float32(0.9657)]
2026-05-30 07:07:50.758875: Epoch time: 31.79 s
2026-05-30 07:07:52.076792: 
2026-05-30 07:07:52.077097: Epoch 964
2026-05-30 07:07:52.077236: Current learning rate: 0.0005
2026-05-30 07:08:23.891331: train_loss -0.9167
2026-05-30 07:08:23.891560: val_loss -0.9198
2026-05-30 07:08:23.891655: Pseudo dice [np.float32(0.9775)]
2026-05-30 07:08:23.891775: Epoch time: 31.82 s
2026-05-30 07:08:25.252515: 
2026-05-30 07:08:25.252776: Epoch 965
2026-05-30 07:08:25.252901: Current learning rate: 0.00049
2026-05-30 07:08:57.064346: train_loss -0.9175
2026-05-30 07:08:57.064690: val_loss -0.8953
2026-05-30 07:08:57.064789: Pseudo dice [np.float32(0.9683)]
2026-05-30 07:08:57.064907: Epoch time: 31.81 s
2026-05-30 07:08:58.439108: 
2026-05-30 07:08:58.439367: Epoch 966
2026-05-30 07:08:58.439488: Current learning rate: 0.00048
2026-05-30 07:09:30.220708: train_loss -0.923
2026-05-30 07:09:30.221024: val_loss -0.9061
2026-05-30 07:09:30.221121: Pseudo dice [np.float32(0.9746)]
2026-05-30 07:09:30.221241: Epoch time: 31.78 s
2026-05-30 07:09:30.221437: Yayy! New best EMA pseudo Dice: 0.9667999744415283
2026-05-30 07:09:33.378752: 
2026-05-30 07:09:33.379027: Epoch 967
2026-05-30 07:09:33.379160: Current learning rate: 0.00046
2026-05-30 07:10:05.188365: train_loss -0.9085
2026-05-30 07:10:05.188789: val_loss -0.8461
2026-05-30 07:10:05.188895: Pseudo dice [np.float32(0.9607)]
2026-05-30 07:10:05.189052: Epoch time: 31.81 s
2026-05-30 07:10:06.562657: 
2026-05-30 07:10:06.562940: Epoch 968
2026-05-30 07:10:06.563083: Current learning rate: 0.00045
2026-05-30 07:10:38.319776: train_loss -0.9147
2026-05-30 07:10:38.320168: val_loss -0.8439
2026-05-30 07:10:38.320284: Pseudo dice [np.float32(0.9634)]
2026-05-30 07:10:38.320423: Epoch time: 31.76 s
2026-05-30 07:10:39.685609: 
2026-05-30 07:10:39.685924: Epoch 969
2026-05-30 07:10:39.686060: Current learning rate: 0.00044
2026-05-30 07:11:11.477095: train_loss -0.9224
2026-05-30 07:11:11.477418: val_loss -0.8918
2026-05-30 07:11:11.477528: Pseudo dice [np.float32(0.9687)]
2026-05-30 07:11:11.477648: Epoch time: 31.79 s
2026-05-30 07:11:12.853600: 
2026-05-30 07:11:12.853875: Epoch 970
2026-05-30 07:11:12.854079: Current learning rate: 0.00043
2026-05-30 07:11:44.647007: train_loss -0.9096
2026-05-30 07:11:44.647276: val_loss -0.8852
2026-05-30 07:11:44.647359: Pseudo dice [np.float32(0.9696)]
2026-05-30 07:11:44.647485: Epoch time: 31.8 s
2026-05-30 07:11:46.034961: 
2026-05-30 07:11:46.035284: Epoch 971
2026-05-30 07:11:46.035419: Current learning rate: 0.00041
2026-05-30 07:12:17.889248: train_loss -0.9239
2026-05-30 07:12:17.889581: val_loss -0.8055
2026-05-30 07:12:17.889685: Pseudo dice [np.float32(0.9396)]
2026-05-30 07:12:17.889836: Epoch time: 31.86 s
2026-05-30 07:12:19.662688: 
2026-05-30 07:12:19.663002: Epoch 972
2026-05-30 07:12:19.663122: Current learning rate: 0.0004
2026-05-30 07:12:51.443865: train_loss -0.9239
2026-05-30 07:12:51.444098: val_loss -0.8737
2026-05-30 07:12:51.444240: Pseudo dice [np.float32(0.9592)]
2026-05-30 07:12:51.444360: Epoch time: 31.78 s
2026-05-30 07:12:52.890645: 
2026-05-30 07:12:52.890964: Epoch 973
2026-05-30 07:12:52.891130: Current learning rate: 0.00039
2026-05-30 07:13:24.700675: train_loss -0.9181
2026-05-30 07:13:24.701025: val_loss -0.8363
2026-05-30 07:13:24.701118: Pseudo dice [np.float32(0.96)]
2026-05-30 07:13:24.701236: Epoch time: 31.81 s
2026-05-30 07:13:26.083496: 
2026-05-30 07:13:26.083796: Epoch 974
2026-05-30 07:13:26.083962: Current learning rate: 0.00037
2026-05-30 07:13:57.891481: train_loss -0.9211
2026-05-30 07:13:57.891769: val_loss -0.8299
2026-05-30 07:13:57.891891: Pseudo dice [np.float32(0.965)]
2026-05-30 07:13:57.892031: Epoch time: 31.81 s
2026-05-30 07:13:59.268955: 
2026-05-30 07:13:59.269261: Epoch 975
2026-05-30 07:13:59.269407: Current learning rate: 0.00036
2026-05-30 07:14:31.070965: train_loss -0.9168
2026-05-30 07:14:31.071333: val_loss -0.8614
2026-05-30 07:14:31.071456: Pseudo dice [np.float32(0.9604)]
2026-05-30 07:14:31.071582: Epoch time: 31.8 s
2026-05-30 07:14:32.440538: 
2026-05-30 07:14:32.440786: Epoch 976
2026-05-30 07:14:32.440937: Current learning rate: 0.00035
2026-05-30 07:15:04.275032: train_loss -0.9047
2026-05-30 07:15:04.275408: val_loss -0.8936
2026-05-30 07:15:04.275529: Pseudo dice [np.float32(0.9714)]
2026-05-30 07:15:04.275671: Epoch time: 31.84 s
2026-05-30 07:15:05.641926: 
2026-05-30 07:15:05.642198: Epoch 977
2026-05-30 07:15:05.642371: Current learning rate: 0.00034
2026-05-30 07:15:37.450720: train_loss -0.9296
2026-05-30 07:15:37.451061: val_loss -0.8638
2026-05-30 07:15:37.451174: Pseudo dice [np.float32(0.9636)]
2026-05-30 07:15:37.451369: Epoch time: 31.81 s
2026-05-30 07:15:38.856809: 
2026-05-30 07:15:38.857133: Epoch 978
2026-05-30 07:15:38.857264: Current learning rate: 0.00032
2026-05-30 07:16:10.650702: train_loss -0.92
2026-05-30 07:16:10.651103: val_loss -0.8974
2026-05-30 07:16:10.651215: Pseudo dice [np.float32(0.9674)]
2026-05-30 07:16:10.651337: Epoch time: 31.8 s
2026-05-30 07:16:12.082682: 
2026-05-30 07:16:12.082950: Epoch 979
2026-05-30 07:16:12.083071: Current learning rate: 0.00031
2026-05-30 07:16:43.907123: train_loss -0.9161
2026-05-30 07:16:43.907452: val_loss -0.8774
2026-05-30 07:16:43.907553: Pseudo dice [np.float32(0.9697)]
2026-05-30 07:16:43.907683: Epoch time: 31.83 s
2026-05-30 07:16:45.280424: 
2026-05-30 07:16:45.280733: Epoch 980
2026-05-30 07:16:45.280866: Current learning rate: 0.0003
2026-05-30 07:17:17.052281: train_loss -0.915
2026-05-30 07:17:17.052657: val_loss -0.9216
2026-05-30 07:17:17.052741: Pseudo dice [np.float32(0.9766)]
2026-05-30 07:17:17.052847: Epoch time: 31.77 s
2026-05-30 07:17:18.413358: 
2026-05-30 07:17:18.413627: Epoch 981
2026-05-30 07:17:18.413810: Current learning rate: 0.00028
2026-05-30 07:17:50.229089: train_loss -0.9292
2026-05-30 07:17:50.229384: val_loss -0.8336
2026-05-30 07:17:50.229469: Pseudo dice [np.float32(0.9562)]
2026-05-30 07:17:50.229581: Epoch time: 31.82 s
2026-05-30 07:17:51.605847: 
2026-05-30 07:17:51.606133: Epoch 982
2026-05-30 07:17:51.606256: Current learning rate: 0.00027
2026-05-30 07:18:23.374815: train_loss -0.9248
2026-05-30 07:18:23.375080: val_loss -0.8931
2026-05-30 07:18:23.375188: Pseudo dice [np.float32(0.9688)]
2026-05-30 07:18:23.375335: Epoch time: 31.77 s
2026-05-30 07:18:25.147960: 
2026-05-30 07:18:25.148259: Epoch 983
2026-05-30 07:18:25.148436: Current learning rate: 0.00026
2026-05-30 07:18:56.995988: train_loss -0.9085
2026-05-30 07:18:56.996302: val_loss -0.8566
2026-05-30 07:18:56.996394: Pseudo dice [np.float32(0.9662)]
2026-05-30 07:18:56.996512: Epoch time: 31.85 s
2026-05-30 07:18:58.370903: 
2026-05-30 07:18:58.371208: Epoch 984
2026-05-30 07:18:58.371357: Current learning rate: 0.00024
2026-05-30 07:19:30.175176: train_loss -0.9195
2026-05-30 07:19:30.175528: val_loss -0.9075
2026-05-30 07:19:30.175630: Pseudo dice [np.float32(0.9745)]
2026-05-30 07:19:30.175756: Epoch time: 31.81 s
2026-05-30 07:19:31.555964: 
2026-05-30 07:19:31.556260: Epoch 985
2026-05-30 07:19:31.556401: Current learning rate: 0.00023
2026-05-30 07:20:03.399821: train_loss -0.9232
2026-05-30 07:20:03.400202: val_loss -0.8545
2026-05-30 07:20:03.400296: Pseudo dice [np.float32(0.9628)]
2026-05-30 07:20:03.400410: Epoch time: 31.85 s
2026-05-30 07:20:04.788633: 
2026-05-30 07:20:04.788941: Epoch 986
2026-05-30 07:20:04.789088: Current learning rate: 0.00021
2026-05-30 07:20:36.563601: train_loss -0.9217
2026-05-30 07:20:36.563976: val_loss -0.8516
2026-05-30 07:20:36.564086: Pseudo dice [np.float32(0.9628)]
2026-05-30 07:20:36.564217: Epoch time: 31.78 s
2026-05-30 07:20:37.963437: 
2026-05-30 07:20:37.963722: Epoch 987
2026-05-30 07:20:37.963864: Current learning rate: 0.0002
2026-05-30 07:21:09.705807: train_loss -0.9189
2026-05-30 07:21:09.706117: val_loss -0.8647
2026-05-30 07:21:09.706216: Pseudo dice [np.float32(0.9648)]
2026-05-30 07:21:09.706388: Epoch time: 31.74 s
2026-05-30 07:21:11.074992: 
2026-05-30 07:21:11.075291: Epoch 988
2026-05-30 07:21:11.075451: Current learning rate: 0.00019
2026-05-30 07:21:42.843760: train_loss -0.9321
2026-05-30 07:21:42.844127: val_loss -0.8418
2026-05-30 07:21:42.844217: Pseudo dice [np.float32(0.957)]
2026-05-30 07:21:42.844331: Epoch time: 31.77 s
2026-05-30 07:21:44.199040: 
2026-05-30 07:21:44.199344: Epoch 989
2026-05-30 07:21:44.199493: Current learning rate: 0.00017
2026-05-30 07:22:16.001341: train_loss -0.9206
2026-05-30 07:22:16.001657: val_loss -0.822
2026-05-30 07:22:16.001743: Pseudo dice [np.float32(0.955)]
2026-05-30 07:22:16.001851: Epoch time: 31.8 s
2026-05-30 07:22:17.347501: 
2026-05-30 07:22:17.347783: Epoch 990
2026-05-30 07:22:17.347967: Current learning rate: 0.00016
2026-05-30 07:22:49.174704: train_loss -0.9154
2026-05-30 07:22:49.174995: val_loss -0.8784
2026-05-30 07:22:49.175093: Pseudo dice [np.float32(0.9691)]
2026-05-30 07:22:49.175235: Epoch time: 31.83 s
2026-05-30 07:22:50.507931: 
2026-05-30 07:22:50.508196: Epoch 991
2026-05-30 07:22:50.508377: Current learning rate: 0.00014
2026-05-30 07:23:22.388629: train_loss -0.9132
2026-05-30 07:23:22.388921: val_loss -0.8721
2026-05-30 07:23:22.389034: Pseudo dice [np.float32(0.9666)]
2026-05-30 07:23:22.389162: Epoch time: 31.88 s
2026-05-30 07:23:23.876172: 
2026-05-30 07:23:23.876470: Epoch 992
2026-05-30 07:23:23.876605: Current learning rate: 0.00013
2026-05-30 07:23:56.018995: train_loss -0.912
2026-05-30 07:23:56.019356: val_loss -0.9155
2026-05-30 07:23:56.019465: Pseudo dice [np.float32(0.9755)]
2026-05-30 07:23:56.019598: Epoch time: 32.14 s
2026-05-30 07:23:57.467043: 
2026-05-30 07:23:57.467320: Epoch 993
2026-05-30 07:23:57.467478: Current learning rate: 0.00011
2026-05-30 07:24:29.693283: train_loss -0.9243
2026-05-30 07:24:29.693605: val_loss -0.873
2026-05-30 07:24:29.693697: Pseudo dice [np.float32(0.9683)]
2026-05-30 07:24:29.693825: Epoch time: 32.23 s
2026-05-30 07:24:31.187064: 
2026-05-30 07:24:31.187309: Epoch 994
2026-05-30 07:24:31.187459: Current learning rate: 0.0001
2026-05-30 07:25:03.351816: train_loss -0.9089
2026-05-30 07:25:03.352142: val_loss -0.8314
2026-05-30 07:25:03.352255: Pseudo dice [np.float32(0.9603)]
2026-05-30 07:25:03.352392: Epoch time: 32.17 s
2026-05-30 07:25:05.249806: 
2026-05-30 07:25:05.250153: Epoch 995
2026-05-30 07:25:05.250293: Current learning rate: 8e-05
2026-05-30 07:25:37.415562: train_loss -0.9225
2026-05-30 07:25:37.415979: val_loss -0.8818
2026-05-30 07:25:37.416111: Pseudo dice [np.float32(0.9724)]
2026-05-30 07:25:37.416237: Epoch time: 32.17 s
2026-05-30 07:25:38.851961: 
2026-05-30 07:25:38.852241: Epoch 996
2026-05-30 07:25:38.852367: Current learning rate: 7e-05
2026-05-30 07:26:10.719157: train_loss -0.9232
2026-05-30 07:26:10.719518: val_loss -0.8315
2026-05-30 07:26:10.719637: Pseudo dice [np.float32(0.9515)]
2026-05-30 07:26:10.719761: Epoch time: 31.87 s
2026-05-30 07:26:12.111553: 
2026-05-30 07:26:12.111848: Epoch 997
2026-05-30 07:26:12.111993: Current learning rate: 5e-05
2026-05-30 07:26:43.956825: train_loss -0.9134
2026-05-30 07:26:43.957088: val_loss -0.8767
2026-05-30 07:26:43.957180: Pseudo dice [np.float32(0.9645)]
2026-05-30 07:26:43.957449: Epoch time: 31.85 s
2026-05-30 07:26:45.319115: 
2026-05-30 07:26:45.319405: Epoch 998
2026-05-30 07:26:45.319556: Current learning rate: 4e-05
2026-05-30 07:27:17.128527: train_loss -0.9223
2026-05-30 07:27:17.128768: val_loss -0.8832
2026-05-30 07:27:17.128853: Pseudo dice [np.float32(0.9665)]
2026-05-30 07:27:17.128965: Epoch time: 31.81 s
2026-05-30 07:27:18.491099: 
2026-05-30 07:27:18.491346: Epoch 999
2026-05-30 07:27:18.491466: Current learning rate: 2e-05
2026-05-30 07:27:50.310591: train_loss -0.9234
2026-05-30 07:27:50.310919: val_loss -0.8849
2026-05-30 07:27:50.311086: Pseudo dice [np.float32(0.968)]
2026-05-30 07:27:50.311234: Epoch time: 31.82 s
2026-05-30 07:27:52.426751: Training done.
2026-05-30 07:27:52.442396: Using splits from existing split file: /home/yons/clw/nnUNet/nnUNet_preprocessed/Dataset101_ChaHu/splits_final.json
2026-05-30 07:27:52.442822: The split file contains 5 splits.
2026-05-30 07:27:52.442890: Desired fold for training: 1
2026-05-30 07:27:52.442945: This split has 248 training and 62 validation cases.
2026-05-30 07:27:52.443395: predicting ChaHu_009
2026-05-30 07:27:52.505625: ChaHu_009, shape torch.Size([1, 1, 3968, 2976]), rank 0
2026-05-30 07:28:25.651415: predicting ChaHu_014
2026-05-30 07:28:25.723775: ChaHu_014, shape torch.Size([1, 1, 3968, 2976]), rank 0
2026-05-30 07:28:27.592512: predicting ChaHu_015
2026-05-30 07:28:27.640578: ChaHu_015, shape torch.Size([1, 1, 2976, 3968]), rank 0
2026-05-30 07:28:29.380661: predicting ChaHu_017
2026-05-30 07:28:29.416828: ChaHu_017, shape torch.Size([1, 1, 2315, 2869]), rank 0
2026-05-30 07:28:30.354630: predicting ChaHu_022
2026-05-30 07:28:30.402563: ChaHu_022, shape torch.Size([1, 1, 3968, 2976]), rank 0
2026-05-30 07:28:32.260001: predicting ChaHu_027
2026-05-30 07:28:32.280439: ChaHu_027, shape torch.Size([1, 1, 1935, 2725]), rank 0
2026-05-30 07:28:33.217106: predicting ChaHu_038
2026-05-30 07:28:33.268303: ChaHu_038, shape torch.Size([1, 1, 4096, 3072]), rank 0
2026-05-30 07:28:35.126310: predicting ChaHu_039
2026-05-30 07:28:35.149937: ChaHu_039, shape torch.Size([1, 1, 1908, 2629]), rank 0
2026-05-30 07:28:35.781644: predicting ChaHu_042
2026-05-30 07:28:35.827923: ChaHu_042, shape torch.Size([1, 1, 3968, 2976]), rank 0
2026-05-30 07:28:37.697983: predicting ChaHu_044
2026-05-30 07:28:37.765812: ChaHu_044, shape torch.Size([1, 1, 3968, 2976]), rank 0
2026-05-30 07:28:39.630474: predicting ChaHu_048
2026-05-30 07:28:39.655406: ChaHu_048, shape torch.Size([1, 1, 2363, 1940]), rank 0
2026-05-30 07:28:40.228341: predicting ChaHu_053
2026-05-30 07:28:40.247569: ChaHu_053, shape torch.Size([1, 1, 2114, 2074]), rank 0
2026-05-30 07:28:41.000125: predicting ChaHu_067
2026-05-30 07:28:41.033525: ChaHu_067, shape torch.Size([1, 1, 3208, 2470]), rank 0
2026-05-30 07:28:42.283360: predicting ChaHu_070
2026-05-30 07:28:42.326557: ChaHu_070, shape torch.Size([1, 1, 3822, 2944]), rank 0
2026-05-30 07:28:43.887735: predicting ChaHu_075
2026-05-30 07:28:43.932160: ChaHu_075, shape torch.Size([1, 1, 3968, 2976]), rank 0
2026-05-30 07:28:45.801574: predicting ChaHu_085
2026-05-30 07:28:45.846255: ChaHu_085, shape torch.Size([1, 1, 3968, 2976]), rank 0
2026-05-30 07:28:47.716754: predicting ChaHu_087
2026-05-30 07:28:47.757179: ChaHu_087, shape torch.Size([1, 1, 3968, 2976]), rank 0
2026-05-30 07:28:49.626727: predicting ChaHu_089
2026-05-30 07:28:49.670889: ChaHu_089, shape torch.Size([1, 1, 3968, 2976]), rank 0
2026-05-30 07:28:51.540881: predicting ChaHu_097
2026-05-30 07:28:51.586941: ChaHu_097, shape torch.Size([1, 1, 2976, 3968]), rank 0
2026-05-30 07:28:53.333718: predicting ChaHu_103
2026-05-30 07:28:53.358986: ChaHu_103, shape torch.Size([1, 1, 2187, 2019]), rank 0
2026-05-30 07:28:53.930576: predicting ChaHu_106
2026-05-30 07:28:53.964094: ChaHu_106, shape torch.Size([1, 1, 2868, 2952]), rank 0
2026-05-30 07:28:55.214845: predicting ChaHu_120
2026-05-30 07:28:55.233594: ChaHu_120, shape torch.Size([1, 1, 2204, 2034]), rank 0
2026-05-30 07:28:55.804247: predicting ChaHu_128
2026-05-30 07:28:55.845578: ChaHu_128, shape torch.Size([1, 1, 3433, 2808]), rank 0
2026-05-30 07:28:57.414464: predicting ChaHu_132
2026-05-30 07:28:57.460320: ChaHu_132, shape torch.Size([1, 1, 3378, 2587]), rank 0
2026-05-30 07:28:59.021057: predicting ChaHu_134
2026-05-30 07:28:59.046589: ChaHu_134, shape torch.Size([1, 1, 2007, 2079]), rank 0
2026-05-30 07:28:59.801033: predicting ChaHu_147
2026-05-30 07:28:59.828074: ChaHu_147, shape torch.Size([1, 1, 2562, 2338]), rank 0
2026-05-30 07:29:00.832289: predicting ChaHu_152
2026-05-30 07:29:00.875337: ChaHu_152, shape torch.Size([1, 1, 3212, 2645]), rank 0
2026-05-30 07:29:02.434735: predicting ChaHu_157
2026-05-30 07:29:02.468259: ChaHu_157, shape torch.Size([1, 1, 2897, 2939]), rank 0
2026-05-30 07:29:03.723410: predicting ChaHu_159
2026-05-30 07:29:03.759235: ChaHu_159, shape torch.Size([1, 1, 3344, 2322]), rank 0
2026-05-30 07:29:05.013474: predicting ChaHu_160
2026-05-30 07:29:05.060072: ChaHu_160, shape torch.Size([1, 1, 3968, 2976]), rank 0
2026-05-30 07:29:06.930880: predicting ChaHu_161
2026-05-30 07:29:06.969800: ChaHu_161, shape torch.Size([1, 1, 3177, 2976]), rank 0
2026-05-30 07:29:08.227308: predicting ChaHu_162
2026-05-30 07:29:08.249798: ChaHu_162, shape torch.Size([1, 1, 2055, 2553]), rank 0
2026-05-30 07:29:09.006725: predicting ChaHu_170
2026-05-30 07:29:09.035091: ChaHu_170, shape torch.Size([1, 1, 2480, 3072]), rank 0
2026-05-30 07:29:09.976066: predicting ChaHu_175
2026-05-30 07:29:10.008008: ChaHu_175, shape torch.Size([1, 1, 2868, 2638]), rank 0
2026-05-30 07:29:11.260616: predicting ChaHu_176
2026-05-30 07:29:11.311276: ChaHu_176, shape torch.Size([1, 1, 3968, 2976]), rank 0
2026-05-30 07:29:13.205864: predicting ChaHu_179
2026-05-30 07:29:13.230691: ChaHu_179, shape torch.Size([1, 1, 2843, 2216]), rank 0
2026-05-30 07:29:14.238952: predicting ChaHu_181
2026-05-30 07:29:14.285084: ChaHu_181, shape torch.Size([1, 1, 3968, 2976]), rank 0
2026-05-30 07:29:16.180593: predicting ChaHu_182
2026-05-30 07:29:16.217902: ChaHu_182, shape torch.Size([1, 1, 3039, 2671]), rank 0
2026-05-30 07:29:17.486822: predicting ChaHu_183
2026-05-30 07:29:17.551519: ChaHu_183, shape torch.Size([1, 1, 2976, 3968]), rank 0
2026-05-30 07:29:19.303918: predicting ChaHu_193
2026-05-30 07:29:19.338002: ChaHu_193, shape torch.Size([1, 1, 2507, 2356]), rank 0
2026-05-30 07:29:20.102149: predicting ChaHu_215
2026-05-30 07:29:20.127437: ChaHu_215, shape torch.Size([1, 1, 2749, 1982]), rank 0
2026-05-30 07:29:20.883143: predicting ChaHu_219
2026-05-30 07:29:20.933196: ChaHu_219, shape torch.Size([1, 1, 3968, 2976]), rank 0
2026-05-30 07:29:22.826590: predicting ChaHu_225
2026-05-30 07:29:22.855334: ChaHu_225, shape torch.Size([1, 1, 2328, 2956]), rank 0
2026-05-30 07:29:23.804816: predicting ChaHu_228
2026-05-30 07:29:23.852524: ChaHu_228, shape torch.Size([1, 1, 3968, 2976]), rank 0
2026-05-30 07:29:25.748753: predicting ChaHu_236
2026-05-30 07:29:25.798383: ChaHu_236, shape torch.Size([1, 1, 3968, 2976]), rank 0
2026-05-30 07:29:27.699067: predicting ChaHu_241
2026-05-30 07:29:27.752115: ChaHu_241, shape torch.Size([1, 1, 3968, 2976]), rank 0
2026-05-30 07:29:29.650493: predicting ChaHu_242
2026-05-30 07:29:29.701393: ChaHu_242, shape torch.Size([1, 1, 3968, 2976]), rank 0
2026-05-30 07:29:31.598129: predicting ChaHu_246
2026-05-30 07:29:31.633751: ChaHu_246, shape torch.Size([1, 1, 3685, 2696]), rank 0
2026-05-30 07:29:33.222836: predicting ChaHu_250
2026-05-30 07:29:33.251600: ChaHu_250, shape torch.Size([1, 1, 2688, 2547]), rank 0
2026-05-30 07:29:34.261339: predicting ChaHu_256
2026-05-30 07:29:34.302859: ChaHu_256, shape torch.Size([1, 1, 2774, 2621]), rank 0
2026-05-30 07:29:35.555696: predicting ChaHu_262
2026-05-30 07:29:35.594086: ChaHu_262, shape torch.Size([1, 1, 3231, 2721]), rank 0
2026-05-30 07:29:37.173473: predicting ChaHu_276
2026-05-30 07:29:37.226280: ChaHu_276, shape torch.Size([1, 1, 3968, 2976]), rank 0
2026-05-30 07:29:39.130466: predicting ChaHu_277
2026-05-30 07:29:39.168397: ChaHu_277, shape torch.Size([1, 1, 3952, 2552]), rank 0
2026-05-30 07:29:40.698014: predicting ChaHu_278
2026-05-30 07:29:40.745954: ChaHu_278, shape torch.Size([1, 1, 3968, 2976]), rank 0
2026-05-30 07:29:42.644775: predicting ChaHu_279
2026-05-30 07:29:42.695486: ChaHu_279, shape torch.Size([1, 1, 4096, 3072]), rank 0
2026-05-30 07:29:44.595256: predicting ChaHu_284
2026-05-30 07:29:44.629770: ChaHu_284, shape torch.Size([1, 1, 2886, 2816]), rank 0
2026-05-30 07:29:45.886469: predicting ChaHu_289
2026-05-30 07:29:45.959373: ChaHu_289, shape torch.Size([1, 1, 3968, 2976]), rank 0
2026-05-30 07:29:47.834117: predicting ChaHu_292
2026-05-30 07:29:47.906665: ChaHu_292, shape torch.Size([1, 1, 3968, 2976]), rank 0
2026-05-30 07:29:49.780228: predicting ChaHu_295
2026-05-30 07:29:49.811049: ChaHu_295, shape torch.Size([1, 1, 2867, 2516]), rank 0
2026-05-30 07:29:50.817985: predicting ChaHu_297
2026-05-30 07:29:50.854160: ChaHu_297, shape torch.Size([1, 1, 2983, 2716]), rank 0
2026-05-30 07:29:52.111847: predicting ChaHu_300
2026-05-30 07:29:52.222884: ChaHu_300, shape torch.Size([1, 1, 3968, 2976]), rank 0
2026-05-30 07:29:54.112221: predicting ChaHu_305
2026-05-30 07:29:54.185565: ChaHu_305, shape torch.Size([1, 1, 3968, 2976]), rank 0
2026-05-30 07:30:03.499833: Validation complete
2026-05-30 07:30:03.499963: Mean Validation Dice:  0.9360503281863002
